,Variable,Municipality,Time,Value,Anomalies,Trend
0,crop_yield_total,Ale,2005.0,1.0055775540286578,4.854664299363881,Linear
1,crop_yield_total,Ale,2006.0,0.9190178175231424,-5.45767794494796,Linear
2,crop_yield_total,Ale,2007.0,1.039546690973581,5.52485468698662,Linear
3,crop_yield_total,Ale,2008.0,0.9643324682492214,-3.389973889170226,Linear
4,crop_yield_total,Ale,2009.0,0.9637485848478334,-4.694481199289803,Linear
5,crop_yield_total,Ale,2010.0,0.991837523461424,-3.1664057875009326,Linear
6,crop_yield_total,Ale,2011.0,0.973209892013432,-6.1803613154120365,Linear
7,crop_yield_total,Ale,2012.0,1.0141421672435171,-3.4490510855308756,Linear
8,crop_yield_total,Ale,2013.0,1.1492429440193683,8.070474555781312,Linear
9,crop_yield_total,Ale,2014.0,1.1314663550056376,5.1089677148457415,Linear
10,crop_yield_total,Ale,2015.0,1.1883999248819652,9.075568901381246,Linear
11,crop_yield_total,Ale,2016.0,1.131833670084348,2.654155792784723,Linear
12,crop_yield_total,Ale,2017.0,1.2259176374746878,9.886697024965224,Linear
13,crop_yield_total,Ale,2018.0,0.8499847563868758,-24.69144888409895,Linear
14,crop_yield_total,Ale,2019.0,1.2750592219829564,11.678842277680355,Linear
15,crop_yield_total,Ale,2020.0,1.1735438698645833,1.6258076435071667,Linear
16,crop_yield_total,Ale,2021.0,1.0018857977539108,-14.208847309321277,Linear
17,crop_yield_total,Ale,2022.0,1.2602610382701056,6.7231485573048015,Linear
18,crop_yield_total,Alingsås,2005.0,1.0055775540286578,4.854664299363881,Linear
19,crop_yield_total,Alingsås,2006.0,0.9190178175231424,-5.45767794494796,Linear
20,crop_yield_total,Alingsås,2007.0,1.039546690973581,5.52485468698662,Linear
21,crop_yield_total,Alingsås,2008.0,0.9643324682492214,-3.389973889170226,Linear
22,crop_yield_total,Alingsås,2009.0,0.9637485848478334,-4.694481199289803,Linear
23,crop_yield_total,Alingsås,2010.0,0.991837523461424,-3.1664057875009326,Linear
24,crop_yield_total,Alingsås,2011.0,0.973209892013432,-6.1803613154120365,Linear
25,crop_yield_total,Alingsås,2012.0,1.0141421672435171,-3.4490510855308756,Linear
26,crop_yield_total,Alingsås,2013.0,1.1492429440193683,8.070474555781312,Linear
27,crop_yield_total,Alingsås,2014.0,1.1314663550056376,5.1089677148457415,Linear
28,crop_yield_total,Alingsås,2015.0,1.1883999248819652,9.075568901381246,Linear
29,crop_yield_total,Alingsås,2016.0,1.131833670084348,2.654155792784723,Linear
30,crop_yield_total,Alingsås,2017.0,1.2259176374746878,9.886697024965224,Linear
31,crop_yield_total,Alingsås,2018.0,0.8499847563868758,-24.69144888409895,Linear
32,crop_yield_total,Alingsås,2019.0,1.2750592219829564,11.678842277680355,Linear
33,crop_yield_total,Alingsås,2020.0,1.1735438698645833,1.6258076435071667,Linear
34,crop_yield_total,Alingsås,2021.0,1.0018857977539108,-14.208847309321277,Linear
35,crop_yield_total,Alingsås,2022.0,1.2602610382701056,6.7231485573048015,Linear
36,crop_yield_total,Alvesta,2005.0,0.9241027939558316,13.295656079271042,Linear
37,crop_yield_total,Alvesta,2006.0,0.5090195355740915,-38.23359476205604,Linear
38,crop_yield_total,Alvesta,2007.0,0.6282627607964323,-24.537752102687552,Linear
39,crop_yield_total,Alvesta,2008.0,0.8528419139946987,1.4080006768280708,Linear
40,crop_yield_total,Alvesta,2009.0,0.9414080229293872,10.825748018117128,Linear
41,crop_yield_total,Alvesta,2010.0,0.8422435080832097,-1.8246406043347163,Linear
42,crop_yield_total,Alvesta,2011.0,0.9218867529432766,6.411011459858389,Linear
43,crop_yield_total,Alvesta,2012.0,0.99394093781274,13.620067972014619,Linear
44,crop_yield_total,Alvesta,2013.0,1.0114301335155174,14.513405580761868,Linear
45,crop_yield_total,Alvesta,2014.0,0.961436714384744,7.821869000716501,Linear
46,crop_yield_total,Alvesta,2015.0,1.0685233800176586,18.706603577309625,Linear
47,crop_yield_total,Alvesta,2016.0,1.02138481083079,12.414724144673727,Linear
48,crop_yield_total,Alvesta,2017.0,0.927722815230048,1.1655261216516506,Linear
49,crop_yield_total,Alvesta,2018.0,0.8041108595784098,-13.11444125415563,Linear
50,crop_yield_total,Alvesta,2019.0,0.9941882166993494,6.452002824544373,Linear
51,crop_yield_total,Alvesta,2020.0,1.0854010147308906,15.17667627380604,Linear
52,crop_yield_total,Alvesta,2021.0,0.6351669328902887,-33.198502797654584,Linear
53,crop_yield_total,Alvesta,2022.0,0.8513131526625174,-11.254581154621047,Linear
54,crop_yield_total,Aneby,2005.0,0.8231413872334318,-0.8592640667811631,Linear
55,crop_yield_total,Aneby,2006.0,0.5560034534115266,-33.403070646717566,Linear
56,crop_yield_total,Aneby,2007.0,0.849246796689325,1.163268024879047,Linear
57,crop_yield_total,Aneby,2008.0,0.8648468917627017,2.4597838808112797,Linear
58,crop_yield_total,Aneby,2009.0,0.955737662069078,12.61366550576091,Linear
59,crop_yield_total,Aneby,2010.0,0.8288845316508049,-2.860158140336783,Linear
60,crop_yield_total,Aneby,2011.0,0.8901894713650824,3.7646463757669086,Linear
61,crop_yield_total,Aneby,2012.0,0.8492997598594791,-1.5299722756819134,Linear
62,crop_yield_total,Aneby,2013.0,1.0676717642114328,23.131533216685725,Linear
63,crop_yield_total,Aneby,2014.0,0.9392187438779384,7.7454625369339585,Linear
64,crop_yield_total,Aneby,2015.0,1.0561296846674046,20.52088336744726,Linear
65,crop_yield_total,Aneby,2016.0,0.9372310403709746,6.393848984720966,Linear
66,crop_yield_total,Aneby,2017.0,0.928127329188098,4.812740211630031,Linear
67,crop_yield_total,Aneby,2018.0,0.5631988071121873,-36.72726135017779,Linear
68,crop_yield_total,Aneby,2019.0,0.8093248144173877,-9.54391905029091,Linear
69,crop_yield_total,Aneby,2020.0,1.0847875870141008,20.62327559831385,Linear
70,crop_yield_total,Aneby,2021.0,0.7657378045122996,-15.28713386704277,Linear
71,crop_yield_total,Aneby,2022.0,0.8804225256753493,-3.093129276275071,Linear
72,crop_yield_total,Arboga,2005.0,0.9427607030073076,0.2226226995416576,Linear
73,crop_yield_total,Arboga,2006.0,0.8629659142617158,-8.713963460031414,Linear
74,crop_yield_total,Arboga,2007.0,1.0704214342140037,12.673698382531729,Linear
75,crop_yield_total,Arboga,2008.0,1.0045482589910382,5.221896247751371,Linear
76,crop_yield_total,Arboga,2009.0,0.9435524400494516,-1.6488717923999159,Linear
77,crop_yield_total,Arboga,2010.0,0.7548250396513732,-21.702498120220742,Linear
78,crop_yield_total,Arboga,2011.0,0.9008989559154844,-7.001442454745173,Linear
79,crop_yield_total,Arboga,2012.0,0.8734032144686694,-10.272915580899406,Linear
80,crop_yield_total,Arboga,2013.0,1.0945607891226798,11.909594031070391,Linear
81,crop_yield_total,Arboga,2014.0,1.0646584374642794,8.33438580665245,Linear
82,crop_yield_total,Arboga,2015.0,1.2109268595278535,22.634414410976614,Linear
83,crop_yield_total,Arboga,2016.0,1.0570271061311196,6.543936244245676,Linear
84,crop_yield_total,Arboga,2017.0,1.1537407654846996,15.74671219527765,Linear
85,crop_yield_total,Arboga,2018.0,0.6036946074108144,-39.718355337210326,Linear
86,crop_yield_total,Arboga,2019.0,1.131142348636754,12.424741548480442,Linear
87,crop_yield_total,Arboga,2020.0,1.1228939299893157,11.088624809727666,Linear
88,crop_yield_total,Arboga,2021.0,0.8056894916477705,-20.659657480631115,Linear
89,crop_yield_total,Arboga,2022.0,1.049741748899704,2.8995714285767233,Linear
90,crop_yield_total,Arjeplog,2005.0,0.4922962630521896,-4.471520669228847,Linear
91,crop_yield_total,Arjeplog,2006.0,0.5843836788284416,12.655771708420874,Linear
92,crop_yield_total,Arjeplog,2007.0,0.6062698266333174,16.115169373794757,Linear
93,crop_yield_total,Arjeplog,2008.0,0.5791900908704196,10.212313219420464,Linear
94,crop_yield_total,Arjeplog,2009.0,0.5822199590021587,10.07791355399643,Linear
95,crop_yield_total,Arjeplog,2010.0,0.5465485355333007,2.6747902509486643,Linear
96,crop_yield_total,Arjeplog,2011.0,0.2751106809097622,-48.6450645593767,Linear
97,crop_yield_total,Arjeplog,2012.0,0.3440891592200569,-36.17323895990114,Linear
98,crop_yield_total,Arjeplog,2013.0,0.7167427405799807,32.12025844110137,Linear
99,crop_yield_total,Arjeplog,2014.0,0.6585647664901455,20.641269722796984,Linear
100,crop_yield_total,Arjeplog,2015.0,0.404048769726256,-26.440413133353847,Linear
101,crop_yield_total,Arjeplog,2016.0,0.6032614872879074,9.153021301405936,Linear
102,crop_yield_total,Arjeplog,2017.0,0.3250606904726549,-41.54311597827825,Linear
103,crop_yield_total,Arjeplog,2018.0,0.6279705794816417,12.245188616932843,Linear
104,crop_yield_total,Arjeplog,2019.0,0.6143768867828727,9.153211547261158,Linear
105,crop_yield_total,Arjeplog,2020.0,0.7459271262863484,31.73071688816067,Linear
106,crop_yield_total,Arjeplog,2021.0,0.4608645374282721,-19.09626822128907,Linear
107,crop_yield_total,Arjeplog,2022.0,0.628489605680998,9.67645118493726,Linear
108,crop_yield_total,Arvidsjaur,2005.0,0.4922962630521896,-4.471520669228847,Linear
109,crop_yield_total,Arvidsjaur,2006.0,0.5843836788284416,12.655771708420874,Linear
110,crop_yield_total,Arvidsjaur,2007.0,0.6062698266333174,16.115169373794757,Linear
111,crop_yield_total,Arvidsjaur,2008.0,0.5791900908704196,10.212313219420464,Linear
112,crop_yield_total,Arvidsjaur,2009.0,0.5822199590021587,10.07791355399643,Linear
113,crop_yield_total,Arvidsjaur,2010.0,0.5465485355333007,2.6747902509486643,Linear
114,crop_yield_total,Arvidsjaur,2011.0,0.2751106809097622,-48.6450645593767,Linear
115,crop_yield_total,Arvidsjaur,2012.0,0.3440891592200569,-36.17323895990114,Linear
116,crop_yield_total,Arvidsjaur,2013.0,0.7167427405799807,32.12025844110137,Linear
117,crop_yield_total,Arvidsjaur,2014.0,0.6585647664901455,20.641269722796984,Linear
118,crop_yield_total,Arvidsjaur,2015.0,0.404048769726256,-26.440413133353847,Linear
119,crop_yield_total,Arvidsjaur,2016.0,0.6032614872879074,9.153021301405936,Linear
120,crop_yield_total,Arvidsjaur,2017.0,0.3250606904726549,-41.54311597827825,Linear
121,crop_yield_total,Arvidsjaur,2018.0,0.6279705794816417,12.245188616932843,Linear
122,crop_yield_total,Arvidsjaur,2019.0,0.6143768867828727,9.153211547261158,Linear
123,crop_yield_total,Arvidsjaur,2020.0,0.7459271262863484,31.73071688816067,Linear
124,crop_yield_total,Arvidsjaur,2021.0,0.4608645374282721,-19.09626822128907,Linear
125,crop_yield_total,Arvidsjaur,2022.0,0.628489605680998,9.67645118493726,Linear
126,crop_yield_total,Arvika,2005.0,0.8132780307437152,5.256372138755697,Linear
127,crop_yield_total,Arvika,2006.0,0.7183648676065323,-8.303958974610172,Linear
128,crop_yield_total,Arvika,2007.0,0.9569800758639444,20.499823400886502,Linear
129,crop_yield_total,Arvika,2008.0,0.8325218645715937,3.4276942001298902,Linear
130,crop_yield_total,Arvika,2009.0,0.7013583325510492,-14.016249047011378,Linear
131,crop_yield_total,Arvika,2010.0,0.6738968568169861,-18.458141181978498,Linear
132,crop_yield_total,Arvika,2011.0,0.7449988835912011,-11.01288730957373,Linear
133,crop_yield_total,Arvika,2012.0,0.8716135379672874,2.7901420327874216,Linear
134,crop_yield_total,Arvika,2013.0,0.8679411044838969,1.0749747657560649,Linear
135,crop_yield_total,Arvika,2014.0,0.8789078729499272,1.0859430551976537,Linear
136,crop_yield_total,Arvika,2015.0,1.0359179092428858,17.688288301747452,Linear
137,crop_yield_total,Arvika,2016.0,1.0259009231244876,15.143299241369279,Linear
138,crop_yield_total,Arvika,2017.0,1.003353292246534,11.26940531309137,Linear
139,crop_yield_total,Arvika,2018.0,0.5573712137171187,-38.917492950183835,Linear
140,crop_yield_total,Arvika,2019.0,1.117651809251378,21.056920261252525,Linear
141,crop_yield_total,Arvika,2020.0,0.9507760277121298,1.7960773418132785,Linear
142,crop_yield_total,Arvika,2021.0,0.798861938640312,-15.442551181338047,Linear
143,crop_yield_total,Arvika,2022.0,1.0038908478269497,5.063109760024586,Linear
144,crop_yield_total,Askersund,2005.0,1.0390841874046493,1.6051947750879678,Linear
145,crop_yield_total,Askersund,2006.0,0.919756991826129,-10.460396439415378,Linear
146,crop_yield_total,Askersund,2007.0,1.1438177187633782,10.86239580911901,Linear
147,crop_yield_total,Askersund,2008.0,1.0857433926340216,4.772765991464095,Linear
148,crop_yield_total,Askersund,2009.0,1.0306252630804096,-0.9797307542608245,Linear
149,crop_yield_total,Askersund,2010.0,0.8245625460968465,-21.121746555956395,Linear
150,crop_yield_total,Askersund,2011.0,1.039654543639088,-0.9758127743044388,Linear
151,crop_yield_total,Askersund,2012.0,0.972558105409714,-7.765275942646036,Linear
152,crop_yield_total,Askersund,2013.0,1.192221558312812,12.582419127312036,Linear
153,crop_yield_total,Askersund,2014.0,1.1046434877667253,3.8672013630448387,Linear
154,crop_yield_total,Askersund,2015.0,1.1792971653385864,10.415525805229628,Linear
155,crop_yield_total,Askersund,2016.0,1.156302266459355,7.804454470188704,Linear
156,crop_yield_total,Askersund,2017.0,1.2263115478110302,13.849823630893464,Linear
157,crop_yield_total,Askersund,2018.0,0.7593125406396093,-29.801789310265253,Linear
158,crop_yield_total,Askersund,2019.0,1.2947720576631043,19.201126442801154,Linear
159,crop_yield_total,Askersund,2020.0,1.1247345627015133,3.1160422414118054,Linear
160,crop_yield_total,Askersund,2021.0,0.9162023680575028,-16.35032125303297,Linear
161,crop_yield_total,Askersund,2022.0,1.0928266848247508,-0.6361779379191673,Linear
162,crop_yield_total,Avesta,2005.0,0.7932935245294663,1.5030905263688548,Linear
163,crop_yield_total,Avesta,2006.0,0.6748350447231509,-14.175038060340519,Linear
164,crop_yield_total,Avesta,2007.0,0.9674290899187774,22.298630137352166,Linear
165,crop_yield_total,Avesta,2008.0,0.7788202824324088,-2.1317559923339537,Linear
166,crop_yield_total,Avesta,2009.0,0.7657746700573635,-4.34160704346819,Linear
167,crop_yield_total,Avesta,2010.0,0.6294649850731975,-21.8324560253873,Linear
168,crop_yield_total,Avesta,2011.0,0.847385917040815,4.612606738756432,Linear
169,crop_yield_total,Avesta,2012.0,0.7162034987169751,-12.097339044497629,Linear
170,crop_yield_total,Avesta,2013.0,0.9642252173328064,17.658039511066008,Linear
171,crop_yield_total,Avesta,2014.0,0.8656623164362899,5.022835480563956,Linear
172,crop_yield_total,Avesta,2015.0,0.8977755207393596,8.29527050555989,Linear
173,crop_yield_total,Avesta,2016.0,0.8694963301478308,4.287011631971183,Linear
174,crop_yield_total,Avesta,2017.0,0.965222153520472,15.113050346299497,Linear
175,crop_yield_total,Avesta,2018.0,0.5989120311880992,-28.97535944958592,Linear
176,crop_yield_total,Avesta,2019.0,1.0269848340393724,21.10791326393559,Linear
177,crop_yield_total,Avesta,2020.0,0.7972889307343404,-6.502432130388589,Linear
178,crop_yield_total,Avesta,2021.0,0.7571545158990021,-11.700419966247683,Linear
179,crop_yield_total,Avesta,2022.0,0.8780550029939568,1.835380286655701,Linear
180,crop_yield_total,Bengtsfors,2005.0,1.0055775540286578,4.854664299363881,Linear
181,crop_yield_total,Bengtsfors,2006.0,0.9190178175231424,-5.45767794494796,Linear
182,crop_yield_total,Bengtsfors,2007.0,1.039546690973581,5.52485468698662,Linear
183,crop_yield_total,Bengtsfors,2008.0,0.9643324682492214,-3.389973889170226,Linear
184,crop_yield_total,Bengtsfors,2009.0,0.9637485848478334,-4.694481199289803,Linear
185,crop_yield_total,Bengtsfors,2010.0,0.991837523461424,-3.1664057875009326,Linear
186,crop_yield_total,Bengtsfors,2011.0,0.973209892013432,-6.1803613154120365,Linear
187,crop_yield_total,Bengtsfors,2012.0,1.0141421672435171,-3.4490510855308756,Linear
188,crop_yield_total,Bengtsfors,2013.0,1.1492429440193683,8.070474555781312,Linear
189,crop_yield_total,Bengtsfors,2014.0,1.1314663550056376,5.1089677148457415,Linear
190,crop_yield_total,Bengtsfors,2015.0,1.1883999248819652,9.075568901381246,Linear
191,crop_yield_total,Bengtsfors,2016.0,1.131833670084348,2.654155792784723,Linear
192,crop_yield_total,Bengtsfors,2017.0,1.2259176374746878,9.886697024965224,Linear
193,crop_yield_total,Bengtsfors,2018.0,0.8499847563868758,-24.69144888409895,Linear
194,crop_yield_total,Bengtsfors,2019.0,1.2750592219829564,11.678842277680355,Linear
195,crop_yield_total,Bengtsfors,2020.0,1.1735438698645833,1.6258076435071667,Linear
196,crop_yield_total,Bengtsfors,2021.0,1.0018857977539108,-14.208847309321277,Linear
197,crop_yield_total,Bengtsfors,2022.0,1.2602610382701056,6.7231485573048015,Linear
198,crop_yield_total,Berg,2005.0,0.5386685832524567,1.6684031732417788,Linear
199,crop_yield_total,Berg,2006.0,0.5716640255240031,5.296530717507908,Linear
200,crop_yield_total,Berg,2007.0,0.6387991320200345,14.894307060129828,Linear
201,crop_yield_total,Berg,2008.0,0.6133982500520537,7.7899180084831325,Linear
202,crop_yield_total,Berg,2009.0,0.5755726745561547,-1.1295098772375691,Linear
203,crop_yield_total,Berg,2010.0,0.4948392123544244,-16.865587451308155,Linear
204,crop_yield_total,Berg,2011.0,0.6342877031387509,4.270866839610898,Linear
205,crop_yield_total,Berg,2012.0,0.4430765555638761,-28.69561060806209,Linear
206,crop_yield_total,Berg,2013.0,0.6835720052304225,7.739519057898092,Linear
207,crop_yield_total,Berg,2014.0,0.6791930272547687,4.887048515847922,Linear
208,crop_yield_total,Berg,2015.0,0.6173417805900856,-6.5521258297250595,Linear
209,crop_yield_total,Berg,2016.0,0.6843354626431076,1.5776567280311522,Linear
210,crop_yield_total,Berg,2017.0,0.7549444287509498,9.924182880788628,Linear
211,crop_yield_total,Berg,2018.0,0.5465661022631311,-21.904209797292467,Linear
212,crop_yield_total,Berg,2019.0,0.68138574082137,-4.426749682897652,Linear
213,crop_yield_total,Berg,2020.0,0.8396651651231447,15.65223652294534,Linear
214,crop_yield_total,Berg,2021.0,0.7373673597804423,-0.23519183524097217,Linear
215,crop_yield_total,Berg,2022.0,0.8034521703268026,6.8156987409596805,Linear
216,crop_yield_total,Bjurholm,2005.0,0.5997152914540813,2.0033298419845513,Linear
217,crop_yield_total,Bjurholm,2006.0,0.5420010097641708,-9.184642023580958,Linear
218,crop_yield_total,Bjurholm,2007.0,0.6802621830803811,12.310834419512577,Linear
219,crop_yield_total,Bjurholm,2008.0,0.6360999156635041,3.5023312266729376,Linear
220,crop_yield_total,Bjurholm,2009.0,0.6971161896525894,11.815007970441355,Linear
221,crop_yield_total,Bjurholm,2010.0,0.5931381304590903,-6.198666036683178,Linear
222,crop_yield_total,Bjurholm,2011.0,0.6539314451925182,1.98335121551047,Linear
223,crop_yield_total,Bjurholm,2012.0,0.4899514128071317,-24.633690539141078,Linear
224,crop_yield_total,Bjurholm,2013.0,0.792572266298926,20.27387808737884,Linear
225,crop_yield_total,Bjurholm,2014.0,0.7178294530611921,7.483249163673592,Linear
226,crop_yield_total,Bjurholm,2015.0,0.5787659335143877,-14.476331620460645,Linear
227,crop_yield_total,Bjurholm,2016.0,0.702490651044222,2.461930345324553,Linear
228,crop_yield_total,Bjurholm,2017.0,0.4369589673886949,-37.08211471528296,Linear
229,crop_yield_total,Bjurholm,2018.0,0.7141249361109738,1.5290063471217097,Linear
230,crop_yield_total,Bjurholm,2019.0,0.8079816394205077,13.44075954313151,Linear
231,crop_yield_total,Bjurholm,2020.0,0.8480829008546369,17.604825211206585,Linear
232,crop_yield_total,Bjurholm,2021.0,0.6470893408513001,-11.35869697138283,Linear
233,crop_yield_total,Bjurholm,2022.0,0.8033160118650817,8.719543514046837,Linear
234,crop_yield_total,Bjuv,2005.0,1.2715410196614996,5.605403418170274,Linear
235,crop_yield_total,Bjuv,2006.0,0.9880305740330608,-18.39403454443511,Linear
236,crop_yield_total,Bjuv,2007.0,1.2185960287169186,0.09681915867550189,Linear
237,crop_yield_total,Bjuv,2008.0,1.2059848482957567,-1.4799879103758824,Linear
238,crop_yield_total,Bjuv,2009.0,1.361061892098226,10.58481994190143,Linear
239,crop_yield_total,Bjuv,2010.0,1.140333978840678,-7.8495308993354165,Linear
240,crop_yield_total,Bjuv,2011.0,1.2466775863900117,0.20286793466632383,Linear
241,crop_yield_total,Bjuv,2012.0,1.3867330008194048,10.864346476382039,Linear
242,crop_yield_total,Bjuv,2013.0,1.3226697667077745,5.180668965082252,Linear
243,crop_yield_total,Bjuv,2014.0,1.3584686989172954,7.456294300967267,Linear
244,crop_yield_total,Bjuv,2015.0,1.412689982584855,11.157546156667356,Linear
245,crop_yield_total,Bjuv,2016.0,1.1960391112051754,-6.382003623357058,Linear
246,crop_yield_total,Bjuv,2017.0,1.3711336258318008,6.764655970997115,Linear
247,crop_yield_total,Bjuv,2018.0,0.8014914208814181,-37.914221878534846,Linear
248,crop_yield_total,Bjuv,2019.0,1.443761939841756,11.261781440822954,Linear
249,crop_yield_total,Bjuv,2020.0,1.3625103819553428,4.462143660686606,Linear
250,crop_yield_total,Bjuv,2021.0,1.1729326989488174,-10.531057162891646,Linear
251,crop_yield_total,Bjuv,2022.0,1.4348911521578174,8.89540579043737,Linear
252,crop_yield_total,Boden,2005.0,0.4922962630521896,-4.471520669228847,Linear
253,crop_yield_total,Boden,2006.0,0.5843836788284416,12.655771708420874,Linear
254,crop_yield_total,Boden,2007.0,0.6062698266333174,16.115169373794757,Linear
255,crop_yield_total,Boden,2008.0,0.5791900908704196,10.212313219420464,Linear
256,crop_yield_total,Boden,2009.0,0.5822199590021587,10.07791355399643,Linear
257,crop_yield_total,Boden,2010.0,0.5465485355333007,2.6747902509486643,Linear
258,crop_yield_total,Boden,2011.0,0.2751106809097622,-48.6450645593767,Linear
259,crop_yield_total,Boden,2012.0,0.3440891592200569,-36.17323895990114,Linear
260,crop_yield_total,Boden,2013.0,0.7167427405799807,32.12025844110137,Linear
261,crop_yield_total,Boden,2014.0,0.6585647664901455,20.641269722796984,Linear
262,crop_yield_total,Boden,2015.0,0.404048769726256,-26.440413133353847,Linear
263,crop_yield_total,Boden,2016.0,0.6032614872879074,9.153021301405936,Linear
264,crop_yield_total,Boden,2017.0,0.3250606904726549,-41.54311597827825,Linear
265,crop_yield_total,Boden,2018.0,0.6279705794816417,12.245188616932843,Linear
266,crop_yield_total,Boden,2019.0,0.6143768867828727,9.153211547261158,Linear
267,crop_yield_total,Boden,2020.0,0.7459271262863484,31.73071688816067,Linear
268,crop_yield_total,Boden,2021.0,0.4608645374282721,-19.09626822128907,Linear
269,crop_yield_total,Boden,2022.0,0.628489605680998,9.67645118493726,Linear
270,crop_yield_total,Bollebygd,2005.0,1.0055775540286578,4.854664299363881,Linear
271,crop_yield_total,Bollebygd,2006.0,0.9190178175231424,-5.45767794494796,Linear
272,crop_yield_total,Bollebygd,2007.0,1.039546690973581,5.52485468698662,Linear
273,crop_yield_total,Bollebygd,2008.0,0.9643324682492214,-3.389973889170226,Linear
274,crop_yield_total,Bollebygd,2009.0,0.9637485848478334,-4.694481199289803,Linear
275,crop_yield_total,Bollebygd,2010.0,0.991837523461424,-3.1664057875009326,Linear
276,crop_yield_total,Bollebygd,2011.0,0.973209892013432,-6.1803613154120365,Linear
277,crop_yield_total,Bollebygd,2012.0,1.0141421672435171,-3.4490510855308756,Linear
278,crop_yield_total,Bollebygd,2013.0,1.1492429440193683,8.070474555781312,Linear
279,crop_yield_total,Bollebygd,2014.0,1.1314663550056376,5.1089677148457415,Linear
280,crop_yield_total,Bollebygd,2015.0,1.1883999248819652,9.075568901381246,Linear
281,crop_yield_total,Bollebygd,2016.0,1.131833670084348,2.654155792784723,Linear
282,crop_yield_total,Bollebygd,2017.0,1.2259176374746878,9.886697024965224,Linear
283,crop_yield_total,Bollebygd,2018.0,0.8499847563868758,-24.69144888409895,Linear
284,crop_yield_total,Bollebygd,2019.0,1.2750592219829564,11.678842277680355,Linear
285,crop_yield_total,Bollebygd,2020.0,1.1735438698645833,1.6258076435071667,Linear
286,crop_yield_total,Bollebygd,2021.0,1.0018857977539108,-14.208847309321277,Linear
287,crop_yield_total,Bollebygd,2022.0,1.2602610382701056,6.7231485573048015,Linear
288,crop_yield_total,Bollnäs,2005.0,0.5586267243142916,-3.9353941755930544,Linear
289,crop_yield_total,Bollnäs,2006.0,0.4486155227270755,-24.893857835944374,Linear
290,crop_yield_total,Bollnäs,2007.0,0.7177662062564565,17.07050849861118,Linear
291,crop_yield_total,Bollnäs,2008.0,0.7040390696962168,11.947142529035823,Linear
292,crop_yield_total,Bollnäs,2009.0,0.685799833142161,6.3749785182911936,Linear
293,crop_yield_total,Bollnäs,2010.0,0.5336309932472948,-19.207723591415427,Linear
294,crop_yield_total,Bollnäs,2011.0,0.6333183084233747,-6.354689874114043,Linear
295,crop_yield_total,Bollnäs,2012.0,0.6051451946268263,-12.562890712888167,Linear
296,crop_yield_total,Bollnäs,2013.0,0.8419230242673813,18.934301339410588,Linear
297,crop_yield_total,Bollnäs,2014.0,0.770811628933011,6.511835122819759,Linear
298,crop_yield_total,Bollnäs,2015.0,0.8711818978205853,17.80949955543279,Linear
299,crop_yield_total,Bollnäs,2016.0,0.8415857004699163,11.426865412805654,Linear
300,crop_yield_total,Bollnäs,2017.0,0.7903854407425971,2.5039556244039933,Linear
301,crop_yield_total,Bollnäs,2018.0,0.6249872143676405,-20.573527300833263,Linear
302,crop_yield_total,Bollnäs,2019.0,0.7883235623135229,-1.7876338672347365,Linear
303,crop_yield_total,Bollnäs,2020.0,0.8937253173107546,9.194685044258193,Linear
304,crop_yield_total,Bollnäs,2021.0,0.7314293378878856,-12.326689917044614,Linear
305,crop_yield_total,Bollnäs,2022.0,0.8428847387888116,-0.8445588934668187,Linear
306,crop_yield_total,Borgholm,2005.0,0.8852263816472958,0.7533134834884078,Linear
307,crop_yield_total,Borgholm,2006.0,0.6683618846246893,-24.538964088460197,Linear
308,crop_yield_total,Borgholm,2007.0,0.869308137215771,-2.6314246941760224,Linear
309,crop_yield_total,Borgholm,2008.0,0.917075480489375,1.9087742754838795,Linear
310,crop_yield_total,Borgholm,2009.0,0.994757494108262,9.676138849603683,Linear
311,crop_yield_total,Borgholm,2010.0,0.7579996469843103,-17.07624421026325,Linear
312,crop_yield_total,Borgholm,2011.0,0.8389633990355513,-8.92604812811451,Linear
313,crop_yield_total,Borgholm,2012.0,1.119748109964248,20.62532305474832,Linear
314,crop_yield_total,Borgholm,2013.0,1.059152318367517,13.231938236534141,Linear
315,crop_yield_total,Borgholm,2014.0,1.071787414749727,13.719919367058905,Linear
316,crop_yield_total,Borgholm,2015.0,1.1211363551571136,18.066943729224946,Linear
317,crop_yield_total,Borgholm,2016.0,1.053595829970825,10.131152334156383,Linear
318,crop_yield_total,Borgholm,2017.0,0.998837204675912,3.6384731633330567,Linear
319,crop_yield_total,Borgholm,2018.0,0.7004227096110055,-27.855999767212946,Linear
320,crop_yield_total,Borgholm,2019.0,0.9540398661139998,-2.446369747567467,Linear
321,crop_yield_total,Borgholm,2020.0,1.207105271507816,22.541119097369613,Linear
322,crop_yield_total,Borgholm,2021.0,0.7944150994345057,-19.93061150827489,Linear
323,crop_yield_total,Borgholm,2022.0,0.8888338922649469,-11.050363993283629,Linear
324,crop_yield_total,Borlänge,2005.0,0.7932935245294663,1.5030905263688548,Linear
325,crop_yield_total,Borlänge,2006.0,0.6748350447231509,-14.175038060340519,Linear
326,crop_yield_total,Borlänge,2007.0,0.9674290899187774,22.298630137352166,Linear
327,crop_yield_total,Borlänge,2008.0,0.7788202824324088,-2.1317559923339537,Linear
328,crop_yield_total,Borlänge,2009.0,0.7657746700573635,-4.34160704346819,Linear
329,crop_yield_total,Borlänge,2010.0,0.6294649850731975,-21.8324560253873,Linear
330,crop_yield_total,Borlänge,2011.0,0.847385917040815,4.612606738756432,Linear
331,crop_yield_total,Borlänge,2012.0,0.7162034987169751,-12.097339044497629,Linear
332,crop_yield_total,Borlänge,2013.0,0.9642252173328064,17.658039511066008,Linear
333,crop_yield_total,Borlänge,2014.0,0.8656623164362899,5.022835480563956,Linear
334,crop_yield_total,Borlänge,2015.0,0.8977755207393596,8.29527050555989,Linear
335,crop_yield_total,Borlänge,2016.0,0.8694963301478308,4.287011631971183,Linear
336,crop_yield_total,Borlänge,2017.0,0.965222153520472,15.113050346299497,Linear
337,crop_yield_total,Borlänge,2018.0,0.5989120311880992,-28.97535944958592,Linear
338,crop_yield_total,Borlänge,2019.0,1.0269848340393724,21.10791326393559,Linear
339,crop_yield_total,Borlänge,2020.0,0.7972889307343404,-6.502432130388589,Linear
340,crop_yield_total,Borlänge,2021.0,0.7571545158990021,-11.700419966247683,Linear
341,crop_yield_total,Borlänge,2022.0,0.8780550029939568,1.835380286655701,Linear
342,crop_yield_total,Borås,2005.0,1.0055775540286578,4.854664299363881,Linear
343,crop_yield_total,Borås,2006.0,0.9190178175231424,-5.45767794494796,Linear
344,crop_yield_total,Borås,2007.0,1.039546690973581,5.52485468698662,Linear
345,crop_yield_total,Borås,2008.0,0.9643324682492214,-3.389973889170226,Linear
346,crop_yield_total,Borås,2009.0,0.9637485848478334,-4.694481199289803,Linear
347,crop_yield_total,Borås,2010.0,0.991837523461424,-3.1664057875009326,Linear
348,crop_yield_total,Borås,2011.0,0.973209892013432,-6.1803613154120365,Linear
349,crop_yield_total,Borås,2012.0,1.0141421672435171,-3.4490510855308756,Linear
350,crop_yield_total,Borås,2013.0,1.1492429440193683,8.070474555781312,Linear
351,crop_yield_total,Borås,2014.0,1.1314663550056376,5.1089677148457415,Linear
352,crop_yield_total,Borås,2015.0,1.1883999248819652,9.075568901381246,Linear
353,crop_yield_total,Borås,2016.0,1.131833670084348,2.654155792784723,Linear
354,crop_yield_total,Borås,2017.0,1.2259176374746878,9.886697024965224,Linear
355,crop_yield_total,Borås,2018.0,0.8499847563868758,-24.69144888409895,Linear
356,crop_yield_total,Borås,2019.0,1.2750592219829564,11.678842277680355,Linear
357,crop_yield_total,Borås,2020.0,1.1735438698645833,1.6258076435071667,Linear
358,crop_yield_total,Borås,2021.0,1.0018857977539108,-14.208847309321277,Linear
359,crop_yield_total,Borås,2022.0,1.2602610382701056,6.7231485573048015,Linear
360,crop_yield_total,Botkyrka,2005.0,0.8638851144303435,4.123456601783982,Linear
361,crop_yield_total,Botkyrka,2006.0,0.7961760374702105,-4.3494396240272595,Linear
362,crop_yield_total,Botkyrka,2007.0,0.9447176049289204,13.128191582466911,Linear
363,crop_yield_total,Botkyrka,2008.0,0.8459048215493763,0.968363382519387,Linear
364,crop_yield_total,Botkyrka,2009.0,0.8401403870928377,-0.042545041845959045,Linear
365,crop_yield_total,Botkyrka,2010.0,0.66868847511859,-20.696714874730503,Linear
366,crop_yield_total,Botkyrka,2011.0,0.7119163901465887,-15.840176249982301,Linear
367,crop_yield_total,Botkyrka,2012.0,0.9032651673900608,6.439792293245046,Linear
368,crop_yield_total,Botkyrka,2013.0,0.8608279315284972,1.1165984620435698,Linear
369,crop_yield_total,Botkyrka,2014.0,0.9759322246669364,14.274016858345497,Linear
370,crop_yield_total,Botkyrka,2015.0,0.951615896231716,11.074819791139749,Linear
371,crop_yield_total,Botkyrka,2016.0,0.8869742599784218,3.203724967909985,Linear
372,crop_yield_total,Botkyrka,2017.0,0.9438616965452672,9.478150059240049,Linear
373,crop_yield_total,Botkyrka,2018.0,0.5381786266225995,-37.772186014410934,Linear
374,crop_yield_total,Botkyrka,2019.0,0.924204043442625,6.5293373042533505,Linear
375,crop_yield_total,Botkyrka,2020.0,0.9756170608610664,12.105839466191865,Linear
376,crop_yield_total,Botkyrka,2021.0,0.7661708048626098,-12.234034563915369,Linear
377,crop_yield_total,Botkyrka,2022.0,0.9500751737717342,8.496159350240287,Linear
378,crop_yield_total,Boxholm,2005.0,1.054079468326702,4.824488907109136,Linear
379,crop_yield_total,Boxholm,2006.0,0.9473759046331852,-6.507615610605639,Linear
380,crop_yield_total,Boxholm,2007.0,1.0961947173319928,7.357287528236063,Linear
381,crop_yield_total,Boxholm,2008.0,1.0399185958491992,1.078347129715196,Linear
382,crop_yield_total,Boxholm,2009.0,1.0740680056902232,3.616803622886712,Linear
383,crop_yield_total,Boxholm,2010.0,0.8305849052082035,-20.467183355935063,Linear
384,crop_yield_total,Boxholm,2011.0,0.9655274588508276,-8.227024788475939,Linear
385,crop_yield_total,Boxholm,2012.0,1.0885857289234822,2.7127259193219615,Linear
386,crop_yield_total,Boxholm,2013.0,1.0852602814823216,1.6553415518023573,Linear
387,crop_yield_total,Boxholm,2014.0,1.1179924244581017,3.966335194639158,Linear
388,crop_yield_total,Boxholm,2015.0,1.2138214566192589,12.069862433726604,Linear
389,crop_yield_total,Boxholm,2016.0,1.1264715682251747,3.2658370510541186,Linear
390,crop_yield_total,Boxholm,2017.0,1.2308955696899149,12.042292651243706,Linear
391,crop_yield_total,Boxholm,2018.0,0.8789600225750852,-20.55329806371168,Linear
392,crop_yield_total,Boxholm,2019.0,1.2372919044802912,11.057072301978126,Linear
393,crop_yield_total,Boxholm,2020.0,1.1462510719938417,2.1744087202652977,Linear
394,crop_yield_total,Boxholm,2021.0,1.020583593560406,-9.651690439732137,Linear
395,crop_yield_total,Boxholm,2022.0,1.1324970309639304,-0.42781244002577506,Linear
396,crop_yield_total,Bromölla,2005.0,1.2715410196614996,5.605403418170274,Linear
397,crop_yield_total,Bromölla,2006.0,0.9880305740330608,-18.39403454443511,Linear
398,crop_yield_total,Bromölla,2007.0,1.2185960287169186,0.09681915867550189,Linear
399,crop_yield_total,Bromölla,2008.0,1.2059848482957567,-1.4799879103758824,Linear
400,crop_yield_total,Bromölla,2009.0,1.361061892098226,10.58481994190143,Linear
401,crop_yield_total,Bromölla,2010.0,1.140333978840678,-7.8495308993354165,Linear
402,crop_yield_total,Bromölla,2011.0,1.2466775863900117,0.20286793466632383,Linear
403,crop_yield_total,Bromölla,2012.0,1.3867330008194048,10.864346476382039,Linear
404,crop_yield_total,Bromölla,2013.0,1.3226697667077745,5.180668965082252,Linear
405,crop_yield_total,Bromölla,2014.0,1.3584686989172954,7.456294300967267,Linear
406,crop_yield_total,Bromölla,2015.0,1.412689982584855,11.157546156667356,Linear
407,crop_yield_total,Bromölla,2016.0,1.1960391112051754,-6.382003623357058,Linear
408,crop_yield_total,Bromölla,2017.0,1.3711336258318008,6.764655970997115,Linear
409,crop_yield_total,Bromölla,2018.0,0.8014914208814181,-37.914221878534846,Linear
410,crop_yield_total,Bromölla,2019.0,1.443761939841756,11.261781440822954,Linear
411,crop_yield_total,Bromölla,2020.0,1.3625103819553428,4.462143660686606,Linear
412,crop_yield_total,Bromölla,2021.0,1.1729326989488174,-10.531057162891646,Linear
413,crop_yield_total,Bromölla,2022.0,1.4348911521578174,8.89540579043737,Linear
414,crop_yield_total,Bräcke,2005.0,0.5386685832524567,1.6684031732417788,Linear
415,crop_yield_total,Bräcke,2006.0,0.5716640255240031,5.296530717507908,Linear
416,crop_yield_total,Bräcke,2007.0,0.6387991320200345,14.894307060129828,Linear
417,crop_yield_total,Bräcke,2008.0,0.6133982500520537,7.7899180084831325,Linear
418,crop_yield_total,Bräcke,2009.0,0.5755726745561547,-1.1295098772375691,Linear
419,crop_yield_total,Bräcke,2010.0,0.4948392123544244,-16.865587451308155,Linear
420,crop_yield_total,Bräcke,2011.0,0.6342877031387509,4.270866839610898,Linear
421,crop_yield_total,Bräcke,2012.0,0.4430765555638761,-28.69561060806209,Linear
422,crop_yield_total,Bräcke,2013.0,0.6835720052304225,7.739519057898092,Linear
423,crop_yield_total,Bräcke,2014.0,0.6791930272547687,4.887048515847922,Linear
424,crop_yield_total,Bräcke,2015.0,0.6173417805900856,-6.5521258297250595,Linear
425,crop_yield_total,Bräcke,2016.0,0.6843354626431076,1.5776567280311522,Linear
426,crop_yield_total,Bräcke,2017.0,0.7549444287509498,9.924182880788628,Linear
427,crop_yield_total,Bräcke,2018.0,0.5465661022631311,-21.904209797292467,Linear
428,crop_yield_total,Bräcke,2019.0,0.68138574082137,-4.426749682897652,Linear
429,crop_yield_total,Bräcke,2020.0,0.8396651651231447,15.65223652294534,Linear
430,crop_yield_total,Bräcke,2021.0,0.7373673597804423,-0.23519183524097217,Linear
431,crop_yield_total,Bräcke,2022.0,0.8034521703268026,6.8156987409596805,Linear
432,crop_yield_total,Burlöv,2005.0,1.2715410196614996,5.605403418170274,Linear
433,crop_yield_total,Burlöv,2006.0,0.9880305740330608,-18.39403454443511,Linear
434,crop_yield_total,Burlöv,2007.0,1.2185960287169186,0.09681915867550189,Linear
435,crop_yield_total,Burlöv,2008.0,1.2059848482957567,-1.4799879103758824,Linear
436,crop_yield_total,Burlöv,2009.0,1.361061892098226,10.58481994190143,Linear
437,crop_yield_total,Burlöv,2010.0,1.140333978840678,-7.8495308993354165,Linear
438,crop_yield_total,Burlöv,2011.0,1.2466775863900117,0.20286793466632383,Linear
439,crop_yield_total,Burlöv,2012.0,1.3867330008194048,10.864346476382039,Linear
440,crop_yield_total,Burlöv,2013.0,1.3226697667077745,5.180668965082252,Linear
441,crop_yield_total,Burlöv,2014.0,1.3584686989172954,7.456294300967267,Linear
442,crop_yield_total,Burlöv,2015.0,1.412689982584855,11.157546156667356,Linear
443,crop_yield_total,Burlöv,2016.0,1.1960391112051754,-6.382003623357058,Linear
444,crop_yield_total,Burlöv,2017.0,1.3711336258318008,6.764655970997115,Linear
445,crop_yield_total,Burlöv,2018.0,0.8014914208814181,-37.914221878534846,Linear
446,crop_yield_total,Burlöv,2019.0,1.443761939841756,11.261781440822954,Linear
447,crop_yield_total,Burlöv,2020.0,1.3625103819553428,4.462143660686606,Linear
448,crop_yield_total,Burlöv,2021.0,1.1729326989488174,-10.531057162891646,Linear
449,crop_yield_total,Burlöv,2022.0,1.4348911521578174,8.89540579043737,Linear
450,crop_yield_total,Båstad,2005.0,1.2715410196614996,5.605403418170274,Linear
451,crop_yield_total,Båstad,2006.0,0.9880305740330608,-18.39403454443511,Linear
452,crop_yield_total,Båstad,2007.0,1.2185960287169186,0.09681915867550189,Linear
453,crop_yield_total,Båstad,2008.0,1.2059848482957567,-1.4799879103758824,Linear
454,crop_yield_total,Båstad,2009.0,1.361061892098226,10.58481994190143,Linear
455,crop_yield_total,Båstad,2010.0,1.140333978840678,-7.8495308993354165,Linear
456,crop_yield_total,Båstad,2011.0,1.2466775863900117,0.20286793466632383,Linear
457,crop_yield_total,Båstad,2012.0,1.3867330008194048,10.864346476382039,Linear
458,crop_yield_total,Båstad,2013.0,1.3226697667077745,5.180668965082252,Linear
459,crop_yield_total,Båstad,2014.0,1.3584686989172954,7.456294300967267,Linear
460,crop_yield_total,Båstad,2015.0,1.412689982584855,11.157546156667356,Linear
461,crop_yield_total,Båstad,2016.0,1.1960391112051754,-6.382003623357058,Linear
462,crop_yield_total,Båstad,2017.0,1.3711336258318008,6.764655970997115,Linear
463,crop_yield_total,Båstad,2018.0,0.8014914208814181,-37.914221878534846,Linear
464,crop_yield_total,Båstad,2019.0,1.443761939841756,11.261781440822954,Linear
465,crop_yield_total,Båstad,2020.0,1.3625103819553428,4.462143660686606,Linear
466,crop_yield_total,Båstad,2021.0,1.1729326989488174,-10.531057162891646,Linear
467,crop_yield_total,Båstad,2022.0,1.4348911521578174,8.89540579043737,Linear
468,crop_yield_total,Dals-Ed,2005.0,1.0055775540286578,4.854664299363881,Linear
469,crop_yield_total,Dals-Ed,2006.0,0.9190178175231424,-5.45767794494796,Linear
470,crop_yield_total,Dals-Ed,2007.0,1.039546690973581,5.52485468698662,Linear
471,crop_yield_total,Dals-Ed,2008.0,0.9643324682492214,-3.389973889170226,Linear
472,crop_yield_total,Dals-Ed,2009.0,0.9637485848478334,-4.694481199289803,Linear
473,crop_yield_total,Dals-Ed,2010.0,0.991837523461424,-3.1664057875009326,Linear
474,crop_yield_total,Dals-Ed,2011.0,0.973209892013432,-6.1803613154120365,Linear
475,crop_yield_total,Dals-Ed,2012.0,1.0141421672435171,-3.4490510855308756,Linear
476,crop_yield_total,Dals-Ed,2013.0,1.1492429440193683,8.070474555781312,Linear
477,crop_yield_total,Dals-Ed,2014.0,1.1314663550056376,5.1089677148457415,Linear
478,crop_yield_total,Dals-Ed,2015.0,1.1883999248819652,9.075568901381246,Linear
479,crop_yield_total,Dals-Ed,2016.0,1.131833670084348,2.654155792784723,Linear
480,crop_yield_total,Dals-Ed,2017.0,1.2259176374746878,9.886697024965224,Linear
481,crop_yield_total,Dals-Ed,2018.0,0.8499847563868758,-24.69144888409895,Linear
482,crop_yield_total,Dals-Ed,2019.0,1.2750592219829564,11.678842277680355,Linear
483,crop_yield_total,Dals-Ed,2020.0,1.1735438698645833,1.6258076435071667,Linear
484,crop_yield_total,Dals-Ed,2021.0,1.0018857977539108,-14.208847309321277,Linear
485,crop_yield_total,Dals-Ed,2022.0,1.2602610382701056,6.7231485573048015,Linear
486,crop_yield_total,Danderyd,2005.0,0.8638851144303435,4.123456601783982,Linear
487,crop_yield_total,Danderyd,2006.0,0.7961760374702105,-4.3494396240272595,Linear
488,crop_yield_total,Danderyd,2007.0,0.9447176049289204,13.128191582466911,Linear
489,crop_yield_total,Danderyd,2008.0,0.8459048215493763,0.968363382519387,Linear
490,crop_yield_total,Danderyd,2009.0,0.8401403870928377,-0.042545041845959045,Linear
491,crop_yield_total,Danderyd,2010.0,0.66868847511859,-20.696714874730503,Linear
492,crop_yield_total,Danderyd,2011.0,0.7119163901465887,-15.840176249982301,Linear
493,crop_yield_total,Danderyd,2012.0,0.9032651673900608,6.439792293245046,Linear
494,crop_yield_total,Danderyd,2013.0,0.8608279315284972,1.1165984620435698,Linear
495,crop_yield_total,Danderyd,2014.0,0.9759322246669364,14.274016858345497,Linear
496,crop_yield_total,Danderyd,2015.0,0.951615896231716,11.074819791139749,Linear
497,crop_yield_total,Danderyd,2016.0,0.8869742599784218,3.203724967909985,Linear
498,crop_yield_total,Danderyd,2017.0,0.9438616965452672,9.478150059240049,Linear
499,crop_yield_total,Danderyd,2018.0,0.5381786266225995,-37.772186014410934,Linear
500,crop_yield_total,Danderyd,2019.0,0.924204043442625,6.5293373042533505,Linear
501,crop_yield_total,Danderyd,2020.0,0.9756170608610664,12.105839466191865,Linear
502,crop_yield_total,Danderyd,2021.0,0.7661708048626098,-12.234034563915369,Linear
503,crop_yield_total,Danderyd,2022.0,0.9500751737717342,8.496159350240287,Linear
504,crop_yield_total,Degerfors,2005.0,1.0390841874046493,1.6051947750879678,Linear
505,crop_yield_total,Degerfors,2006.0,0.919756991826129,-10.460396439415378,Linear
506,crop_yield_total,Degerfors,2007.0,1.1438177187633782,10.86239580911901,Linear
507,crop_yield_total,Degerfors,2008.0,1.0857433926340216,4.772765991464095,Linear
508,crop_yield_total,Degerfors,2009.0,1.0306252630804096,-0.9797307542608245,Linear
509,crop_yield_total,Degerfors,2010.0,0.8245625460968465,-21.121746555956395,Linear
510,crop_yield_total,Degerfors,2011.0,1.039654543639088,-0.9758127743044388,Linear
511,crop_yield_total,Degerfors,2012.0,0.972558105409714,-7.765275942646036,Linear
512,crop_yield_total,Degerfors,2013.0,1.192221558312812,12.582419127312036,Linear
513,crop_yield_total,Degerfors,2014.0,1.1046434877667253,3.8672013630448387,Linear
514,crop_yield_total,Degerfors,2015.0,1.1792971653385864,10.415525805229628,Linear
515,crop_yield_total,Degerfors,2016.0,1.156302266459355,7.804454470188704,Linear
516,crop_yield_total,Degerfors,2017.0,1.2263115478110302,13.849823630893464,Linear
517,crop_yield_total,Degerfors,2018.0,0.7593125406396093,-29.801789310265253,Linear
518,crop_yield_total,Degerfors,2019.0,1.2947720576631043,19.201126442801154,Linear
519,crop_yield_total,Degerfors,2020.0,1.1247345627015133,3.1160422414118054,Linear
520,crop_yield_total,Degerfors,2021.0,0.9162023680575028,-16.35032125303297,Linear
521,crop_yield_total,Degerfors,2022.0,1.0928266848247508,-0.6361779379191673,Linear
522,crop_yield_total,Dorotea,2005.0,0.5997152914540813,2.0033298419845513,Linear
523,crop_yield_total,Dorotea,2006.0,0.5420010097641708,-9.184642023580958,Linear
524,crop_yield_total,Dorotea,2007.0,0.6802621830803811,12.310834419512577,Linear
525,crop_yield_total,Dorotea,2008.0,0.6360999156635041,3.5023312266729376,Linear
526,crop_yield_total,Dorotea,2009.0,0.6971161896525894,11.815007970441355,Linear
527,crop_yield_total,Dorotea,2010.0,0.5931381304590903,-6.198666036683178,Linear
528,crop_yield_total,Dorotea,2011.0,0.6539314451925182,1.98335121551047,Linear
529,crop_yield_total,Dorotea,2012.0,0.4899514128071317,-24.633690539141078,Linear
530,crop_yield_total,Dorotea,2013.0,0.792572266298926,20.27387808737884,Linear
531,crop_yield_total,Dorotea,2014.0,0.7178294530611921,7.483249163673592,Linear
532,crop_yield_total,Dorotea,2015.0,0.5787659335143877,-14.476331620460645,Linear
533,crop_yield_total,Dorotea,2016.0,0.702490651044222,2.461930345324553,Linear
534,crop_yield_total,Dorotea,2017.0,0.4369589673886949,-37.08211471528296,Linear
535,crop_yield_total,Dorotea,2018.0,0.7141249361109738,1.5290063471217097,Linear
536,crop_yield_total,Dorotea,2019.0,0.8079816394205077,13.44075954313151,Linear
537,crop_yield_total,Dorotea,2020.0,0.8480829008546369,17.604825211206585,Linear
538,crop_yield_total,Dorotea,2021.0,0.6470893408513001,-11.35869697138283,Linear
539,crop_yield_total,Dorotea,2022.0,0.8033160118650817,8.719543514046837,Linear
540,crop_yield_total,Eda,2005.0,0.8132780307437152,5.256372138755697,Linear
541,crop_yield_total,Eda,2006.0,0.7183648676065323,-8.303958974610172,Linear
542,crop_yield_total,Eda,2007.0,0.9569800758639444,20.499823400886502,Linear
543,crop_yield_total,Eda,2008.0,0.8325218645715937,3.4276942001298902,Linear
544,crop_yield_total,Eda,2009.0,0.7013583325510492,-14.016249047011378,Linear
545,crop_yield_total,Eda,2010.0,0.6738968568169861,-18.458141181978498,Linear
546,crop_yield_total,Eda,2011.0,0.7449988835912011,-11.01288730957373,Linear
547,crop_yield_total,Eda,2012.0,0.8716135379672874,2.7901420327874216,Linear
548,crop_yield_total,Eda,2013.0,0.8679411044838969,1.0749747657560649,Linear
549,crop_yield_total,Eda,2014.0,0.8789078729499272,1.0859430551976537,Linear
550,crop_yield_total,Eda,2015.0,1.0359179092428858,17.688288301747452,Linear
551,crop_yield_total,Eda,2016.0,1.0259009231244876,15.143299241369279,Linear
552,crop_yield_total,Eda,2017.0,1.003353292246534,11.26940531309137,Linear
553,crop_yield_total,Eda,2018.0,0.5573712137171187,-38.917492950183835,Linear
554,crop_yield_total,Eda,2019.0,1.117651809251378,21.056920261252525,Linear
555,crop_yield_total,Eda,2020.0,0.9507760277121298,1.7960773418132785,Linear
556,crop_yield_total,Eda,2021.0,0.798861938640312,-15.442551181338047,Linear
557,crop_yield_total,Eda,2022.0,1.0038908478269497,5.063109760024586,Linear
558,crop_yield_total,Ekerö,2005.0,0.8638851144303435,4.123456601783982,Linear
559,crop_yield_total,Ekerö,2006.0,0.7961760374702105,-4.3494396240272595,Linear
560,crop_yield_total,Ekerö,2007.0,0.9447176049289204,13.128191582466911,Linear
561,crop_yield_total,Ekerö,2008.0,0.8459048215493763,0.968363382519387,Linear
562,crop_yield_total,Ekerö,2009.0,0.8401403870928377,-0.042545041845959045,Linear
563,crop_yield_total,Ekerö,2010.0,0.66868847511859,-20.696714874730503,Linear
564,crop_yield_total,Ekerö,2011.0,0.7119163901465887,-15.840176249982301,Linear
565,crop_yield_total,Ekerö,2012.0,0.9032651673900608,6.439792293245046,Linear
566,crop_yield_total,Ekerö,2013.0,0.8608279315284972,1.1165984620435698,Linear
567,crop_yield_total,Ekerö,2014.0,0.9759322246669364,14.274016858345497,Linear
568,crop_yield_total,Ekerö,2015.0,0.951615896231716,11.074819791139749,Linear
569,crop_yield_total,Ekerö,2016.0,0.8869742599784218,3.203724967909985,Linear
570,crop_yield_total,Ekerö,2017.0,0.9438616965452672,9.478150059240049,Linear
571,crop_yield_total,Ekerö,2018.0,0.5381786266225995,-37.772186014410934,Linear
572,crop_yield_total,Ekerö,2019.0,0.924204043442625,6.5293373042533505,Linear
573,crop_yield_total,Ekerö,2020.0,0.9756170608610664,12.105839466191865,Linear
574,crop_yield_total,Ekerö,2021.0,0.7661708048626098,-12.234034563915369,Linear
575,crop_yield_total,Ekerö,2022.0,0.9500751737717342,8.496159350240287,Linear
576,crop_yield_total,Eksjö,2005.0,0.8231413872334318,-0.8592640667811631,Linear
577,crop_yield_total,Eksjö,2006.0,0.5560034534115266,-33.403070646717566,Linear
578,crop_yield_total,Eksjö,2007.0,0.849246796689325,1.163268024879047,Linear
579,crop_yield_total,Eksjö,2008.0,0.8648468917627017,2.4597838808112797,Linear
580,crop_yield_total,Eksjö,2009.0,0.955737662069078,12.61366550576091,Linear
581,crop_yield_total,Eksjö,2010.0,0.8288845316508049,-2.860158140336783,Linear
582,crop_yield_total,Eksjö,2011.0,0.8901894713650824,3.7646463757669086,Linear
583,crop_yield_total,Eksjö,2012.0,0.8492997598594791,-1.5299722756819134,Linear
584,crop_yield_total,Eksjö,2013.0,1.0676717642114328,23.131533216685725,Linear
585,crop_yield_total,Eksjö,2014.0,0.9392187438779384,7.7454625369339585,Linear
586,crop_yield_total,Eksjö,2015.0,1.0561296846674046,20.52088336744726,Linear
587,crop_yield_total,Eksjö,2016.0,0.9372310403709746,6.393848984720966,Linear
588,crop_yield_total,Eksjö,2017.0,0.928127329188098,4.812740211630031,Linear
589,crop_yield_total,Eksjö,2018.0,0.5631988071121873,-36.72726135017779,Linear
590,crop_yield_total,Eksjö,2019.0,0.8093248144173877,-9.54391905029091,Linear
591,crop_yield_total,Eksjö,2020.0,1.0847875870141008,20.62327559831385,Linear
592,crop_yield_total,Eksjö,2021.0,0.7657378045122996,-15.28713386704277,Linear
593,crop_yield_total,Eksjö,2022.0,0.8804225256753493,-3.093129276275071,Linear
594,crop_yield_total,Emmaboda,2005.0,0.8852263816472958,0.7533134834884078,Linear
595,crop_yield_total,Emmaboda,2006.0,0.6683618846246893,-24.538964088460197,Linear
596,crop_yield_total,Emmaboda,2007.0,0.869308137215771,-2.6314246941760224,Linear
597,crop_yield_total,Emmaboda,2008.0,0.917075480489375,1.9087742754838795,Linear
598,crop_yield_total,Emmaboda,2009.0,0.994757494108262,9.676138849603683,Linear
599,crop_yield_total,Emmaboda,2010.0,0.7579996469843103,-17.07624421026325,Linear
600,crop_yield_total,Emmaboda,2011.0,0.8389633990355513,-8.92604812811451,Linear
601,crop_yield_total,Emmaboda,2012.0,1.119748109964248,20.62532305474832,Linear
602,crop_yield_total,Emmaboda,2013.0,1.059152318367517,13.231938236534141,Linear
603,crop_yield_total,Emmaboda,2014.0,1.071787414749727,13.719919367058905,Linear
604,crop_yield_total,Emmaboda,2015.0,1.1211363551571136,18.066943729224946,Linear
605,crop_yield_total,Emmaboda,2016.0,1.053595829970825,10.131152334156383,Linear
606,crop_yield_total,Emmaboda,2017.0,0.998837204675912,3.6384731633330567,Linear
607,crop_yield_total,Emmaboda,2018.0,0.7004227096110055,-27.855999767212946,Linear
608,crop_yield_total,Emmaboda,2019.0,0.9540398661139998,-2.446369747567467,Linear
609,crop_yield_total,Emmaboda,2020.0,1.207105271507816,22.541119097369613,Linear
610,crop_yield_total,Emmaboda,2021.0,0.7944150994345057,-19.93061150827489,Linear
611,crop_yield_total,Emmaboda,2022.0,0.8888338922649469,-11.050363993283629,Linear
612,crop_yield_total,Enköping,2005.0,1.0053307651718697,3.2220781010226185,Linear
613,crop_yield_total,Enköping,2006.0,0.9351008356118972,-4.209226183415208,Linear
614,crop_yield_total,Enköping,2007.0,1.071372009663783,9.498818650240286,Linear
615,crop_yield_total,Enköping,2008.0,1.0299218561757943,5.021832760656003,Linear
616,crop_yield_total,Enköping,2009.0,0.9901292402231364,0.7339013992325626,Linear
617,crop_yield_total,Enköping,2010.0,0.8688880507000445,-11.802088495935818,Linear
618,crop_yield_total,Enköping,2011.0,0.7868676549133022,-20.309027453518713,Linear
619,crop_yield_total,Enköping,2012.0,0.9612142936646394,-2.872357221944868,Linear
620,crop_yield_total,Enköping,2013.0,0.9691109398589391,-2.295729200418359,Linear
621,crop_yield_total,Enköping,2014.0,1.1044953315212325,11.102434996692768,Linear
622,crop_yield_total,Enköping,2015.0,1.176399562784826,18.069139054950902,Linear
623,crop_yield_total,Enköping,2016.0,1.085287334789325,8.680173779040604,Linear
624,crop_yield_total,Enköping,2017.0,1.0907951359539596,8.987080132144587,Linear
625,crop_yield_total,Enköping,2018.0,0.5970288556207626,-40.481008901375674,Linear
626,crop_yield_total,Enköping,2019.0,1.1311635375464586,12.516501255952923,Linear
627,crop_yield_total,Enköping,2020.0,1.1374119682672146,12.886330839238935,Linear
628,crop_yield_total,Enköping,2021.0,0.9207329382323431,-8.821564758911776,Linear
629,crop_yield_total,Enköping,2022.0,1.012797262496733,0.07325018444391168,Linear
630,crop_yield_total,Eskilstuna,2005.0,0.9307631680143256,1.7079569972195243,Linear
631,crop_yield_total,Eskilstuna,2006.0,0.8429914883003611,-8.28690097555507,Linear
632,crop_yield_total,Eskilstuna,2007.0,0.9929789779539376,7.559558997714591,Linear
633,crop_yield_total,Eskilstuna,2008.0,0.9863713187967076,6.379622069906193,Linear
634,crop_yield_total,Eskilstuna,2009.0,0.9533205348426596,2.370353276455031,Linear
635,crop_yield_total,Eskilstuna,2010.0,0.6986717556125399,-25.297727362975003,Linear
636,crop_yield_total,Eskilstuna,2011.0,0.8874995763627134,-5.515142506690992,Linear
637,crop_yield_total,Eskilstuna,2012.0,0.9575477174280252,1.506978801155693,Linear
638,crop_yield_total,Eskilstuna,2013.0,0.9447651479078376,-0.2739359156199553,Linear
639,crop_yield_total,Eskilstuna,2014.0,1.074392400619184,12.928857444333609,Linear
640,crop_yield_total,Eskilstuna,2015.0,1.135069034994538,18.803506825012544,Linear
641,crop_yield_total,Eskilstuna,2016.0,1.0546403117123333,9.921855360710746,Linear
642,crop_yield_total,Eskilstuna,2017.0,1.0436038604785798,8.316773410115374,Linear
643,crop_yield_total,Eskilstuna,2018.0,0.6612685665841174,-31.651991659770434,Linear
644,crop_yield_total,Eskilstuna,2019.0,1.0681557633071428,9.945649506140168,Linear
645,crop_yield_total,Eskilstuna,2020.0,0.9141029349645544,-6.2995864296704,Linear
646,crop_yield_total,Eskilstuna,2021.0,0.9055002125016434,-7.563113360571995,Linear
647,crop_yield_total,Eskilstuna,2022.0,1.0370983964731302,5.437332264759273,Linear
648,crop_yield_total,Eslöv,2005.0,1.2715410196614996,5.605403418170274,Linear
649,crop_yield_total,Eslöv,2006.0,0.9880305740330608,-18.39403454443511,Linear
650,crop_yield_total,Eslöv,2007.0,1.2185960287169186,0.09681915867550189,Linear
651,crop_yield_total,Eslöv,2008.0,1.2059848482957567,-1.4799879103758824,Linear
652,crop_yield_total,Eslöv,2009.0,1.361061892098226,10.58481994190143,Linear
653,crop_yield_total,Eslöv,2010.0,1.140333978840678,-7.8495308993354165,Linear
654,crop_yield_total,Eslöv,2011.0,1.2466775863900117,0.20286793466632383,Linear
655,crop_yield_total,Eslöv,2012.0,1.3867330008194048,10.864346476382039,Linear
656,crop_yield_total,Eslöv,2013.0,1.3226697667077745,5.180668965082252,Linear
657,crop_yield_total,Eslöv,2014.0,1.3584686989172954,7.456294300967267,Linear
658,crop_yield_total,Eslöv,2015.0,1.412689982584855,11.157546156667356,Linear
659,crop_yield_total,Eslöv,2016.0,1.1960391112051754,-6.382003623357058,Linear
660,crop_yield_total,Eslöv,2017.0,1.3711336258318008,6.764655970997115,Linear
661,crop_yield_total,Eslöv,2018.0,0.8014914208814181,-37.914221878534846,Linear
662,crop_yield_total,Eslöv,2019.0,1.443761939841756,11.261781440822954,Linear
663,crop_yield_total,Eslöv,2020.0,1.3625103819553428,4.462143660686606,Linear
664,crop_yield_total,Eslöv,2021.0,1.1729326989488174,-10.531057162891646,Linear
665,crop_yield_total,Eslöv,2022.0,1.4348911521578174,8.89540579043737,Linear
666,crop_yield_total,Essunga,2005.0,1.0055775540286578,4.854664299363881,Linear
667,crop_yield_total,Essunga,2006.0,0.9190178175231424,-5.45767794494796,Linear
668,crop_yield_total,Essunga,2007.0,1.039546690973581,5.52485468698662,Linear
669,crop_yield_total,Essunga,2008.0,0.9643324682492214,-3.389973889170226,Linear
670,crop_yield_total,Essunga,2009.0,0.9637485848478334,-4.694481199289803,Linear
671,crop_yield_total,Essunga,2010.0,0.991837523461424,-3.1664057875009326,Linear
672,crop_yield_total,Essunga,2011.0,0.973209892013432,-6.1803613154120365,Linear
673,crop_yield_total,Essunga,2012.0,1.0141421672435171,-3.4490510855308756,Linear
674,crop_yield_total,Essunga,2013.0,1.1492429440193683,8.070474555781312,Linear
675,crop_yield_total,Essunga,2014.0,1.1314663550056376,5.1089677148457415,Linear
676,crop_yield_total,Essunga,2015.0,1.1883999248819652,9.075568901381246,Linear
677,crop_yield_total,Essunga,2016.0,1.131833670084348,2.654155792784723,Linear
678,crop_yield_total,Essunga,2017.0,1.2259176374746878,9.886697024965224,Linear
679,crop_yield_total,Essunga,2018.0,0.8499847563868758,-24.69144888409895,Linear
680,crop_yield_total,Essunga,2019.0,1.2750592219829564,11.678842277680355,Linear
681,crop_yield_total,Essunga,2020.0,1.1735438698645833,1.6258076435071667,Linear
682,crop_yield_total,Essunga,2021.0,1.0018857977539108,-14.208847309321277,Linear
683,crop_yield_total,Essunga,2022.0,1.2602610382701056,6.7231485573048015,Linear
684,crop_yield_total,Fagersta,2005.0,0.9427607030073076,0.2226226995416576,Linear
685,crop_yield_total,Fagersta,2006.0,0.8629659142617158,-8.713963460031414,Linear
686,crop_yield_total,Fagersta,2007.0,1.0704214342140037,12.673698382531729,Linear
687,crop_yield_total,Fagersta,2008.0,1.0045482589910382,5.221896247751371,Linear
688,crop_yield_total,Fagersta,2009.0,0.9435524400494516,-1.6488717923999159,Linear
689,crop_yield_total,Fagersta,2010.0,0.7548250396513732,-21.702498120220742,Linear
690,crop_yield_total,Fagersta,2011.0,0.9008989559154844,-7.001442454745173,Linear
691,crop_yield_total,Fagersta,2012.0,0.8734032144686694,-10.272915580899406,Linear
692,crop_yield_total,Fagersta,2013.0,1.0945607891226798,11.909594031070391,Linear
693,crop_yield_total,Fagersta,2014.0,1.0646584374642794,8.33438580665245,Linear
694,crop_yield_total,Fagersta,2015.0,1.2109268595278535,22.634414410976614,Linear
695,crop_yield_total,Fagersta,2016.0,1.0570271061311196,6.543936244245676,Linear
696,crop_yield_total,Fagersta,2017.0,1.1537407654846996,15.74671219527765,Linear
697,crop_yield_total,Fagersta,2018.0,0.6036946074108144,-39.718355337210326,Linear
698,crop_yield_total,Fagersta,2019.0,1.131142348636754,12.424741548480442,Linear
699,crop_yield_total,Fagersta,2020.0,1.1228939299893157,11.088624809727666,Linear
700,crop_yield_total,Fagersta,2021.0,0.8056894916477705,-20.659657480631115,Linear
701,crop_yield_total,Fagersta,2022.0,1.049741748899704,2.8995714285767233,Linear
702,crop_yield_total,Falkenberg,2005.0,1.1577165135612075,4.877474974758837,Linear
703,crop_yield_total,Falkenberg,2006.0,0.975044813499324,-12.036799293440948,Linear
704,crop_yield_total,Falkenberg,2007.0,1.0988267556214115,-1.2789913594343678,Linear
705,crop_yield_total,Falkenberg,2008.0,1.0907872901760762,-2.4040634814898545,Linear
706,crop_yield_total,Falkenberg,2009.0,1.2035757734970292,7.246653552350304,Linear
707,crop_yield_total,Falkenberg,2010.0,1.0972452927501042,-2.626683800476225,Linear
708,crop_yield_total,Falkenberg,2011.0,1.014581219143827,-10.328136919533481,Linear
709,crop_yield_total,Falkenberg,2012.0,1.1822844169226183,4.0714578795758625,Linear
710,crop_yield_total,Falkenberg,2013.0,1.2913923101208742,13.217945325970026,Linear
711,crop_yield_total,Falkenberg,2014.0,1.2802134267944956,11.787667667151034,Linear
712,crop_yield_total,Falkenberg,2015.0,1.2814206574477416,11.446047457409819,Linear
713,crop_yield_total,Falkenberg,2016.0,1.0702544489789712,-7.2896211799999815,Linear
714,crop_yield_total,Falkenberg,2017.0,1.232485496257918,6.34042025688114,Linear
715,crop_yield_total,Falkenberg,2018.0,0.759244238215366,-34.75005893241479,Linear
716,crop_yield_total,Falkenberg,2019.0,1.2630300026411423,8.11877559671261,Linear
717,crop_yield_total,Falkenberg,2020.0,1.2857248330404696,9.630408494608114,Linear
718,crop_yield_total,Falkenberg,2021.0,0.9937589630136764,-15.595369958205433,Linear
719,crop_yield_total,Falkenberg,2022.0,1.2950090389182771,9.563736479113706,Linear
720,crop_yield_total,Falköping,2005.0,1.0055775540286578,4.854664299363881,Linear
721,crop_yield_total,Falköping,2006.0,0.9190178175231424,-5.45767794494796,Linear
722,crop_yield_total,Falköping,2007.0,1.039546690973581,5.52485468698662,Linear
723,crop_yield_total,Falköping,2008.0,0.9643324682492214,-3.389973889170226,Linear
724,crop_yield_total,Falköping,2009.0,0.9637485848478334,-4.694481199289803,Linear
725,crop_yield_total,Falköping,2010.0,0.991837523461424,-3.1664057875009326,Linear
726,crop_yield_total,Falköping,2011.0,0.973209892013432,-6.1803613154120365,Linear
727,crop_yield_total,Falköping,2012.0,1.0141421672435171,-3.4490510855308756,Linear
728,crop_yield_total,Falköping,2013.0,1.1492429440193683,8.070474555781312,Linear
729,crop_yield_total,Falköping,2014.0,1.1314663550056376,5.1089677148457415,Linear
730,crop_yield_total,Falköping,2015.0,1.1883999248819652,9.075568901381246,Linear
731,crop_yield_total,Falköping,2016.0,1.131833670084348,2.654155792784723,Linear
732,crop_yield_total,Falköping,2017.0,1.2259176374746878,9.886697024965224,Linear
733,crop_yield_total,Falköping,2018.0,0.8499847563868758,-24.69144888409895,Linear
734,crop_yield_total,Falköping,2019.0,1.2750592219829564,11.678842277680355,Linear
735,crop_yield_total,Falköping,2020.0,1.1735438698645833,1.6258076435071667,Linear
736,crop_yield_total,Falköping,2021.0,1.0018857977539108,-14.208847309321277,Linear
737,crop_yield_total,Falköping,2022.0,1.2602610382701056,6.7231485573048015,Linear
738,crop_yield_total,Falun,2005.0,0.7932935245294663,1.5030905263688548,Linear
739,crop_yield_total,Falun,2006.0,0.6748350447231509,-14.175038060340519,Linear
740,crop_yield_total,Falun,2007.0,0.9674290899187774,22.298630137352166,Linear
741,crop_yield_total,Falun,2008.0,0.7788202824324088,-2.1317559923339537,Linear
742,crop_yield_total,Falun,2009.0,0.7657746700573635,-4.34160704346819,Linear
743,crop_yield_total,Falun,2010.0,0.6294649850731975,-21.8324560253873,Linear
744,crop_yield_total,Falun,2011.0,0.847385917040815,4.612606738756432,Linear
745,crop_yield_total,Falun,2012.0,0.7162034987169751,-12.097339044497629,Linear
746,crop_yield_total,Falun,2013.0,0.9642252173328064,17.658039511066008,Linear
747,crop_yield_total,Falun,2014.0,0.8656623164362899,5.022835480563956,Linear
748,crop_yield_total,Falun,2015.0,0.8977755207393596,8.29527050555989,Linear
749,crop_yield_total,Falun,2016.0,0.8694963301478308,4.287011631971183,Linear
750,crop_yield_total,Falun,2017.0,0.965222153520472,15.113050346299497,Linear
751,crop_yield_total,Falun,2018.0,0.5989120311880992,-28.97535944958592,Linear
752,crop_yield_total,Falun,2019.0,1.0269848340393724,21.10791326393559,Linear
753,crop_yield_total,Falun,2020.0,0.7972889307343404,-6.502432130388589,Linear
754,crop_yield_total,Falun,2021.0,0.7571545158990021,-11.700419966247683,Linear
755,crop_yield_total,Falun,2022.0,0.8780550029939568,1.835380286655701,Linear
756,crop_yield_total,Filipstad,2005.0,0.8132780307437152,5.256372138755697,Linear
757,crop_yield_total,Filipstad,2006.0,0.7183648676065323,-8.303958974610172,Linear
758,crop_yield_total,Filipstad,2007.0,0.9569800758639444,20.499823400886502,Linear
759,crop_yield_total,Filipstad,2008.0,0.8325218645715937,3.4276942001298902,Linear
760,crop_yield_total,Filipstad,2009.0,0.7013583325510492,-14.016249047011378,Linear
761,crop_yield_total,Filipstad,2010.0,0.6738968568169861,-18.458141181978498,Linear
762,crop_yield_total,Filipstad,2011.0,0.7449988835912011,-11.01288730957373,Linear
763,crop_yield_total,Filipstad,2012.0,0.8716135379672874,2.7901420327874216,Linear
764,crop_yield_total,Filipstad,2013.0,0.8679411044838969,1.0749747657560649,Linear
765,crop_yield_total,Filipstad,2014.0,0.8789078729499272,1.0859430551976537,Linear
766,crop_yield_total,Filipstad,2015.0,1.0359179092428858,17.688288301747452,Linear
767,crop_yield_total,Filipstad,2016.0,1.0259009231244876,15.143299241369279,Linear
768,crop_yield_total,Filipstad,2017.0,1.003353292246534,11.26940531309137,Linear
769,crop_yield_total,Filipstad,2018.0,0.5573712137171187,-38.917492950183835,Linear
770,crop_yield_total,Filipstad,2019.0,1.117651809251378,21.056920261252525,Linear
771,crop_yield_total,Filipstad,2020.0,0.9507760277121298,1.7960773418132785,Linear
772,crop_yield_total,Filipstad,2021.0,0.798861938640312,-15.442551181338047,Linear
773,crop_yield_total,Filipstad,2022.0,1.0038908478269497,5.063109760024586,Linear
774,crop_yield_total,Finspång,2005.0,1.054079468326702,4.824488907109136,Linear
775,crop_yield_total,Finspång,2006.0,0.9473759046331852,-6.507615610605639,Linear
776,crop_yield_total,Finspång,2007.0,1.0961947173319928,7.357287528236063,Linear
777,crop_yield_total,Finspång,2008.0,1.0399185958491992,1.078347129715196,Linear
778,crop_yield_total,Finspång,2009.0,1.0740680056902232,3.616803622886712,Linear
779,crop_yield_total,Finspång,2010.0,0.8305849052082035,-20.467183355935063,Linear
780,crop_yield_total,Finspång,2011.0,0.9655274588508276,-8.227024788475939,Linear
781,crop_yield_total,Finspång,2012.0,1.0885857289234822,2.7127259193219615,Linear
782,crop_yield_total,Finspång,2013.0,1.0852602814823216,1.6553415518023573,Linear
783,crop_yield_total,Finspång,2014.0,1.1179924244581017,3.966335194639158,Linear
784,crop_yield_total,Finspång,2015.0,1.2138214566192589,12.069862433726604,Linear
785,crop_yield_total,Finspång,2016.0,1.1264715682251747,3.2658370510541186,Linear
786,crop_yield_total,Finspång,2017.0,1.2308955696899149,12.042292651243706,Linear
787,crop_yield_total,Finspång,2018.0,0.8789600225750852,-20.55329806371168,Linear
788,crop_yield_total,Finspång,2019.0,1.2372919044802912,11.057072301978126,Linear
789,crop_yield_total,Finspång,2020.0,1.1462510719938417,2.1744087202652977,Linear
790,crop_yield_total,Finspång,2021.0,1.020583593560406,-9.651690439732137,Linear
791,crop_yield_total,Finspång,2022.0,1.1324970309639304,-0.42781244002577506,Linear
792,crop_yield_total,Flen,2005.0,0.9307631680143256,1.7079569972195243,Linear
793,crop_yield_total,Flen,2006.0,0.8429914883003611,-8.28690097555507,Linear
794,crop_yield_total,Flen,2007.0,0.9929789779539376,7.559558997714591,Linear
795,crop_yield_total,Flen,2008.0,0.9863713187967076,6.379622069906193,Linear
796,crop_yield_total,Flen,2009.0,0.9533205348426596,2.370353276455031,Linear
797,crop_yield_total,Flen,2010.0,0.6986717556125399,-25.297727362975003,Linear
798,crop_yield_total,Flen,2011.0,0.8874995763627134,-5.515142506690992,Linear
799,crop_yield_total,Flen,2012.0,0.9575477174280252,1.506978801155693,Linear
800,crop_yield_total,Flen,2013.0,0.9447651479078376,-0.2739359156199553,Linear
801,crop_yield_total,Flen,2014.0,1.074392400619184,12.928857444333609,Linear
802,crop_yield_total,Flen,2015.0,1.135069034994538,18.803506825012544,Linear
803,crop_yield_total,Flen,2016.0,1.0546403117123333,9.921855360710746,Linear
804,crop_yield_total,Flen,2017.0,1.0436038604785798,8.316773410115374,Linear
805,crop_yield_total,Flen,2018.0,0.6612685665841174,-31.651991659770434,Linear
806,crop_yield_total,Flen,2019.0,1.0681557633071428,9.945649506140168,Linear
807,crop_yield_total,Flen,2020.0,0.9141029349645544,-6.2995864296704,Linear
808,crop_yield_total,Flen,2021.0,0.9055002125016434,-7.563113360571995,Linear
809,crop_yield_total,Flen,2022.0,1.0370983964731302,5.437332264759273,Linear
810,crop_yield_total,Forshaga,2005.0,0.8132780307437152,5.256372138755697,Linear
811,crop_yield_total,Forshaga,2006.0,0.7183648676065323,-8.303958974610172,Linear
812,crop_yield_total,Forshaga,2007.0,0.9569800758639444,20.499823400886502,Linear
813,crop_yield_total,Forshaga,2008.0,0.8325218645715937,3.4276942001298902,Linear
814,crop_yield_total,Forshaga,2009.0,0.7013583325510492,-14.016249047011378,Linear
815,crop_yield_total,Forshaga,2010.0,0.6738968568169861,-18.458141181978498,Linear
816,crop_yield_total,Forshaga,2011.0,0.7449988835912011,-11.01288730957373,Linear
817,crop_yield_total,Forshaga,2012.0,0.8716135379672874,2.7901420327874216,Linear
818,crop_yield_total,Forshaga,2013.0,0.8679411044838969,1.0749747657560649,Linear
819,crop_yield_total,Forshaga,2014.0,0.8789078729499272,1.0859430551976537,Linear
820,crop_yield_total,Forshaga,2015.0,1.0359179092428858,17.688288301747452,Linear
821,crop_yield_total,Forshaga,2016.0,1.0259009231244876,15.143299241369279,Linear
822,crop_yield_total,Forshaga,2017.0,1.003353292246534,11.26940531309137,Linear
823,crop_yield_total,Forshaga,2018.0,0.5573712137171187,-38.917492950183835,Linear
824,crop_yield_total,Forshaga,2019.0,1.117651809251378,21.056920261252525,Linear
825,crop_yield_total,Forshaga,2020.0,0.9507760277121298,1.7960773418132785,Linear
826,crop_yield_total,Forshaga,2021.0,0.798861938640312,-15.442551181338047,Linear
827,crop_yield_total,Forshaga,2022.0,1.0038908478269497,5.063109760024586,Linear
828,crop_yield_total,Färgelanda,2005.0,1.0055775540286578,4.854664299363881,Linear
829,crop_yield_total,Färgelanda,2006.0,0.9190178175231424,-5.45767794494796,Linear
830,crop_yield_total,Färgelanda,2007.0,1.039546690973581,5.52485468698662,Linear
831,crop_yield_total,Färgelanda,2008.0,0.9643324682492214,-3.389973889170226,Linear
832,crop_yield_total,Färgelanda,2009.0,0.9637485848478334,-4.694481199289803,Linear
833,crop_yield_total,Färgelanda,2010.0,0.991837523461424,-3.1664057875009326,Linear
834,crop_yield_total,Färgelanda,2011.0,0.973209892013432,-6.1803613154120365,Linear
835,crop_yield_total,Färgelanda,2012.0,1.0141421672435171,-3.4490510855308756,Linear
836,crop_yield_total,Färgelanda,2013.0,1.1492429440193683,8.070474555781312,Linear
837,crop_yield_total,Färgelanda,2014.0,1.1314663550056376,5.1089677148457415,Linear
838,crop_yield_total,Färgelanda,2015.0,1.1883999248819652,9.075568901381246,Linear
839,crop_yield_total,Färgelanda,2016.0,1.131833670084348,2.654155792784723,Linear
840,crop_yield_total,Färgelanda,2017.0,1.2259176374746878,9.886697024965224,Linear
841,crop_yield_total,Färgelanda,2018.0,0.8499847563868758,-24.69144888409895,Linear
842,crop_yield_total,Färgelanda,2019.0,1.2750592219829564,11.678842277680355,Linear
843,crop_yield_total,Färgelanda,2020.0,1.1735438698645833,1.6258076435071667,Linear
844,crop_yield_total,Färgelanda,2021.0,1.0018857977539108,-14.208847309321277,Linear
845,crop_yield_total,Färgelanda,2022.0,1.2602610382701056,6.7231485573048015,Linear
846,crop_yield_total,Gagnef,2005.0,0.7932935245294663,1.5030905263688548,Linear
847,crop_yield_total,Gagnef,2006.0,0.6748350447231509,-14.175038060340519,Linear
848,crop_yield_total,Gagnef,2007.0,0.9674290899187774,22.298630137352166,Linear
849,crop_yield_total,Gagnef,2008.0,0.7788202824324088,-2.1317559923339537,Linear
850,crop_yield_total,Gagnef,2009.0,0.7657746700573635,-4.34160704346819,Linear
851,crop_yield_total,Gagnef,2010.0,0.6294649850731975,-21.8324560253873,Linear
852,crop_yield_total,Gagnef,2011.0,0.847385917040815,4.612606738756432,Linear
853,crop_yield_total,Gagnef,2012.0,0.7162034987169751,-12.097339044497629,Linear
854,crop_yield_total,Gagnef,2013.0,0.9642252173328064,17.658039511066008,Linear
855,crop_yield_total,Gagnef,2014.0,0.8656623164362899,5.022835480563956,Linear
856,crop_yield_total,Gagnef,2015.0,0.8977755207393596,8.29527050555989,Linear
857,crop_yield_total,Gagnef,2016.0,0.8694963301478308,4.287011631971183,Linear
858,crop_yield_total,Gagnef,2017.0,0.965222153520472,15.113050346299497,Linear
859,crop_yield_total,Gagnef,2018.0,0.5989120311880992,-28.97535944958592,Linear
860,crop_yield_total,Gagnef,2019.0,1.0269848340393724,21.10791326393559,Linear
861,crop_yield_total,Gagnef,2020.0,0.7972889307343404,-6.502432130388589,Linear
862,crop_yield_total,Gagnef,2021.0,0.7571545158990021,-11.700419966247683,Linear
863,crop_yield_total,Gagnef,2022.0,0.8780550029939568,1.835380286655701,Linear
864,crop_yield_total,Gislaved,2005.0,0.8231413872334318,-0.8592640667811631,Linear
865,crop_yield_total,Gislaved,2006.0,0.5560034534115266,-33.403070646717566,Linear
866,crop_yield_total,Gislaved,2007.0,0.849246796689325,1.163268024879047,Linear
867,crop_yield_total,Gislaved,2008.0,0.8648468917627017,2.4597838808112797,Linear
868,crop_yield_total,Gislaved,2009.0,0.955737662069078,12.61366550576091,Linear
869,crop_yield_total,Gislaved,2010.0,0.8288845316508049,-2.860158140336783,Linear
870,crop_yield_total,Gislaved,2011.0,0.8901894713650824,3.7646463757669086,Linear
871,crop_yield_total,Gislaved,2012.0,0.8492997598594791,-1.5299722756819134,Linear
872,crop_yield_total,Gislaved,2013.0,1.0676717642114328,23.131533216685725,Linear
873,crop_yield_total,Gislaved,2014.0,0.9392187438779384,7.7454625369339585,Linear
874,crop_yield_total,Gislaved,2015.0,1.0561296846674046,20.52088336744726,Linear
875,crop_yield_total,Gislaved,2016.0,0.9372310403709746,6.393848984720966,Linear
876,crop_yield_total,Gislaved,2017.0,0.928127329188098,4.812740211630031,Linear
877,crop_yield_total,Gislaved,2018.0,0.5631988071121873,-36.72726135017779,Linear
878,crop_yield_total,Gislaved,2019.0,0.8093248144173877,-9.54391905029091,Linear
879,crop_yield_total,Gislaved,2020.0,1.0847875870141008,20.62327559831385,Linear
880,crop_yield_total,Gislaved,2021.0,0.7657378045122996,-15.28713386704277,Linear
881,crop_yield_total,Gislaved,2022.0,0.8804225256753493,-3.093129276275071,Linear
882,crop_yield_total,Gnesta,2005.0,0.9307631680143256,1.7079569972195243,Linear
883,crop_yield_total,Gnesta,2006.0,0.8429914883003611,-8.28690097555507,Linear
884,crop_yield_total,Gnesta,2007.0,0.9929789779539376,7.559558997714591,Linear
885,crop_yield_total,Gnesta,2008.0,0.9863713187967076,6.379622069906193,Linear
886,crop_yield_total,Gnesta,2009.0,0.9533205348426596,2.370353276455031,Linear
887,crop_yield_total,Gnesta,2010.0,0.6986717556125399,-25.297727362975003,Linear
888,crop_yield_total,Gnesta,2011.0,0.8874995763627134,-5.515142506690992,Linear
889,crop_yield_total,Gnesta,2012.0,0.9575477174280252,1.506978801155693,Linear
890,crop_yield_total,Gnesta,2013.0,0.9447651479078376,-0.2739359156199553,Linear
891,crop_yield_total,Gnesta,2014.0,1.074392400619184,12.928857444333609,Linear
892,crop_yield_total,Gnesta,2015.0,1.135069034994538,18.803506825012544,Linear
893,crop_yield_total,Gnesta,2016.0,1.0546403117123333,9.921855360710746,Linear
894,crop_yield_total,Gnesta,2017.0,1.0436038604785798,8.316773410115374,Linear
895,crop_yield_total,Gnesta,2018.0,0.6612685665841174,-31.651991659770434,Linear
896,crop_yield_total,Gnesta,2019.0,1.0681557633071428,9.945649506140168,Linear
897,crop_yield_total,Gnesta,2020.0,0.9141029349645544,-6.2995864296704,Linear
898,crop_yield_total,Gnesta,2021.0,0.9055002125016434,-7.563113360571995,Linear
899,crop_yield_total,Gnesta,2022.0,1.0370983964731302,5.437332264759273,Linear
900,crop_yield_total,Gnosjö,2005.0,0.8231413872334318,-0.8592640667811631,Linear
901,crop_yield_total,Gnosjö,2006.0,0.5560034534115266,-33.403070646717566,Linear
902,crop_yield_total,Gnosjö,2007.0,0.849246796689325,1.163268024879047,Linear
903,crop_yield_total,Gnosjö,2008.0,0.8648468917627017,2.4597838808112797,Linear
904,crop_yield_total,Gnosjö,2009.0,0.955737662069078,12.61366550576091,Linear
905,crop_yield_total,Gnosjö,2010.0,0.8288845316508049,-2.860158140336783,Linear
906,crop_yield_total,Gnosjö,2011.0,0.8901894713650824,3.7646463757669086,Linear
907,crop_yield_total,Gnosjö,2012.0,0.8492997598594791,-1.5299722756819134,Linear
908,crop_yield_total,Gnosjö,2013.0,1.0676717642114328,23.131533216685725,Linear
909,crop_yield_total,Gnosjö,2014.0,0.9392187438779384,7.7454625369339585,Linear
910,crop_yield_total,Gnosjö,2015.0,1.0561296846674046,20.52088336744726,Linear
911,crop_yield_total,Gnosjö,2016.0,0.9372310403709746,6.393848984720966,Linear
912,crop_yield_total,Gnosjö,2017.0,0.928127329188098,4.812740211630031,Linear
913,crop_yield_total,Gnosjö,2018.0,0.5631988071121873,-36.72726135017779,Linear
914,crop_yield_total,Gnosjö,2019.0,0.8093248144173877,-9.54391905029091,Linear
915,crop_yield_total,Gnosjö,2020.0,1.0847875870141008,20.62327559831385,Linear
916,crop_yield_total,Gnosjö,2021.0,0.7657378045122996,-15.28713386704277,Linear
917,crop_yield_total,Gnosjö,2022.0,0.8804225256753493,-3.093129276275071,Linear
918,crop_yield_total,Gotland,2005.0,0.9234931644284546,2.752291429111427,Linear
919,crop_yield_total,Gotland,2006.0,0.7120563407636392,-20.72590419120898,Linear
920,crop_yield_total,Gotland,2007.0,0.8540503653848861,-4.860758376091035,Linear
921,crop_yield_total,Gotland,2008.0,0.899728906958356,0.28761299815271874,Linear
922,crop_yield_total,Gotland,2009.0,0.9660222232103202,7.741324771566456,Linear
923,crop_yield_total,Gotland,2010.0,0.7568958615958014,-15.532225269081792,Linear
924,crop_yield_total,Gotland,2011.0,0.7926621128428586,-11.487846595697816,Linear
925,crop_yield_total,Gotland,2012.0,1.145425413825605,27.97986874336818,Linear
926,crop_yield_total,Gotland,2013.0,1.0094018664524909,12.849371450995129,Linear
927,crop_yield_total,Gotland,2014.0,0.9987499191044588,11.725459498845813,Linear
928,crop_yield_total,Gotland,2015.0,1.079924758580495,20.878593427769886,Linear
929,crop_yield_total,Gotland,2016.0,0.983190214540626,10.116934077215204,Linear
930,crop_yield_total,Gotland,2017.0,0.961959922782689,7.803872760904672,Linear
931,crop_yield_total,Gotland,2018.0,0.513057493876425,-42.46867233170856,Linear
932,crop_yield_total,Gotland,2019.0,0.9293164252264076,4.270896669102167,Linear
933,crop_yield_total,Gotland,2020.0,0.9348690185043778,4.957035045284275,Linear
934,crop_yield_total,Gotland,2021.0,0.7055927129327614,-20.73593855831712,Linear
935,crop_yield_total,Gotland,2022.0,0.9292083670392116,4.447236141405425,Linear
936,crop_yield_total,Grums,2005.0,0.8132780307437152,5.256372138755697,Linear
937,crop_yield_total,Grums,2006.0,0.7183648676065323,-8.303958974610172,Linear
938,crop_yield_total,Grums,2007.0,0.9569800758639444,20.499823400886502,Linear
939,crop_yield_total,Grums,2008.0,0.8325218645715937,3.4276942001298902,Linear
940,crop_yield_total,Grums,2009.0,0.7013583325510492,-14.016249047011378,Linear
941,crop_yield_total,Grums,2010.0,0.6738968568169861,-18.458141181978498,Linear
942,crop_yield_total,Grums,2011.0,0.7449988835912011,-11.01288730957373,Linear
943,crop_yield_total,Grums,2012.0,0.8716135379672874,2.7901420327874216,Linear
944,crop_yield_total,Grums,2013.0,0.8679411044838969,1.0749747657560649,Linear
945,crop_yield_total,Grums,2014.0,0.8789078729499272,1.0859430551976537,Linear
946,crop_yield_total,Grums,2015.0,1.0359179092428858,17.688288301747452,Linear
947,crop_yield_total,Grums,2016.0,1.0259009231244876,15.143299241369279,Linear
948,crop_yield_total,Grums,2017.0,1.003353292246534,11.26940531309137,Linear
949,crop_yield_total,Grums,2018.0,0.5573712137171187,-38.917492950183835,Linear
950,crop_yield_total,Grums,2019.0,1.117651809251378,21.056920261252525,Linear
951,crop_yield_total,Grums,2020.0,0.9507760277121298,1.7960773418132785,Linear
952,crop_yield_total,Grums,2021.0,0.798861938640312,-15.442551181338047,Linear
953,crop_yield_total,Grums,2022.0,1.0038908478269497,5.063109760024586,Linear
954,crop_yield_total,Grästorp,2005.0,1.0055775540286578,4.854664299363881,Linear
955,crop_yield_total,Grästorp,2006.0,0.9190178175231424,-5.45767794494796,Linear
956,crop_yield_total,Grästorp,2007.0,1.039546690973581,5.52485468698662,Linear
957,crop_yield_total,Grästorp,2008.0,0.9643324682492214,-3.389973889170226,Linear
958,crop_yield_total,Grästorp,2009.0,0.9637485848478334,-4.694481199289803,Linear
959,crop_yield_total,Grästorp,2010.0,0.991837523461424,-3.1664057875009326,Linear
960,crop_yield_total,Grästorp,2011.0,0.973209892013432,-6.1803613154120365,Linear
961,crop_yield_total,Grästorp,2012.0,1.0141421672435171,-3.4490510855308756,Linear
962,crop_yield_total,Grästorp,2013.0,1.1492429440193683,8.070474555781312,Linear
963,crop_yield_total,Grästorp,2014.0,1.1314663550056376,5.1089677148457415,Linear
964,crop_yield_total,Grästorp,2015.0,1.1883999248819652,9.075568901381246,Linear
965,crop_yield_total,Grästorp,2016.0,1.131833670084348,2.654155792784723,Linear
966,crop_yield_total,Grästorp,2017.0,1.2259176374746878,9.886697024965224,Linear
967,crop_yield_total,Grästorp,2018.0,0.8499847563868758,-24.69144888409895,Linear
968,crop_yield_total,Grästorp,2019.0,1.2750592219829564,11.678842277680355,Linear
969,crop_yield_total,Grästorp,2020.0,1.1735438698645833,1.6258076435071667,Linear
970,crop_yield_total,Grästorp,2021.0,1.0018857977539108,-14.208847309321277,Linear
971,crop_yield_total,Grästorp,2022.0,1.2602610382701056,6.7231485573048015,Linear
972,crop_yield_total,Gullspång,2005.0,1.0055775540286578,4.854664299363881,Linear
973,crop_yield_total,Gullspång,2006.0,0.9190178175231424,-5.45767794494796,Linear
974,crop_yield_total,Gullspång,2007.0,1.039546690973581,5.52485468698662,Linear
975,crop_yield_total,Gullspång,2008.0,0.9643324682492214,-3.389973889170226,Linear
976,crop_yield_total,Gullspång,2009.0,0.9637485848478334,-4.694481199289803,Linear
977,crop_yield_total,Gullspång,2010.0,0.991837523461424,-3.1664057875009326,Linear
978,crop_yield_total,Gullspång,2011.0,0.973209892013432,-6.1803613154120365,Linear
979,crop_yield_total,Gullspång,2012.0,1.0141421672435171,-3.4490510855308756,Linear
980,crop_yield_total,Gullspång,2013.0,1.1492429440193683,8.070474555781312,Linear
981,crop_yield_total,Gullspång,2014.0,1.1314663550056376,5.1089677148457415,Linear
982,crop_yield_total,Gullspång,2015.0,1.1883999248819652,9.075568901381246,Linear
983,crop_yield_total,Gullspång,2016.0,1.131833670084348,2.654155792784723,Linear
984,crop_yield_total,Gullspång,2017.0,1.2259176374746878,9.886697024965224,Linear
985,crop_yield_total,Gullspång,2018.0,0.8499847563868758,-24.69144888409895,Linear
986,crop_yield_total,Gullspång,2019.0,1.2750592219829564,11.678842277680355,Linear
987,crop_yield_total,Gullspång,2020.0,1.1735438698645833,1.6258076435071667,Linear
988,crop_yield_total,Gullspång,2021.0,1.0018857977539108,-14.208847309321277,Linear
989,crop_yield_total,Gullspång,2022.0,1.2602610382701056,6.7231485573048015,Linear
990,crop_yield_total,Gällivare,2005.0,0.4922962630521896,-4.471520669228847,Linear
991,crop_yield_total,Gällivare,2006.0,0.5843836788284416,12.655771708420874,Linear
992,crop_yield_total,Gällivare,2007.0,0.6062698266333174,16.115169373794757,Linear
993,crop_yield_total,Gällivare,2008.0,0.5791900908704196,10.212313219420464,Linear
994,crop_yield_total,Gällivare,2009.0,0.5822199590021587,10.07791355399643,Linear
995,crop_yield_total,Gällivare,2010.0,0.5465485355333007,2.6747902509486643,Linear
996,crop_yield_total,Gällivare,2011.0,0.2751106809097622,-48.6450645593767,Linear
997,crop_yield_total,Gällivare,2012.0,0.3440891592200569,-36.17323895990114,Linear
998,crop_yield_total,Gällivare,2013.0,0.7167427405799807,32.12025844110137,Linear
999,crop_yield_total,Gällivare,2014.0,0.6585647664901455,20.641269722796984,Linear
1000,crop_yield_total,Gällivare,2015.0,0.404048769726256,-26.440413133353847,Linear
1001,crop_yield_total,Gällivare,2016.0,0.6032614872879074,9.153021301405936,Linear
1002,crop_yield_total,Gällivare,2017.0,0.3250606904726549,-41.54311597827825,Linear
1003,crop_yield_total,Gällivare,2018.0,0.6279705794816417,12.245188616932843,Linear
1004,crop_yield_total,Gällivare,2019.0,0.6143768867828727,9.153211547261158,Linear
1005,crop_yield_total,Gällivare,2020.0,0.7459271262863484,31.73071688816067,Linear
1006,crop_yield_total,Gällivare,2021.0,0.4608645374282721,-19.09626822128907,Linear
1007,crop_yield_total,Gällivare,2022.0,0.628489605680998,9.67645118493726,Linear
1008,crop_yield_total,Gävle,2005.0,0.5586267243142916,-3.9353941755930544,Linear
1009,crop_yield_total,Gävle,2006.0,0.4486155227270755,-24.893857835944374,Linear
1010,crop_yield_total,Gävle,2007.0,0.7177662062564565,17.07050849861118,Linear
1011,crop_yield_total,Gävle,2008.0,0.7040390696962168,11.947142529035823,Linear
1012,crop_yield_total,Gävle,2009.0,0.685799833142161,6.3749785182911936,Linear
1013,crop_yield_total,Gävle,2010.0,0.5336309932472948,-19.207723591415427,Linear
1014,crop_yield_total,Gävle,2011.0,0.6333183084233747,-6.354689874114043,Linear
1015,crop_yield_total,Gävle,2012.0,0.6051451946268263,-12.562890712888167,Linear
1016,crop_yield_total,Gävle,2013.0,0.8419230242673813,18.934301339410588,Linear
1017,crop_yield_total,Gävle,2014.0,0.770811628933011,6.511835122819759,Linear
1018,crop_yield_total,Gävle,2015.0,0.8711818978205853,17.80949955543279,Linear
1019,crop_yield_total,Gävle,2016.0,0.8415857004699163,11.426865412805654,Linear
1020,crop_yield_total,Gävle,2017.0,0.7903854407425971,2.5039556244039933,Linear
1021,crop_yield_total,Gävle,2018.0,0.6249872143676405,-20.573527300833263,Linear
1022,crop_yield_total,Gävle,2019.0,0.7883235623135229,-1.7876338672347365,Linear
1023,crop_yield_total,Gävle,2020.0,0.8937253173107546,9.194685044258193,Linear
1024,crop_yield_total,Gävle,2021.0,0.7314293378878856,-12.326689917044614,Linear
1025,crop_yield_total,Gävle,2022.0,0.8428847387888116,-0.8445588934668187,Linear
1026,crop_yield_total,Göteborg,2005.0,1.0055775540286578,4.854664299363881,Linear
1027,crop_yield_total,Göteborg,2006.0,0.9190178175231424,-5.45767794494796,Linear
1028,crop_yield_total,Göteborg,2007.0,1.039546690973581,5.52485468698662,Linear
1029,crop_yield_total,Göteborg,2008.0,0.9643324682492214,-3.389973889170226,Linear
1030,crop_yield_total,Göteborg,2009.0,0.9637485848478334,-4.694481199289803,Linear
1031,crop_yield_total,Göteborg,2010.0,0.991837523461424,-3.1664057875009326,Linear
1032,crop_yield_total,Göteborg,2011.0,0.973209892013432,-6.1803613154120365,Linear
1033,crop_yield_total,Göteborg,2012.0,1.0141421672435171,-3.4490510855308756,Linear
1034,crop_yield_total,Göteborg,2013.0,1.1492429440193683,8.070474555781312,Linear
1035,crop_yield_total,Göteborg,2014.0,1.1314663550056376,5.1089677148457415,Linear
1036,crop_yield_total,Göteborg,2015.0,1.1883999248819652,9.075568901381246,Linear
1037,crop_yield_total,Göteborg,2016.0,1.131833670084348,2.654155792784723,Linear
1038,crop_yield_total,Göteborg,2017.0,1.2259176374746878,9.886697024965224,Linear
1039,crop_yield_total,Göteborg,2018.0,0.8499847563868758,-24.69144888409895,Linear
1040,crop_yield_total,Göteborg,2019.0,1.2750592219829564,11.678842277680355,Linear
1041,crop_yield_total,Göteborg,2020.0,1.1735438698645833,1.6258076435071667,Linear
1042,crop_yield_total,Göteborg,2021.0,1.0018857977539108,-14.208847309321277,Linear
1043,crop_yield_total,Göteborg,2022.0,1.2602610382701056,6.7231485573048015,Linear
1044,crop_yield_total,Götene,2005.0,1.0055775540286578,4.854664299363881,Linear
1045,crop_yield_total,Götene,2006.0,0.9190178175231424,-5.45767794494796,Linear
1046,crop_yield_total,Götene,2007.0,1.039546690973581,5.52485468698662,Linear
1047,crop_yield_total,Götene,2008.0,0.9643324682492214,-3.389973889170226,Linear
1048,crop_yield_total,Götene,2009.0,0.9637485848478334,-4.694481199289803,Linear
1049,crop_yield_total,Götene,2010.0,0.991837523461424,-3.1664057875009326,Linear
1050,crop_yield_total,Götene,2011.0,0.973209892013432,-6.1803613154120365,Linear
1051,crop_yield_total,Götene,2012.0,1.0141421672435171,-3.4490510855308756,Linear
1052,crop_yield_total,Götene,2013.0,1.1492429440193683,8.070474555781312,Linear
1053,crop_yield_total,Götene,2014.0,1.1314663550056376,5.1089677148457415,Linear
1054,crop_yield_total,Götene,2015.0,1.1883999248819652,9.075568901381246,Linear
1055,crop_yield_total,Götene,2016.0,1.131833670084348,2.654155792784723,Linear
1056,crop_yield_total,Götene,2017.0,1.2259176374746878,9.886697024965224,Linear
1057,crop_yield_total,Götene,2018.0,0.8499847563868758,-24.69144888409895,Linear
1058,crop_yield_total,Götene,2019.0,1.2750592219829564,11.678842277680355,Linear
1059,crop_yield_total,Götene,2020.0,1.1735438698645833,1.6258076435071667,Linear
1060,crop_yield_total,Götene,2021.0,1.0018857977539108,-14.208847309321277,Linear
1061,crop_yield_total,Götene,2022.0,1.2602610382701056,6.7231485573048015,Linear
1062,crop_yield_total,Habo,2005.0,0.8231413872334318,-0.8592640667811631,Linear
1063,crop_yield_total,Habo,2006.0,0.5560034534115266,-33.403070646717566,Linear
1064,crop_yield_total,Habo,2007.0,0.849246796689325,1.163268024879047,Linear
1065,crop_yield_total,Habo,2008.0,0.8648468917627017,2.4597838808112797,Linear
1066,crop_yield_total,Habo,2009.0,0.955737662069078,12.61366550576091,Linear
1067,crop_yield_total,Habo,2010.0,0.8288845316508049,-2.860158140336783,Linear
1068,crop_yield_total,Habo,2011.0,0.8901894713650824,3.7646463757669086,Linear
1069,crop_yield_total,Habo,2012.0,0.8492997598594791,-1.5299722756819134,Linear
1070,crop_yield_total,Habo,2013.0,1.0676717642114328,23.131533216685725,Linear
1071,crop_yield_total,Habo,2014.0,0.9392187438779384,7.7454625369339585,Linear
1072,crop_yield_total,Habo,2015.0,1.0561296846674046,20.52088336744726,Linear
1073,crop_yield_total,Habo,2016.0,0.9372310403709746,6.393848984720966,Linear
1074,crop_yield_total,Habo,2017.0,0.928127329188098,4.812740211630031,Linear
1075,crop_yield_total,Habo,2018.0,0.5631988071121873,-36.72726135017779,Linear
1076,crop_yield_total,Habo,2019.0,0.8093248144173877,-9.54391905029091,Linear
1077,crop_yield_total,Habo,2020.0,1.0847875870141008,20.62327559831385,Linear
1078,crop_yield_total,Habo,2021.0,0.7657378045122996,-15.28713386704277,Linear
1079,crop_yield_total,Habo,2022.0,0.8804225256753493,-3.093129276275071,Linear
1080,crop_yield_total,Hagfors,2005.0,0.8132780307437152,5.256372138755697,Linear
1081,crop_yield_total,Hagfors,2006.0,0.7183648676065323,-8.303958974610172,Linear
1082,crop_yield_total,Hagfors,2007.0,0.9569800758639444,20.499823400886502,Linear
1083,crop_yield_total,Hagfors,2008.0,0.8325218645715937,3.4276942001298902,Linear
1084,crop_yield_total,Hagfors,2009.0,0.7013583325510492,-14.016249047011378,Linear
1085,crop_yield_total,Hagfors,2010.0,0.6738968568169861,-18.458141181978498,Linear
1086,crop_yield_total,Hagfors,2011.0,0.7449988835912011,-11.01288730957373,Linear
1087,crop_yield_total,Hagfors,2012.0,0.8716135379672874,2.7901420327874216,Linear
1088,crop_yield_total,Hagfors,2013.0,0.8679411044838969,1.0749747657560649,Linear
1089,crop_yield_total,Hagfors,2014.0,0.8789078729499272,1.0859430551976537,Linear
1090,crop_yield_total,Hagfors,2015.0,1.0359179092428858,17.688288301747452,Linear
1091,crop_yield_total,Hagfors,2016.0,1.0259009231244876,15.143299241369279,Linear
1092,crop_yield_total,Hagfors,2017.0,1.003353292246534,11.26940531309137,Linear
1093,crop_yield_total,Hagfors,2018.0,0.5573712137171187,-38.917492950183835,Linear
1094,crop_yield_total,Hagfors,2019.0,1.117651809251378,21.056920261252525,Linear
1095,crop_yield_total,Hagfors,2020.0,0.9507760277121298,1.7960773418132785,Linear
1096,crop_yield_total,Hagfors,2021.0,0.798861938640312,-15.442551181338047,Linear
1097,crop_yield_total,Hagfors,2022.0,1.0038908478269497,5.063109760024586,Linear
1098,crop_yield_total,Hallsberg,2005.0,1.0390841874046493,1.6051947750879678,Linear
1099,crop_yield_total,Hallsberg,2006.0,0.919756991826129,-10.460396439415378,Linear
1100,crop_yield_total,Hallsberg,2007.0,1.1438177187633782,10.86239580911901,Linear
1101,crop_yield_total,Hallsberg,2008.0,1.0857433926340216,4.772765991464095,Linear
1102,crop_yield_total,Hallsberg,2009.0,1.0306252630804096,-0.9797307542608245,Linear
1103,crop_yield_total,Hallsberg,2010.0,0.8245625460968465,-21.121746555956395,Linear
1104,crop_yield_total,Hallsberg,2011.0,1.039654543639088,-0.9758127743044388,Linear
1105,crop_yield_total,Hallsberg,2012.0,0.972558105409714,-7.765275942646036,Linear
1106,crop_yield_total,Hallsberg,2013.0,1.192221558312812,12.582419127312036,Linear
1107,crop_yield_total,Hallsberg,2014.0,1.1046434877667253,3.8672013630448387,Linear
1108,crop_yield_total,Hallsberg,2015.0,1.1792971653385864,10.415525805229628,Linear
1109,crop_yield_total,Hallsberg,2016.0,1.156302266459355,7.804454470188704,Linear
1110,crop_yield_total,Hallsberg,2017.0,1.2263115478110302,13.849823630893464,Linear
1111,crop_yield_total,Hallsberg,2018.0,0.7593125406396093,-29.801789310265253,Linear
1112,crop_yield_total,Hallsberg,2019.0,1.2947720576631043,19.201126442801154,Linear
1113,crop_yield_total,Hallsberg,2020.0,1.1247345627015133,3.1160422414118054,Linear
1114,crop_yield_total,Hallsberg,2021.0,0.9162023680575028,-16.35032125303297,Linear
1115,crop_yield_total,Hallsberg,2022.0,1.0928266848247508,-0.6361779379191673,Linear
1116,crop_yield_total,Hallstahammar,2005.0,0.9427607030073076,0.2226226995416576,Linear
1117,crop_yield_total,Hallstahammar,2006.0,0.8629659142617158,-8.713963460031414,Linear
1118,crop_yield_total,Hallstahammar,2007.0,1.0704214342140037,12.673698382531729,Linear
1119,crop_yield_total,Hallstahammar,2008.0,1.0045482589910382,5.221896247751371,Linear
1120,crop_yield_total,Hallstahammar,2009.0,0.9435524400494516,-1.6488717923999159,Linear
1121,crop_yield_total,Hallstahammar,2010.0,0.7548250396513732,-21.702498120220742,Linear
1122,crop_yield_total,Hallstahammar,2011.0,0.9008989559154844,-7.001442454745173,Linear
1123,crop_yield_total,Hallstahammar,2012.0,0.8734032144686694,-10.272915580899406,Linear
1124,crop_yield_total,Hallstahammar,2013.0,1.0945607891226798,11.909594031070391,Linear
1125,crop_yield_total,Hallstahammar,2014.0,1.0646584374642794,8.33438580665245,Linear
1126,crop_yield_total,Hallstahammar,2015.0,1.2109268595278535,22.634414410976614,Linear
1127,crop_yield_total,Hallstahammar,2016.0,1.0570271061311196,6.543936244245676,Linear
1128,crop_yield_total,Hallstahammar,2017.0,1.1537407654846996,15.74671219527765,Linear
1129,crop_yield_total,Hallstahammar,2018.0,0.6036946074108144,-39.718355337210326,Linear
1130,crop_yield_total,Hallstahammar,2019.0,1.131142348636754,12.424741548480442,Linear
1131,crop_yield_total,Hallstahammar,2020.0,1.1228939299893157,11.088624809727666,Linear
1132,crop_yield_total,Hallstahammar,2021.0,0.8056894916477705,-20.659657480631115,Linear
1133,crop_yield_total,Hallstahammar,2022.0,1.049741748899704,2.8995714285767233,Linear
1134,crop_yield_total,Halmstad,2005.0,1.1577165135612075,4.877474974758837,Linear
1135,crop_yield_total,Halmstad,2006.0,0.975044813499324,-12.036799293440948,Linear
1136,crop_yield_total,Halmstad,2007.0,1.0988267556214115,-1.2789913594343678,Linear
1137,crop_yield_total,Halmstad,2008.0,1.0907872901760762,-2.4040634814898545,Linear
1138,crop_yield_total,Halmstad,2009.0,1.2035757734970292,7.246653552350304,Linear
1139,crop_yield_total,Halmstad,2010.0,1.0972452927501042,-2.626683800476225,Linear
1140,crop_yield_total,Halmstad,2011.0,1.014581219143827,-10.328136919533481,Linear
1141,crop_yield_total,Halmstad,2012.0,1.1822844169226183,4.0714578795758625,Linear
1142,crop_yield_total,Halmstad,2013.0,1.2913923101208742,13.217945325970026,Linear
1143,crop_yield_total,Halmstad,2014.0,1.2802134267944956,11.787667667151034,Linear
1144,crop_yield_total,Halmstad,2015.0,1.2814206574477416,11.446047457409819,Linear
1145,crop_yield_total,Halmstad,2016.0,1.0702544489789712,-7.2896211799999815,Linear
1146,crop_yield_total,Halmstad,2017.0,1.232485496257918,6.34042025688114,Linear
1147,crop_yield_total,Halmstad,2018.0,0.759244238215366,-34.75005893241479,Linear
1148,crop_yield_total,Halmstad,2019.0,1.2630300026411423,8.11877559671261,Linear
1149,crop_yield_total,Halmstad,2020.0,1.2857248330404696,9.630408494608114,Linear
1150,crop_yield_total,Halmstad,2021.0,0.9937589630136764,-15.595369958205433,Linear
1151,crop_yield_total,Halmstad,2022.0,1.2950090389182771,9.563736479113706,Linear
1152,crop_yield_total,Hammarö,2005.0,0.8132780307437152,5.256372138755697,Linear
1153,crop_yield_total,Hammarö,2006.0,0.7183648676065323,-8.303958974610172,Linear
1154,crop_yield_total,Hammarö,2007.0,0.9569800758639444,20.499823400886502,Linear
1155,crop_yield_total,Hammarö,2008.0,0.8325218645715937,3.4276942001298902,Linear
1156,crop_yield_total,Hammarö,2009.0,0.7013583325510492,-14.016249047011378,Linear
1157,crop_yield_total,Hammarö,2010.0,0.6738968568169861,-18.458141181978498,Linear
1158,crop_yield_total,Hammarö,2011.0,0.7449988835912011,-11.01288730957373,Linear
1159,crop_yield_total,Hammarö,2012.0,0.8716135379672874,2.7901420327874216,Linear
1160,crop_yield_total,Hammarö,2013.0,0.8679411044838969,1.0749747657560649,Linear
1161,crop_yield_total,Hammarö,2014.0,0.8789078729499272,1.0859430551976537,Linear
1162,crop_yield_total,Hammarö,2015.0,1.0359179092428858,17.688288301747452,Linear
1163,crop_yield_total,Hammarö,2016.0,1.0259009231244876,15.143299241369279,Linear
1164,crop_yield_total,Hammarö,2017.0,1.003353292246534,11.26940531309137,Linear
1165,crop_yield_total,Hammarö,2018.0,0.5573712137171187,-38.917492950183835,Linear
1166,crop_yield_total,Hammarö,2019.0,1.117651809251378,21.056920261252525,Linear
1167,crop_yield_total,Hammarö,2020.0,0.9507760277121298,1.7960773418132785,Linear
1168,crop_yield_total,Hammarö,2021.0,0.798861938640312,-15.442551181338047,Linear
1169,crop_yield_total,Hammarö,2022.0,1.0038908478269497,5.063109760024586,Linear
1170,crop_yield_total,Haninge,2005.0,0.8638851144303435,4.123456601783982,Linear
1171,crop_yield_total,Haninge,2006.0,0.7961760374702105,-4.3494396240272595,Linear
1172,crop_yield_total,Haninge,2007.0,0.9447176049289204,13.128191582466911,Linear
1173,crop_yield_total,Haninge,2008.0,0.8459048215493763,0.968363382519387,Linear
1174,crop_yield_total,Haninge,2009.0,0.8401403870928377,-0.042545041845959045,Linear
1175,crop_yield_total,Haninge,2010.0,0.66868847511859,-20.696714874730503,Linear
1176,crop_yield_total,Haninge,2011.0,0.7119163901465887,-15.840176249982301,Linear
1177,crop_yield_total,Haninge,2012.0,0.9032651673900608,6.439792293245046,Linear
1178,crop_yield_total,Haninge,2013.0,0.8608279315284972,1.1165984620435698,Linear
1179,crop_yield_total,Haninge,2014.0,0.9759322246669364,14.274016858345497,Linear
1180,crop_yield_total,Haninge,2015.0,0.951615896231716,11.074819791139749,Linear
1181,crop_yield_total,Haninge,2016.0,0.8869742599784218,3.203724967909985,Linear
1182,crop_yield_total,Haninge,2017.0,0.9438616965452672,9.478150059240049,Linear
1183,crop_yield_total,Haninge,2018.0,0.5381786266225995,-37.772186014410934,Linear
1184,crop_yield_total,Haninge,2019.0,0.924204043442625,6.5293373042533505,Linear
1185,crop_yield_total,Haninge,2020.0,0.9756170608610664,12.105839466191865,Linear
1186,crop_yield_total,Haninge,2021.0,0.7661708048626098,-12.234034563915369,Linear
1187,crop_yield_total,Haninge,2022.0,0.9500751737717342,8.496159350240287,Linear
1188,crop_yield_total,Haparanda,2005.0,0.4922962630521896,-4.471520669228847,Linear
1189,crop_yield_total,Haparanda,2006.0,0.5843836788284416,12.655771708420874,Linear
1190,crop_yield_total,Haparanda,2007.0,0.6062698266333174,16.115169373794757,Linear
1191,crop_yield_total,Haparanda,2008.0,0.5791900908704196,10.212313219420464,Linear
1192,crop_yield_total,Haparanda,2009.0,0.5822199590021587,10.07791355399643,Linear
1193,crop_yield_total,Haparanda,2010.0,0.5465485355333007,2.6747902509486643,Linear
1194,crop_yield_total,Haparanda,2011.0,0.2751106809097622,-48.6450645593767,Linear
1195,crop_yield_total,Haparanda,2012.0,0.3440891592200569,-36.17323895990114,Linear
1196,crop_yield_total,Haparanda,2013.0,0.7167427405799807,32.12025844110137,Linear
1197,crop_yield_total,Haparanda,2014.0,0.6585647664901455,20.641269722796984,Linear
1198,crop_yield_total,Haparanda,2015.0,0.404048769726256,-26.440413133353847,Linear
1199,crop_yield_total,Haparanda,2016.0,0.6032614872879074,9.153021301405936,Linear
1200,crop_yield_total,Haparanda,2017.0,0.3250606904726549,-41.54311597827825,Linear
1201,crop_yield_total,Haparanda,2018.0,0.6279705794816417,12.245188616932843,Linear
1202,crop_yield_total,Haparanda,2019.0,0.6143768867828727,9.153211547261158,Linear
1203,crop_yield_total,Haparanda,2020.0,0.7459271262863484,31.73071688816067,Linear
1204,crop_yield_total,Haparanda,2021.0,0.4608645374282721,-19.09626822128907,Linear
1205,crop_yield_total,Haparanda,2022.0,0.628489605680998,9.67645118493726,Linear
1206,crop_yield_total,Heby,2005.0,1.0053307651718697,3.2220781010226185,Linear
1207,crop_yield_total,Heby,2006.0,0.9351008356118972,-4.209226183415208,Linear
1208,crop_yield_total,Heby,2007.0,1.071372009663783,9.498818650240286,Linear
1209,crop_yield_total,Heby,2008.0,1.0299218561757943,5.021832760656003,Linear
1210,crop_yield_total,Heby,2009.0,0.9901292402231364,0.7339013992325626,Linear
1211,crop_yield_total,Heby,2010.0,0.8688880507000445,-11.802088495935818,Linear
1212,crop_yield_total,Heby,2011.0,0.7868676549133022,-20.309027453518713,Linear
1213,crop_yield_total,Heby,2012.0,0.9612142936646394,-2.872357221944868,Linear
1214,crop_yield_total,Heby,2013.0,0.9691109398589391,-2.295729200418359,Linear
1215,crop_yield_total,Heby,2014.0,1.1044953315212325,11.102434996692768,Linear
1216,crop_yield_total,Heby,2015.0,1.176399562784826,18.069139054950902,Linear
1217,crop_yield_total,Heby,2016.0,1.085287334789325,8.680173779040604,Linear
1218,crop_yield_total,Heby,2017.0,1.0907951359539596,8.987080132144587,Linear
1219,crop_yield_total,Heby,2018.0,0.5970288556207626,-40.481008901375674,Linear
1220,crop_yield_total,Heby,2019.0,1.1311635375464586,12.516501255952923,Linear
1221,crop_yield_total,Heby,2020.0,1.1374119682672146,12.886330839238935,Linear
1222,crop_yield_total,Heby,2021.0,0.9207329382323431,-8.821564758911776,Linear
1223,crop_yield_total,Heby,2022.0,1.012797262496733,0.07325018444391168,Linear
1224,crop_yield_total,Hedemora,2005.0,0.7932935245294663,1.5030905263688548,Linear
1225,crop_yield_total,Hedemora,2006.0,0.6748350447231509,-14.175038060340519,Linear
1226,crop_yield_total,Hedemora,2007.0,0.9674290899187774,22.298630137352166,Linear
1227,crop_yield_total,Hedemora,2008.0,0.7788202824324088,-2.1317559923339537,Linear
1228,crop_yield_total,Hedemora,2009.0,0.7657746700573635,-4.34160704346819,Linear
1229,crop_yield_total,Hedemora,2010.0,0.6294649850731975,-21.8324560253873,Linear
1230,crop_yield_total,Hedemora,2011.0,0.847385917040815,4.612606738756432,Linear
1231,crop_yield_total,Hedemora,2012.0,0.7162034987169751,-12.097339044497629,Linear
1232,crop_yield_total,Hedemora,2013.0,0.9642252173328064,17.658039511066008,Linear
1233,crop_yield_total,Hedemora,2014.0,0.8656623164362899,5.022835480563956,Linear
1234,crop_yield_total,Hedemora,2015.0,0.8977755207393596,8.29527050555989,Linear
1235,crop_yield_total,Hedemora,2016.0,0.8694963301478308,4.287011631971183,Linear
1236,crop_yield_total,Hedemora,2017.0,0.965222153520472,15.113050346299497,Linear
1237,crop_yield_total,Hedemora,2018.0,0.5989120311880992,-28.97535944958592,Linear
1238,crop_yield_total,Hedemora,2019.0,1.0269848340393724,21.10791326393559,Linear
1239,crop_yield_total,Hedemora,2020.0,0.7972889307343404,-6.502432130388589,Linear
1240,crop_yield_total,Hedemora,2021.0,0.7571545158990021,-11.700419966247683,Linear
1241,crop_yield_total,Hedemora,2022.0,0.8780550029939568,1.835380286655701,Linear
1242,crop_yield_total,Helsingborg,2005.0,1.2715410196614996,5.605403418170274,Linear
1243,crop_yield_total,Helsingborg,2006.0,0.9880305740330608,-18.39403454443511,Linear
1244,crop_yield_total,Helsingborg,2007.0,1.2185960287169186,0.09681915867550189,Linear
1245,crop_yield_total,Helsingborg,2008.0,1.2059848482957567,-1.4799879103758824,Linear
1246,crop_yield_total,Helsingborg,2009.0,1.361061892098226,10.58481994190143,Linear
1247,crop_yield_total,Helsingborg,2010.0,1.140333978840678,-7.8495308993354165,Linear
1248,crop_yield_total,Helsingborg,2011.0,1.2466775863900117,0.20286793466632383,Linear
1249,crop_yield_total,Helsingborg,2012.0,1.3867330008194048,10.864346476382039,Linear
1250,crop_yield_total,Helsingborg,2013.0,1.3226697667077745,5.180668965082252,Linear
1251,crop_yield_total,Helsingborg,2014.0,1.3584686989172954,7.456294300967267,Linear
1252,crop_yield_total,Helsingborg,2015.0,1.412689982584855,11.157546156667356,Linear
1253,crop_yield_total,Helsingborg,2016.0,1.1960391112051754,-6.382003623357058,Linear
1254,crop_yield_total,Helsingborg,2017.0,1.3711336258318008,6.764655970997115,Linear
1255,crop_yield_total,Helsingborg,2018.0,0.8014914208814181,-37.914221878534846,Linear
1256,crop_yield_total,Helsingborg,2019.0,1.443761939841756,11.261781440822954,Linear
1257,crop_yield_total,Helsingborg,2020.0,1.3625103819553428,4.462143660686606,Linear
1258,crop_yield_total,Helsingborg,2021.0,1.1729326989488174,-10.531057162891646,Linear
1259,crop_yield_total,Helsingborg,2022.0,1.4348911521578174,8.89540579043737,Linear
1260,crop_yield_total,Herrljunga,2005.0,1.0055775540286578,4.854664299363881,Linear
1261,crop_yield_total,Herrljunga,2006.0,0.9190178175231424,-5.45767794494796,Linear
1262,crop_yield_total,Herrljunga,2007.0,1.039546690973581,5.52485468698662,Linear
1263,crop_yield_total,Herrljunga,2008.0,0.9643324682492214,-3.389973889170226,Linear
1264,crop_yield_total,Herrljunga,2009.0,0.9637485848478334,-4.694481199289803,Linear
1265,crop_yield_total,Herrljunga,2010.0,0.991837523461424,-3.1664057875009326,Linear
1266,crop_yield_total,Herrljunga,2011.0,0.973209892013432,-6.1803613154120365,Linear
1267,crop_yield_total,Herrljunga,2012.0,1.0141421672435171,-3.4490510855308756,Linear
1268,crop_yield_total,Herrljunga,2013.0,1.1492429440193683,8.070474555781312,Linear
1269,crop_yield_total,Herrljunga,2014.0,1.1314663550056376,5.1089677148457415,Linear
1270,crop_yield_total,Herrljunga,2015.0,1.1883999248819652,9.075568901381246,Linear
1271,crop_yield_total,Herrljunga,2016.0,1.131833670084348,2.654155792784723,Linear
1272,crop_yield_total,Herrljunga,2017.0,1.2259176374746878,9.886697024965224,Linear
1273,crop_yield_total,Herrljunga,2018.0,0.8499847563868758,-24.69144888409895,Linear
1274,crop_yield_total,Herrljunga,2019.0,1.2750592219829564,11.678842277680355,Linear
1275,crop_yield_total,Herrljunga,2020.0,1.1735438698645833,1.6258076435071667,Linear
1276,crop_yield_total,Herrljunga,2021.0,1.0018857977539108,-14.208847309321277,Linear
1277,crop_yield_total,Herrljunga,2022.0,1.2602610382701056,6.7231485573048015,Linear
1278,crop_yield_total,Hjo,2005.0,1.0055775540286578,4.854664299363881,Linear
1279,crop_yield_total,Hjo,2006.0,0.9190178175231424,-5.45767794494796,Linear
1280,crop_yield_total,Hjo,2007.0,1.039546690973581,5.52485468698662,Linear
1281,crop_yield_total,Hjo,2008.0,0.9643324682492214,-3.389973889170226,Linear
1282,crop_yield_total,Hjo,2009.0,0.9637485848478334,-4.694481199289803,Linear
1283,crop_yield_total,Hjo,2010.0,0.991837523461424,-3.1664057875009326,Linear
1284,crop_yield_total,Hjo,2011.0,0.973209892013432,-6.1803613154120365,Linear
1285,crop_yield_total,Hjo,2012.0,1.0141421672435171,-3.4490510855308756,Linear
1286,crop_yield_total,Hjo,2013.0,1.1492429440193683,8.070474555781312,Linear
1287,crop_yield_total,Hjo,2014.0,1.1314663550056376,5.1089677148457415,Linear
1288,crop_yield_total,Hjo,2015.0,1.1883999248819652,9.075568901381246,Linear
1289,crop_yield_total,Hjo,2016.0,1.131833670084348,2.654155792784723,Linear
1290,crop_yield_total,Hjo,2017.0,1.2259176374746878,9.886697024965224,Linear
1291,crop_yield_total,Hjo,2018.0,0.8499847563868758,-24.69144888409895,Linear
1292,crop_yield_total,Hjo,2019.0,1.2750592219829564,11.678842277680355,Linear
1293,crop_yield_total,Hjo,2020.0,1.1735438698645833,1.6258076435071667,Linear
1294,crop_yield_total,Hjo,2021.0,1.0018857977539108,-14.208847309321277,Linear
1295,crop_yield_total,Hjo,2022.0,1.2602610382701056,6.7231485573048015,Linear
1296,crop_yield_total,Hofors,2005.0,0.5586267243142916,-3.9353941755930544,Linear
1297,crop_yield_total,Hofors,2006.0,0.4486155227270755,-24.893857835944374,Linear
1298,crop_yield_total,Hofors,2007.0,0.7177662062564565,17.07050849861118,Linear
1299,crop_yield_total,Hofors,2008.0,0.7040390696962168,11.947142529035823,Linear
1300,crop_yield_total,Hofors,2009.0,0.685799833142161,6.3749785182911936,Linear
1301,crop_yield_total,Hofors,2010.0,0.5336309932472948,-19.207723591415427,Linear
1302,crop_yield_total,Hofors,2011.0,0.6333183084233747,-6.354689874114043,Linear
1303,crop_yield_total,Hofors,2012.0,0.6051451946268263,-12.562890712888167,Linear
1304,crop_yield_total,Hofors,2013.0,0.8419230242673813,18.934301339410588,Linear
1305,crop_yield_total,Hofors,2014.0,0.770811628933011,6.511835122819759,Linear
1306,crop_yield_total,Hofors,2015.0,0.8711818978205853,17.80949955543279,Linear
1307,crop_yield_total,Hofors,2016.0,0.8415857004699163,11.426865412805654,Linear
1308,crop_yield_total,Hofors,2017.0,0.7903854407425971,2.5039556244039933,Linear
1309,crop_yield_total,Hofors,2018.0,0.6249872143676405,-20.573527300833263,Linear
1310,crop_yield_total,Hofors,2019.0,0.7883235623135229,-1.7876338672347365,Linear
1311,crop_yield_total,Hofors,2020.0,0.8937253173107546,9.194685044258193,Linear
1312,crop_yield_total,Hofors,2021.0,0.7314293378878856,-12.326689917044614,Linear
1313,crop_yield_total,Hofors,2022.0,0.8428847387888116,-0.8445588934668187,Linear
1314,crop_yield_total,Huddinge,2005.0,0.8638851144303435,4.123456601783982,Linear
1315,crop_yield_total,Huddinge,2006.0,0.7961760374702105,-4.3494396240272595,Linear
1316,crop_yield_total,Huddinge,2007.0,0.9447176049289204,13.128191582466911,Linear
1317,crop_yield_total,Huddinge,2008.0,0.8459048215493763,0.968363382519387,Linear
1318,crop_yield_total,Huddinge,2009.0,0.8401403870928377,-0.042545041845959045,Linear
1319,crop_yield_total,Huddinge,2010.0,0.66868847511859,-20.696714874730503,Linear
1320,crop_yield_total,Huddinge,2011.0,0.7119163901465887,-15.840176249982301,Linear
1321,crop_yield_total,Huddinge,2012.0,0.9032651673900608,6.439792293245046,Linear
1322,crop_yield_total,Huddinge,2013.0,0.8608279315284972,1.1165984620435698,Linear
1323,crop_yield_total,Huddinge,2014.0,0.9759322246669364,14.274016858345497,Linear
1324,crop_yield_total,Huddinge,2015.0,0.951615896231716,11.074819791139749,Linear
1325,crop_yield_total,Huddinge,2016.0,0.8869742599784218,3.203724967909985,Linear
1326,crop_yield_total,Huddinge,2017.0,0.9438616965452672,9.478150059240049,Linear
1327,crop_yield_total,Huddinge,2018.0,0.5381786266225995,-37.772186014410934,Linear
1328,crop_yield_total,Huddinge,2019.0,0.924204043442625,6.5293373042533505,Linear
1329,crop_yield_total,Huddinge,2020.0,0.9756170608610664,12.105839466191865,Linear
1330,crop_yield_total,Huddinge,2021.0,0.7661708048626098,-12.234034563915369,Linear
1331,crop_yield_total,Huddinge,2022.0,0.9500751737717342,8.496159350240287,Linear
1332,crop_yield_total,Hudiksvall,2005.0,0.5586267243142916,-3.9353941755930544,Linear
1333,crop_yield_total,Hudiksvall,2006.0,0.4486155227270755,-24.893857835944374,Linear
1334,crop_yield_total,Hudiksvall,2007.0,0.7177662062564565,17.07050849861118,Linear
1335,crop_yield_total,Hudiksvall,2008.0,0.7040390696962168,11.947142529035823,Linear
1336,crop_yield_total,Hudiksvall,2009.0,0.685799833142161,6.3749785182911936,Linear
1337,crop_yield_total,Hudiksvall,2010.0,0.5336309932472948,-19.207723591415427,Linear
1338,crop_yield_total,Hudiksvall,2011.0,0.6333183084233747,-6.354689874114043,Linear
1339,crop_yield_total,Hudiksvall,2012.0,0.6051451946268263,-12.562890712888167,Linear
1340,crop_yield_total,Hudiksvall,2013.0,0.8419230242673813,18.934301339410588,Linear
1341,crop_yield_total,Hudiksvall,2014.0,0.770811628933011,6.511835122819759,Linear
1342,crop_yield_total,Hudiksvall,2015.0,0.8711818978205853,17.80949955543279,Linear
1343,crop_yield_total,Hudiksvall,2016.0,0.8415857004699163,11.426865412805654,Linear
1344,crop_yield_total,Hudiksvall,2017.0,0.7903854407425971,2.5039556244039933,Linear
1345,crop_yield_total,Hudiksvall,2018.0,0.6249872143676405,-20.573527300833263,Linear
1346,crop_yield_total,Hudiksvall,2019.0,0.7883235623135229,-1.7876338672347365,Linear
1347,crop_yield_total,Hudiksvall,2020.0,0.8937253173107546,9.194685044258193,Linear
1348,crop_yield_total,Hudiksvall,2021.0,0.7314293378878856,-12.326689917044614,Linear
1349,crop_yield_total,Hudiksvall,2022.0,0.8428847387888116,-0.8445588934668187,Linear
1350,crop_yield_total,Hultsfred,2005.0,0.8852263816472958,0.7533134834884078,Linear
1351,crop_yield_total,Hultsfred,2006.0,0.6683618846246893,-24.538964088460197,Linear
1352,crop_yield_total,Hultsfred,2007.0,0.869308137215771,-2.6314246941760224,Linear
1353,crop_yield_total,Hultsfred,2008.0,0.917075480489375,1.9087742754838795,Linear
1354,crop_yield_total,Hultsfred,2009.0,0.994757494108262,9.676138849603683,Linear
1355,crop_yield_total,Hultsfred,2010.0,0.7579996469843103,-17.07624421026325,Linear
1356,crop_yield_total,Hultsfred,2011.0,0.8389633990355513,-8.92604812811451,Linear
1357,crop_yield_total,Hultsfred,2012.0,1.119748109964248,20.62532305474832,Linear
1358,crop_yield_total,Hultsfred,2013.0,1.059152318367517,13.231938236534141,Linear
1359,crop_yield_total,Hultsfred,2014.0,1.071787414749727,13.719919367058905,Linear
1360,crop_yield_total,Hultsfred,2015.0,1.1211363551571136,18.066943729224946,Linear
1361,crop_yield_total,Hultsfred,2016.0,1.053595829970825,10.131152334156383,Linear
1362,crop_yield_total,Hultsfred,2017.0,0.998837204675912,3.6384731633330567,Linear
1363,crop_yield_total,Hultsfred,2018.0,0.7004227096110055,-27.855999767212946,Linear
1364,crop_yield_total,Hultsfred,2019.0,0.9540398661139998,-2.446369747567467,Linear
1365,crop_yield_total,Hultsfred,2020.0,1.207105271507816,22.541119097369613,Linear
1366,crop_yield_total,Hultsfred,2021.0,0.7944150994345057,-19.93061150827489,Linear
1367,crop_yield_total,Hultsfred,2022.0,0.8888338922649469,-11.050363993283629,Linear
1368,crop_yield_total,Hylte,2005.0,1.1577165135612075,4.877474974758837,Linear
1369,crop_yield_total,Hylte,2006.0,0.975044813499324,-12.036799293440948,Linear
1370,crop_yield_total,Hylte,2007.0,1.0988267556214115,-1.2789913594343678,Linear
1371,crop_yield_total,Hylte,2008.0,1.0907872901760762,-2.4040634814898545,Linear
1372,crop_yield_total,Hylte,2009.0,1.2035757734970292,7.246653552350304,Linear
1373,crop_yield_total,Hylte,2010.0,1.0972452927501042,-2.626683800476225,Linear
1374,crop_yield_total,Hylte,2011.0,1.014581219143827,-10.328136919533481,Linear
1375,crop_yield_total,Hylte,2012.0,1.1822844169226183,4.0714578795758625,Linear
1376,crop_yield_total,Hylte,2013.0,1.2913923101208742,13.217945325970026,Linear
1377,crop_yield_total,Hylte,2014.0,1.2802134267944956,11.787667667151034,Linear
1378,crop_yield_total,Hylte,2015.0,1.2814206574477416,11.446047457409819,Linear
1379,crop_yield_total,Hylte,2016.0,1.0702544489789712,-7.2896211799999815,Linear
1380,crop_yield_total,Hylte,2017.0,1.232485496257918,6.34042025688114,Linear
1381,crop_yield_total,Hylte,2018.0,0.759244238215366,-34.75005893241479,Linear
1382,crop_yield_total,Hylte,2019.0,1.2630300026411423,8.11877559671261,Linear
1383,crop_yield_total,Hylte,2020.0,1.2857248330404696,9.630408494608114,Linear
1384,crop_yield_total,Hylte,2021.0,0.9937589630136764,-15.595369958205433,Linear
1385,crop_yield_total,Hylte,2022.0,1.2950090389182771,9.563736479113706,Linear
1386,crop_yield_total,Hällefors,2005.0,1.0390841874046493,1.6051947750879678,Linear
1387,crop_yield_total,Hällefors,2006.0,0.919756991826129,-10.460396439415378,Linear
1388,crop_yield_total,Hällefors,2007.0,1.1438177187633782,10.86239580911901,Linear
1389,crop_yield_total,Hällefors,2008.0,1.0857433926340216,4.772765991464095,Linear
1390,crop_yield_total,Hällefors,2009.0,1.0306252630804096,-0.9797307542608245,Linear
1391,crop_yield_total,Hällefors,2010.0,0.8245625460968465,-21.121746555956395,Linear
1392,crop_yield_total,Hällefors,2011.0,1.039654543639088,-0.9758127743044388,Linear
1393,crop_yield_total,Hällefors,2012.0,0.972558105409714,-7.765275942646036,Linear
1394,crop_yield_total,Hällefors,2013.0,1.192221558312812,12.582419127312036,Linear
1395,crop_yield_total,Hällefors,2014.0,1.1046434877667253,3.8672013630448387,Linear
1396,crop_yield_total,Hällefors,2015.0,1.1792971653385864,10.415525805229628,Linear
1397,crop_yield_total,Hällefors,2016.0,1.156302266459355,7.804454470188704,Linear
1398,crop_yield_total,Hällefors,2017.0,1.2263115478110302,13.849823630893464,Linear
1399,crop_yield_total,Hällefors,2018.0,0.7593125406396093,-29.801789310265253,Linear
1400,crop_yield_total,Hällefors,2019.0,1.2947720576631043,19.201126442801154,Linear
1401,crop_yield_total,Hällefors,2020.0,1.1247345627015133,3.1160422414118054,Linear
1402,crop_yield_total,Hällefors,2021.0,0.9162023680575028,-16.35032125303297,Linear
1403,crop_yield_total,Hällefors,2022.0,1.0928266848247508,-0.6361779379191673,Linear
1404,crop_yield_total,Härjedalen,2005.0,0.5386685832524567,1.6684031732417788,Linear
1405,crop_yield_total,Härjedalen,2006.0,0.5716640255240031,5.296530717507908,Linear
1406,crop_yield_total,Härjedalen,2007.0,0.6387991320200345,14.894307060129828,Linear
1407,crop_yield_total,Härjedalen,2008.0,0.6133982500520537,7.7899180084831325,Linear
1408,crop_yield_total,Härjedalen,2009.0,0.5755726745561547,-1.1295098772375691,Linear
1409,crop_yield_total,Härjedalen,2010.0,0.4948392123544244,-16.865587451308155,Linear
1410,crop_yield_total,Härjedalen,2011.0,0.6342877031387509,4.270866839610898,Linear
1411,crop_yield_total,Härjedalen,2012.0,0.4430765555638761,-28.69561060806209,Linear
1412,crop_yield_total,Härjedalen,2013.0,0.6835720052304225,7.739519057898092,Linear
1413,crop_yield_total,Härjedalen,2014.0,0.6791930272547687,4.887048515847922,Linear
1414,crop_yield_total,Härjedalen,2015.0,0.6173417805900856,-6.5521258297250595,Linear
1415,crop_yield_total,Härjedalen,2016.0,0.6843354626431076,1.5776567280311522,Linear
1416,crop_yield_total,Härjedalen,2017.0,0.7549444287509498,9.924182880788628,Linear
1417,crop_yield_total,Härjedalen,2018.0,0.5465661022631311,-21.904209797292467,Linear
1418,crop_yield_total,Härjedalen,2019.0,0.68138574082137,-4.426749682897652,Linear
1419,crop_yield_total,Härjedalen,2020.0,0.8396651651231447,15.65223652294534,Linear
1420,crop_yield_total,Härjedalen,2021.0,0.7373673597804423,-0.23519183524097217,Linear
1421,crop_yield_total,Härjedalen,2022.0,0.8034521703268026,6.8156987409596805,Linear
1422,crop_yield_total,Härnösand,2005.0,0.405716124253022,-14.538851730615496,Linear
1423,crop_yield_total,Härnösand,2006.0,0.4405536903777288,-7.420416325119559,Linear
1424,crop_yield_total,Härnösand,2007.0,0.5665023239527519,18.765537157933856,Linear
1425,crop_yield_total,Härnösand,2008.0,0.5851759169971396,22.39113814111378,Linear
1426,crop_yield_total,Härnösand,2009.0,0.5108171468615413,6.5874808627078965,Linear
1427,crop_yield_total,Härnösand,2010.0,0.5402141367963924,12.456944936342659,Linear
1428,crop_yield_total,Härnösand,2011.0,0.3988727225226394,-17.160652302630165,Linear
1429,crop_yield_total,Härnösand,2012.0,0.3157347872296728,-34.580210093683064,Linear
1430,crop_yield_total,Härnösand,2013.0,0.5430638340350372,12.259819373869114,Linear
1431,crop_yield_total,Härnösand,2014.0,0.5241662924701359,8.101483198714824,Linear
1432,crop_yield_total,Härnösand,2015.0,0.4869763826010071,0.19866052788929683,Linear
1433,crop_yield_total,Härnösand,2016.0,0.4878102462698445,0.13795653442574904,Linear
1434,crop_yield_total,Härnösand,2017.0,0.4097093931925203,-16.088817148865495,Linear
1435,crop_yield_total,Härnösand,2018.0,0.366556152981693,-25.099819012851178,Linear
1436,crop_yield_total,Härnösand,2019.0,0.4667876411095785,-4.838246150437312,Linear
1437,crop_yield_total,Härnösand,2020.0,0.7347917460995113,49.45497878376459,Linear
1438,crop_yield_total,Härnösand,2021.0,0.4492547972519529,-8.831637562409869,Linear
1439,crop_yield_total,Härnösand,2022.0,0.4850542561779244,-1.7914415626486182,Linear
1440,crop_yield_total,Härryda,2005.0,1.0055775540286578,4.854664299363881,Linear
1441,crop_yield_total,Härryda,2006.0,0.9190178175231424,-5.45767794494796,Linear
1442,crop_yield_total,Härryda,2007.0,1.039546690973581,5.52485468698662,Linear
1443,crop_yield_total,Härryda,2008.0,0.9643324682492214,-3.389973889170226,Linear
1444,crop_yield_total,Härryda,2009.0,0.9637485848478334,-4.694481199289803,Linear
1445,crop_yield_total,Härryda,2010.0,0.991837523461424,-3.1664057875009326,Linear
1446,crop_yield_total,Härryda,2011.0,0.973209892013432,-6.1803613154120365,Linear
1447,crop_yield_total,Härryda,2012.0,1.0141421672435171,-3.4490510855308756,Linear
1448,crop_yield_total,Härryda,2013.0,1.1492429440193683,8.070474555781312,Linear
1449,crop_yield_total,Härryda,2014.0,1.1314663550056376,5.1089677148457415,Linear
1450,crop_yield_total,Härryda,2015.0,1.1883999248819652,9.075568901381246,Linear
1451,crop_yield_total,Härryda,2016.0,1.131833670084348,2.654155792784723,Linear
1452,crop_yield_total,Härryda,2017.0,1.2259176374746878,9.886697024965224,Linear
1453,crop_yield_total,Härryda,2018.0,0.8499847563868758,-24.69144888409895,Linear
1454,crop_yield_total,Härryda,2019.0,1.2750592219829564,11.678842277680355,Linear
1455,crop_yield_total,Härryda,2020.0,1.1735438698645833,1.6258076435071667,Linear
1456,crop_yield_total,Härryda,2021.0,1.0018857977539108,-14.208847309321277,Linear
1457,crop_yield_total,Härryda,2022.0,1.2602610382701056,6.7231485573048015,Linear
1458,crop_yield_total,Hässleholm,2005.0,1.2715410196614996,5.605403418170274,Linear
1459,crop_yield_total,Hässleholm,2006.0,0.9880305740330608,-18.39403454443511,Linear
1460,crop_yield_total,Hässleholm,2007.0,1.2185960287169186,0.09681915867550189,Linear
1461,crop_yield_total,Hässleholm,2008.0,1.2059848482957567,-1.4799879103758824,Linear
1462,crop_yield_total,Hässleholm,2009.0,1.361061892098226,10.58481994190143,Linear
1463,crop_yield_total,Hässleholm,2010.0,1.140333978840678,-7.8495308993354165,Linear
1464,crop_yield_total,Hässleholm,2011.0,1.2466775863900117,0.20286793466632383,Linear
1465,crop_yield_total,Hässleholm,2012.0,1.3867330008194048,10.864346476382039,Linear
1466,crop_yield_total,Hässleholm,2013.0,1.3226697667077745,5.180668965082252,Linear
1467,crop_yield_total,Hässleholm,2014.0,1.3584686989172954,7.456294300967267,Linear
1468,crop_yield_total,Hässleholm,2015.0,1.412689982584855,11.157546156667356,Linear
1469,crop_yield_total,Hässleholm,2016.0,1.1960391112051754,-6.382003623357058,Linear
1470,crop_yield_total,Hässleholm,2017.0,1.3711336258318008,6.764655970997115,Linear
1471,crop_yield_total,Hässleholm,2018.0,0.8014914208814181,-37.914221878534846,Linear
1472,crop_yield_total,Hässleholm,2019.0,1.443761939841756,11.261781440822954,Linear
1473,crop_yield_total,Hässleholm,2020.0,1.3625103819553428,4.462143660686606,Linear
1474,crop_yield_total,Hässleholm,2021.0,1.1729326989488174,-10.531057162891646,Linear
1475,crop_yield_total,Hässleholm,2022.0,1.4348911521578174,8.89540579043737,Linear
1476,crop_yield_total,Håbo,2005.0,1.0053307651718697,3.2220781010226185,Linear
1477,crop_yield_total,Håbo,2006.0,0.9351008356118972,-4.209226183415208,Linear
1478,crop_yield_total,Håbo,2007.0,1.071372009663783,9.498818650240286,Linear
1479,crop_yield_total,Håbo,2008.0,1.0299218561757943,5.021832760656003,Linear
1480,crop_yield_total,Håbo,2009.0,0.9901292402231364,0.7339013992325626,Linear
1481,crop_yield_total,Håbo,2010.0,0.8688880507000445,-11.802088495935818,Linear
1482,crop_yield_total,Håbo,2011.0,0.7868676549133022,-20.309027453518713,Linear
1483,crop_yield_total,Håbo,2012.0,0.9612142936646394,-2.872357221944868,Linear
1484,crop_yield_total,Håbo,2013.0,0.9691109398589391,-2.295729200418359,Linear
1485,crop_yield_total,Håbo,2014.0,1.1044953315212325,11.102434996692768,Linear
1486,crop_yield_total,Håbo,2015.0,1.176399562784826,18.069139054950902,Linear
1487,crop_yield_total,Håbo,2016.0,1.085287334789325,8.680173779040604,Linear
1488,crop_yield_total,Håbo,2017.0,1.0907951359539596,8.987080132144587,Linear
1489,crop_yield_total,Håbo,2018.0,0.5970288556207626,-40.481008901375674,Linear
1490,crop_yield_total,Håbo,2019.0,1.1311635375464586,12.516501255952923,Linear
1491,crop_yield_total,Håbo,2020.0,1.1374119682672146,12.886330839238935,Linear
1492,crop_yield_total,Håbo,2021.0,0.9207329382323431,-8.821564758911776,Linear
1493,crop_yield_total,Håbo,2022.0,1.012797262496733,0.07325018444391168,Linear
1494,crop_yield_total,Höganäs,2005.0,1.2715410196614996,5.605403418170274,Linear
1495,crop_yield_total,Höganäs,2006.0,0.9880305740330608,-18.39403454443511,Linear
1496,crop_yield_total,Höganäs,2007.0,1.2185960287169186,0.09681915867550189,Linear
1497,crop_yield_total,Höganäs,2008.0,1.2059848482957567,-1.4799879103758824,Linear
1498,crop_yield_total,Höganäs,2009.0,1.361061892098226,10.58481994190143,Linear
1499,crop_yield_total,Höganäs,2010.0,1.140333978840678,-7.8495308993354165,Linear
1500,crop_yield_total,Höganäs,2011.0,1.2466775863900117,0.20286793466632383,Linear
1501,crop_yield_total,Höganäs,2012.0,1.3867330008194048,10.864346476382039,Linear
1502,crop_yield_total,Höganäs,2013.0,1.3226697667077745,5.180668965082252,Linear
1503,crop_yield_total,Höganäs,2014.0,1.3584686989172954,7.456294300967267,Linear
1504,crop_yield_total,Höganäs,2015.0,1.412689982584855,11.157546156667356,Linear
1505,crop_yield_total,Höganäs,2016.0,1.1960391112051754,-6.382003623357058,Linear
1506,crop_yield_total,Höganäs,2017.0,1.3711336258318008,6.764655970997115,Linear
1507,crop_yield_total,Höganäs,2018.0,0.8014914208814181,-37.914221878534846,Linear
1508,crop_yield_total,Höganäs,2019.0,1.443761939841756,11.261781440822954,Linear
1509,crop_yield_total,Höganäs,2020.0,1.3625103819553428,4.462143660686606,Linear
1510,crop_yield_total,Höganäs,2021.0,1.1729326989488174,-10.531057162891646,Linear
1511,crop_yield_total,Höganäs,2022.0,1.4348911521578174,8.89540579043737,Linear
1512,crop_yield_total,Högsby,2005.0,0.8852263816472958,0.7533134834884078,Linear
1513,crop_yield_total,Högsby,2006.0,0.6683618846246893,-24.538964088460197,Linear
1514,crop_yield_total,Högsby,2007.0,0.869308137215771,-2.6314246941760224,Linear
1515,crop_yield_total,Högsby,2008.0,0.917075480489375,1.9087742754838795,Linear
1516,crop_yield_total,Högsby,2009.0,0.994757494108262,9.676138849603683,Linear
1517,crop_yield_total,Högsby,2010.0,0.7579996469843103,-17.07624421026325,Linear
1518,crop_yield_total,Högsby,2011.0,0.8389633990355513,-8.92604812811451,Linear
1519,crop_yield_total,Högsby,2012.0,1.119748109964248,20.62532305474832,Linear
1520,crop_yield_total,Högsby,2013.0,1.059152318367517,13.231938236534141,Linear
1521,crop_yield_total,Högsby,2014.0,1.071787414749727,13.719919367058905,Linear
1522,crop_yield_total,Högsby,2015.0,1.1211363551571136,18.066943729224946,Linear
1523,crop_yield_total,Högsby,2016.0,1.053595829970825,10.131152334156383,Linear
1524,crop_yield_total,Högsby,2017.0,0.998837204675912,3.6384731633330567,Linear
1525,crop_yield_total,Högsby,2018.0,0.7004227096110055,-27.855999767212946,Linear
1526,crop_yield_total,Högsby,2019.0,0.9540398661139998,-2.446369747567467,Linear
1527,crop_yield_total,Högsby,2020.0,1.207105271507816,22.541119097369613,Linear
1528,crop_yield_total,Högsby,2021.0,0.7944150994345057,-19.93061150827489,Linear
1529,crop_yield_total,Högsby,2022.0,0.8888338922649469,-11.050363993283629,Linear
1530,crop_yield_total,Hörby,2005.0,1.2715410196614996,5.605403418170274,Linear
1531,crop_yield_total,Hörby,2006.0,0.9880305740330608,-18.39403454443511,Linear
1532,crop_yield_total,Hörby,2007.0,1.2185960287169186,0.09681915867550189,Linear
1533,crop_yield_total,Hörby,2008.0,1.2059848482957567,-1.4799879103758824,Linear
1534,crop_yield_total,Hörby,2009.0,1.361061892098226,10.58481994190143,Linear
1535,crop_yield_total,Hörby,2010.0,1.140333978840678,-7.8495308993354165,Linear
1536,crop_yield_total,Hörby,2011.0,1.2466775863900117,0.20286793466632383,Linear
1537,crop_yield_total,Hörby,2012.0,1.3867330008194048,10.864346476382039,Linear
1538,crop_yield_total,Hörby,2013.0,1.3226697667077745,5.180668965082252,Linear
1539,crop_yield_total,Hörby,2014.0,1.3584686989172954,7.456294300967267,Linear
1540,crop_yield_total,Hörby,2015.0,1.412689982584855,11.157546156667356,Linear
1541,crop_yield_total,Hörby,2016.0,1.1960391112051754,-6.382003623357058,Linear
1542,crop_yield_total,Hörby,2017.0,1.3711336258318008,6.764655970997115,Linear
1543,crop_yield_total,Hörby,2018.0,0.8014914208814181,-37.914221878534846,Linear
1544,crop_yield_total,Hörby,2019.0,1.443761939841756,11.261781440822954,Linear
1545,crop_yield_total,Hörby,2020.0,1.3625103819553428,4.462143660686606,Linear
1546,crop_yield_total,Hörby,2021.0,1.1729326989488174,-10.531057162891646,Linear
1547,crop_yield_total,Hörby,2022.0,1.4348911521578174,8.89540579043737,Linear
1548,crop_yield_total,Höör,2005.0,1.2715410196614996,5.605403418170274,Linear
1549,crop_yield_total,Höör,2006.0,0.9880305740330608,-18.39403454443511,Linear
1550,crop_yield_total,Höör,2007.0,1.2185960287169186,0.09681915867550189,Linear
1551,crop_yield_total,Höör,2008.0,1.2059848482957567,-1.4799879103758824,Linear
1552,crop_yield_total,Höör,2009.0,1.361061892098226,10.58481994190143,Linear
1553,crop_yield_total,Höör,2010.0,1.140333978840678,-7.8495308993354165,Linear
1554,crop_yield_total,Höör,2011.0,1.2466775863900117,0.20286793466632383,Linear
1555,crop_yield_total,Höör,2012.0,1.3867330008194048,10.864346476382039,Linear
1556,crop_yield_total,Höör,2013.0,1.3226697667077745,5.180668965082252,Linear
1557,crop_yield_total,Höör,2014.0,1.3584686989172954,7.456294300967267,Linear
1558,crop_yield_total,Höör,2015.0,1.412689982584855,11.157546156667356,Linear
1559,crop_yield_total,Höör,2016.0,1.1960391112051754,-6.382003623357058,Linear
1560,crop_yield_total,Höör,2017.0,1.3711336258318008,6.764655970997115,Linear
1561,crop_yield_total,Höör,2018.0,0.8014914208814181,-37.914221878534846,Linear
1562,crop_yield_total,Höör,2019.0,1.443761939841756,11.261781440822954,Linear
1563,crop_yield_total,Höör,2020.0,1.3625103819553428,4.462143660686606,Linear
1564,crop_yield_total,Höör,2021.0,1.1729326989488174,-10.531057162891646,Linear
1565,crop_yield_total,Höör,2022.0,1.4348911521578174,8.89540579043737,Linear
1566,crop_yield_total,Jokkmokk,2005.0,0.4922962630521896,-4.471520669228847,Linear
1567,crop_yield_total,Jokkmokk,2006.0,0.5843836788284416,12.655771708420874,Linear
1568,crop_yield_total,Jokkmokk,2007.0,0.6062698266333174,16.115169373794757,Linear
1569,crop_yield_total,Jokkmokk,2008.0,0.5791900908704196,10.212313219420464,Linear
1570,crop_yield_total,Jokkmokk,2009.0,0.5822199590021587,10.07791355399643,Linear
1571,crop_yield_total,Jokkmokk,2010.0,0.5465485355333007,2.6747902509486643,Linear
1572,crop_yield_total,Jokkmokk,2011.0,0.2751106809097622,-48.6450645593767,Linear
1573,crop_yield_total,Jokkmokk,2012.0,0.3440891592200569,-36.17323895990114,Linear
1574,crop_yield_total,Jokkmokk,2013.0,0.7167427405799807,32.12025844110137,Linear
1575,crop_yield_total,Jokkmokk,2014.0,0.6585647664901455,20.641269722796984,Linear
1576,crop_yield_total,Jokkmokk,2015.0,0.404048769726256,-26.440413133353847,Linear
1577,crop_yield_total,Jokkmokk,2016.0,0.6032614872879074,9.153021301405936,Linear
1578,crop_yield_total,Jokkmokk,2017.0,0.3250606904726549,-41.54311597827825,Linear
1579,crop_yield_total,Jokkmokk,2018.0,0.6279705794816417,12.245188616932843,Linear
1580,crop_yield_total,Jokkmokk,2019.0,0.6143768867828727,9.153211547261158,Linear
1581,crop_yield_total,Jokkmokk,2020.0,0.7459271262863484,31.73071688816067,Linear
1582,crop_yield_total,Jokkmokk,2021.0,0.4608645374282721,-19.09626822128907,Linear
1583,crop_yield_total,Jokkmokk,2022.0,0.628489605680998,9.67645118493726,Linear
1584,crop_yield_total,Järfälla,2005.0,0.8638851144303435,4.123456601783982,Linear
1585,crop_yield_total,Järfälla,2006.0,0.7961760374702105,-4.3494396240272595,Linear
1586,crop_yield_total,Järfälla,2007.0,0.9447176049289204,13.128191582466911,Linear
1587,crop_yield_total,Järfälla,2008.0,0.8459048215493763,0.968363382519387,Linear
1588,crop_yield_total,Järfälla,2009.0,0.8401403870928377,-0.042545041845959045,Linear
1589,crop_yield_total,Järfälla,2010.0,0.66868847511859,-20.696714874730503,Linear
1590,crop_yield_total,Järfälla,2011.0,0.7119163901465887,-15.840176249982301,Linear
1591,crop_yield_total,Järfälla,2012.0,0.9032651673900608,6.439792293245046,Linear
1592,crop_yield_total,Järfälla,2013.0,0.8608279315284972,1.1165984620435698,Linear
1593,crop_yield_total,Järfälla,2014.0,0.9759322246669364,14.274016858345497,Linear
1594,crop_yield_total,Järfälla,2015.0,0.951615896231716,11.074819791139749,Linear
1595,crop_yield_total,Järfälla,2016.0,0.8869742599784218,3.203724967909985,Linear
1596,crop_yield_total,Järfälla,2017.0,0.9438616965452672,9.478150059240049,Linear
1597,crop_yield_total,Järfälla,2018.0,0.5381786266225995,-37.772186014410934,Linear
1598,crop_yield_total,Järfälla,2019.0,0.924204043442625,6.5293373042533505,Linear
1599,crop_yield_total,Järfälla,2020.0,0.9756170608610664,12.105839466191865,Linear
1600,crop_yield_total,Järfälla,2021.0,0.7661708048626098,-12.234034563915369,Linear
1601,crop_yield_total,Järfälla,2022.0,0.9500751737717342,8.496159350240287,Linear
1602,crop_yield_total,Jönköping,2005.0,0.8231413872334318,-0.8592640667811631,Linear
1603,crop_yield_total,Jönköping,2006.0,0.5560034534115266,-33.403070646717566,Linear
1604,crop_yield_total,Jönköping,2007.0,0.849246796689325,1.163268024879047,Linear
1605,crop_yield_total,Jönköping,2008.0,0.8648468917627017,2.4597838808112797,Linear
1606,crop_yield_total,Jönköping,2009.0,0.955737662069078,12.61366550576091,Linear
1607,crop_yield_total,Jönköping,2010.0,0.8288845316508049,-2.860158140336783,Linear
1608,crop_yield_total,Jönköping,2011.0,0.8901894713650824,3.7646463757669086,Linear
1609,crop_yield_total,Jönköping,2012.0,0.8492997598594791,-1.5299722756819134,Linear
1610,crop_yield_total,Jönköping,2013.0,1.0676717642114328,23.131533216685725,Linear
1611,crop_yield_total,Jönköping,2014.0,0.9392187438779384,7.7454625369339585,Linear
1612,crop_yield_total,Jönköping,2015.0,1.0561296846674046,20.52088336744726,Linear
1613,crop_yield_total,Jönköping,2016.0,0.9372310403709746,6.393848984720966,Linear
1614,crop_yield_total,Jönköping,2017.0,0.928127329188098,4.812740211630031,Linear
1615,crop_yield_total,Jönköping,2018.0,0.5631988071121873,-36.72726135017779,Linear
1616,crop_yield_total,Jönköping,2019.0,0.8093248144173877,-9.54391905029091,Linear
1617,crop_yield_total,Jönköping,2020.0,1.0847875870141008,20.62327559831385,Linear
1618,crop_yield_total,Jönköping,2021.0,0.7657378045122996,-15.28713386704277,Linear
1619,crop_yield_total,Jönköping,2022.0,0.8804225256753493,-3.093129276275071,Linear
1620,crop_yield_total,Kalix,2005.0,0.4922962630521896,-4.471520669228847,Linear
1621,crop_yield_total,Kalix,2006.0,0.5843836788284416,12.655771708420874,Linear
1622,crop_yield_total,Kalix,2007.0,0.6062698266333174,16.115169373794757,Linear
1623,crop_yield_total,Kalix,2008.0,0.5791900908704196,10.212313219420464,Linear
1624,crop_yield_total,Kalix,2009.0,0.5822199590021587,10.07791355399643,Linear
1625,crop_yield_total,Kalix,2010.0,0.5465485355333007,2.6747902509486643,Linear
1626,crop_yield_total,Kalix,2011.0,0.2751106809097622,-48.6450645593767,Linear
1627,crop_yield_total,Kalix,2012.0,0.3440891592200569,-36.17323895990114,Linear
1628,crop_yield_total,Kalix,2013.0,0.7167427405799807,32.12025844110137,Linear
1629,crop_yield_total,Kalix,2014.0,0.6585647664901455,20.641269722796984,Linear
1630,crop_yield_total,Kalix,2015.0,0.404048769726256,-26.440413133353847,Linear
1631,crop_yield_total,Kalix,2016.0,0.6032614872879074,9.153021301405936,Linear
1632,crop_yield_total,Kalix,2017.0,0.3250606904726549,-41.54311597827825,Linear
1633,crop_yield_total,Kalix,2018.0,0.6279705794816417,12.245188616932843,Linear
1634,crop_yield_total,Kalix,2019.0,0.6143768867828727,9.153211547261158,Linear
1635,crop_yield_total,Kalix,2020.0,0.7459271262863484,31.73071688816067,Linear
1636,crop_yield_total,Kalix,2021.0,0.4608645374282721,-19.09626822128907,Linear
1637,crop_yield_total,Kalix,2022.0,0.628489605680998,9.67645118493726,Linear
1638,crop_yield_total,Kalmar,2005.0,0.8852263816472958,0.7533134834884078,Linear
1639,crop_yield_total,Kalmar,2006.0,0.6683618846246893,-24.538964088460197,Linear
1640,crop_yield_total,Kalmar,2007.0,0.869308137215771,-2.6314246941760224,Linear
1641,crop_yield_total,Kalmar,2008.0,0.917075480489375,1.9087742754838795,Linear
1642,crop_yield_total,Kalmar,2009.0,0.994757494108262,9.676138849603683,Linear
1643,crop_yield_total,Kalmar,2010.0,0.7579996469843103,-17.07624421026325,Linear
1644,crop_yield_total,Kalmar,2011.0,0.8389633990355513,-8.92604812811451,Linear
1645,crop_yield_total,Kalmar,2012.0,1.119748109964248,20.62532305474832,Linear
1646,crop_yield_total,Kalmar,2013.0,1.059152318367517,13.231938236534141,Linear
1647,crop_yield_total,Kalmar,2014.0,1.071787414749727,13.719919367058905,Linear
1648,crop_yield_total,Kalmar,2015.0,1.1211363551571136,18.066943729224946,Linear
1649,crop_yield_total,Kalmar,2016.0,1.053595829970825,10.131152334156383,Linear
1650,crop_yield_total,Kalmar,2017.0,0.998837204675912,3.6384731633330567,Linear
1651,crop_yield_total,Kalmar,2018.0,0.7004227096110055,-27.855999767212946,Linear
1652,crop_yield_total,Kalmar,2019.0,0.9540398661139998,-2.446369747567467,Linear
1653,crop_yield_total,Kalmar,2020.0,1.207105271507816,22.541119097369613,Linear
1654,crop_yield_total,Kalmar,2021.0,0.7944150994345057,-19.93061150827489,Linear
1655,crop_yield_total,Kalmar,2022.0,0.8888338922649469,-11.050363993283629,Linear
1656,crop_yield_total,Karlsborg,2005.0,1.0055775540286578,4.854664299363881,Linear
1657,crop_yield_total,Karlsborg,2006.0,0.9190178175231424,-5.45767794494796,Linear
1658,crop_yield_total,Karlsborg,2007.0,1.039546690973581,5.52485468698662,Linear
1659,crop_yield_total,Karlsborg,2008.0,0.9643324682492214,-3.389973889170226,Linear
1660,crop_yield_total,Karlsborg,2009.0,0.9637485848478334,-4.694481199289803,Linear
1661,crop_yield_total,Karlsborg,2010.0,0.991837523461424,-3.1664057875009326,Linear
1662,crop_yield_total,Karlsborg,2011.0,0.973209892013432,-6.1803613154120365,Linear
1663,crop_yield_total,Karlsborg,2012.0,1.0141421672435171,-3.4490510855308756,Linear
1664,crop_yield_total,Karlsborg,2013.0,1.1492429440193683,8.070474555781312,Linear
1665,crop_yield_total,Karlsborg,2014.0,1.1314663550056376,5.1089677148457415,Linear
1666,crop_yield_total,Karlsborg,2015.0,1.1883999248819652,9.075568901381246,Linear
1667,crop_yield_total,Karlsborg,2016.0,1.131833670084348,2.654155792784723,Linear
1668,crop_yield_total,Karlsborg,2017.0,1.2259176374746878,9.886697024965224,Linear
1669,crop_yield_total,Karlsborg,2018.0,0.8499847563868758,-24.69144888409895,Linear
1670,crop_yield_total,Karlsborg,2019.0,1.2750592219829564,11.678842277680355,Linear
1671,crop_yield_total,Karlsborg,2020.0,1.1735438698645833,1.6258076435071667,Linear
1672,crop_yield_total,Karlsborg,2021.0,1.0018857977539108,-14.208847309321277,Linear
1673,crop_yield_total,Karlsborg,2022.0,1.2602610382701056,6.7231485573048015,Linear
1674,crop_yield_total,Karlshamn,2005.0,0.8130784399332686,-8.018457910264887,Linear
1675,crop_yield_total,Karlshamn,2006.0,0.6940506237148958,-22.144453601522617,Linear
1676,crop_yield_total,Karlshamn,2007.0,0.7753769467815381,-13.747396980940978,Linear
1677,crop_yield_total,Karlshamn,2008.0,0.8570229368491274,-5.454050270085466,Linear
1678,crop_yield_total,Karlshamn,2009.0,1.023661581870697,12.00251809865139,Linear
1679,crop_yield_total,Karlshamn,2010.0,0.9676835827445756,5.015863895671664,Linear
1680,crop_yield_total,Karlshamn,2011.0,0.9672930569589924,4.125845639157049,Linear
1681,crop_yield_total,Karlshamn,2012.0,1.1137586020729575,18.932019871692084,Linear
1682,crop_yield_total,Karlshamn,2013.0,1.0131783033097628,7.331876646447701,Linear
1683,crop_yield_total,Karlshamn,2014.0,1.0808532700065894,13.598376808648565,Linear
1684,crop_yield_total,Karlshamn,2015.0,1.106461921050849,15.380228466221654,Linear
1685,crop_yield_total,Karlshamn,2016.0,1.0599202356689548,9.669084148937676,Linear
1686,crop_yield_total,Karlshamn,2017.0,1.0775227732322683,10.631745330218155,Linear
1687,crop_yield_total,Karlshamn,2018.0,0.7201955774087216,-26.6209997179392,Linear
1688,crop_yield_total,Karlshamn,2019.0,1.0090208826821832,2.026948592330633,Linear
1689,crop_yield_total,Karlshamn,2020.0,1.0496661302469492,5.337817504657333,Linear
1690,crop_yield_total,Karlshamn,2021.0,0.8478732153322835,-15.548562376349926,Linear
1691,crop_yield_total,Karlshamn,2022.0,0.8823121361548788,-12.770049235971854,Linear
1692,crop_yield_total,Karlskoga,2005.0,1.0390841874046493,1.6051947750879678,Linear
1693,crop_yield_total,Karlskoga,2006.0,0.919756991826129,-10.460396439415378,Linear
1694,crop_yield_total,Karlskoga,2007.0,1.1438177187633782,10.86239580911901,Linear
1695,crop_yield_total,Karlskoga,2008.0,1.0857433926340216,4.772765991464095,Linear
1696,crop_yield_total,Karlskoga,2009.0,1.0306252630804096,-0.9797307542608245,Linear
1697,crop_yield_total,Karlskoga,2010.0,0.8245625460968465,-21.121746555956395,Linear
1698,crop_yield_total,Karlskoga,2011.0,1.039654543639088,-0.9758127743044388,Linear
1699,crop_yield_total,Karlskoga,2012.0,0.972558105409714,-7.765275942646036,Linear
1700,crop_yield_total,Karlskoga,2013.0,1.192221558312812,12.582419127312036,Linear
1701,crop_yield_total,Karlskoga,2014.0,1.1046434877667253,3.8672013630448387,Linear
1702,crop_yield_total,Karlskoga,2015.0,1.1792971653385864,10.415525805229628,Linear
1703,crop_yield_total,Karlskoga,2016.0,1.156302266459355,7.804454470188704,Linear
1704,crop_yield_total,Karlskoga,2017.0,1.2263115478110302,13.849823630893464,Linear
1705,crop_yield_total,Karlskoga,2018.0,0.7593125406396093,-29.801789310265253,Linear
1706,crop_yield_total,Karlskoga,2019.0,1.2947720576631043,19.201126442801154,Linear
1707,crop_yield_total,Karlskoga,2020.0,1.1247345627015133,3.1160422414118054,Linear
1708,crop_yield_total,Karlskoga,2021.0,0.9162023680575028,-16.35032125303297,Linear
1709,crop_yield_total,Karlskoga,2022.0,1.0928266848247508,-0.6361779379191673,Linear
1710,crop_yield_total,Karlskrona,2005.0,0.8130784399332686,-8.018457910264887,Linear
1711,crop_yield_total,Karlskrona,2006.0,0.6940506237148958,-22.144453601522617,Linear
1712,crop_yield_total,Karlskrona,2007.0,0.7753769467815381,-13.747396980940978,Linear
1713,crop_yield_total,Karlskrona,2008.0,0.8570229368491274,-5.454050270085466,Linear
1714,crop_yield_total,Karlskrona,2009.0,1.023661581870697,12.00251809865139,Linear
1715,crop_yield_total,Karlskrona,2010.0,0.9676835827445756,5.015863895671664,Linear
1716,crop_yield_total,Karlskrona,2011.0,0.9672930569589924,4.125845639157049,Linear
1717,crop_yield_total,Karlskrona,2012.0,1.1137586020729575,18.932019871692084,Linear
1718,crop_yield_total,Karlskrona,2013.0,1.0131783033097628,7.331876646447701,Linear
1719,crop_yield_total,Karlskrona,2014.0,1.0808532700065894,13.598376808648565,Linear
1720,crop_yield_total,Karlskrona,2015.0,1.106461921050849,15.380228466221654,Linear
1721,crop_yield_total,Karlskrona,2016.0,1.0599202356689548,9.669084148937676,Linear
1722,crop_yield_total,Karlskrona,2017.0,1.0775227732322683,10.631745330218155,Linear
1723,crop_yield_total,Karlskrona,2018.0,0.7201955774087216,-26.6209997179392,Linear
1724,crop_yield_total,Karlskrona,2019.0,1.0090208826821832,2.026948592330633,Linear
1725,crop_yield_total,Karlskrona,2020.0,1.0496661302469492,5.337817504657333,Linear
1726,crop_yield_total,Karlskrona,2021.0,0.8478732153322835,-15.548562376349926,Linear
1727,crop_yield_total,Karlskrona,2022.0,0.8823121361548788,-12.770049235971854,Linear
1728,crop_yield_total,Karlstad,2005.0,0.8132780307437152,5.256372138755697,Linear
1729,crop_yield_total,Karlstad,2006.0,0.7183648676065323,-8.303958974610172,Linear
1730,crop_yield_total,Karlstad,2007.0,0.9569800758639444,20.499823400886502,Linear
1731,crop_yield_total,Karlstad,2008.0,0.8325218645715937,3.4276942001298902,Linear
1732,crop_yield_total,Karlstad,2009.0,0.7013583325510492,-14.016249047011378,Linear
1733,crop_yield_total,Karlstad,2010.0,0.6738968568169861,-18.458141181978498,Linear
1734,crop_yield_total,Karlstad,2011.0,0.7449988835912011,-11.01288730957373,Linear
1735,crop_yield_total,Karlstad,2012.0,0.8716135379672874,2.7901420327874216,Linear
1736,crop_yield_total,Karlstad,2013.0,0.8679411044838969,1.0749747657560649,Linear
1737,crop_yield_total,Karlstad,2014.0,0.8789078729499272,1.0859430551976537,Linear
1738,crop_yield_total,Karlstad,2015.0,1.0359179092428858,17.688288301747452,Linear
1739,crop_yield_total,Karlstad,2016.0,1.0259009231244876,15.143299241369279,Linear
1740,crop_yield_total,Karlstad,2017.0,1.003353292246534,11.26940531309137,Linear
1741,crop_yield_total,Karlstad,2018.0,0.5573712137171187,-38.917492950183835,Linear
1742,crop_yield_total,Karlstad,2019.0,1.117651809251378,21.056920261252525,Linear
1743,crop_yield_total,Karlstad,2020.0,0.9507760277121298,1.7960773418132785,Linear
1744,crop_yield_total,Karlstad,2021.0,0.798861938640312,-15.442551181338047,Linear
1745,crop_yield_total,Karlstad,2022.0,1.0038908478269497,5.063109760024586,Linear
1746,crop_yield_total,Katrineholm,2005.0,0.9307631680143256,1.7079569972195243,Linear
1747,crop_yield_total,Katrineholm,2006.0,0.8429914883003611,-8.28690097555507,Linear
1748,crop_yield_total,Katrineholm,2007.0,0.9929789779539376,7.559558997714591,Linear
1749,crop_yield_total,Katrineholm,2008.0,0.9863713187967076,6.379622069906193,Linear
1750,crop_yield_total,Katrineholm,2009.0,0.9533205348426596,2.370353276455031,Linear
1751,crop_yield_total,Katrineholm,2010.0,0.6986717556125399,-25.297727362975003,Linear
1752,crop_yield_total,Katrineholm,2011.0,0.8874995763627134,-5.515142506690992,Linear
1753,crop_yield_total,Katrineholm,2012.0,0.9575477174280252,1.506978801155693,Linear
1754,crop_yield_total,Katrineholm,2013.0,0.9447651479078376,-0.2739359156199553,Linear
1755,crop_yield_total,Katrineholm,2014.0,1.074392400619184,12.928857444333609,Linear
1756,crop_yield_total,Katrineholm,2015.0,1.135069034994538,18.803506825012544,Linear
1757,crop_yield_total,Katrineholm,2016.0,1.0546403117123333,9.921855360710746,Linear
1758,crop_yield_total,Katrineholm,2017.0,1.0436038604785798,8.316773410115374,Linear
1759,crop_yield_total,Katrineholm,2018.0,0.6612685665841174,-31.651991659770434,Linear
1760,crop_yield_total,Katrineholm,2019.0,1.0681557633071428,9.945649506140168,Linear
1761,crop_yield_total,Katrineholm,2020.0,0.9141029349645544,-6.2995864296704,Linear
1762,crop_yield_total,Katrineholm,2021.0,0.9055002125016434,-7.563113360571995,Linear
1763,crop_yield_total,Katrineholm,2022.0,1.0370983964731302,5.437332264759273,Linear
1764,crop_yield_total,Kil,2005.0,0.8132780307437152,5.256372138755697,Linear
1765,crop_yield_total,Kil,2006.0,0.7183648676065323,-8.303958974610172,Linear
1766,crop_yield_total,Kil,2007.0,0.9569800758639444,20.499823400886502,Linear
1767,crop_yield_total,Kil,2008.0,0.8325218645715937,3.4276942001298902,Linear
1768,crop_yield_total,Kil,2009.0,0.7013583325510492,-14.016249047011378,Linear
1769,crop_yield_total,Kil,2010.0,0.6738968568169861,-18.458141181978498,Linear
1770,crop_yield_total,Kil,2011.0,0.7449988835912011,-11.01288730957373,Linear
1771,crop_yield_total,Kil,2012.0,0.8716135379672874,2.7901420327874216,Linear
1772,crop_yield_total,Kil,2013.0,0.8679411044838969,1.0749747657560649,Linear
1773,crop_yield_total,Kil,2014.0,0.8789078729499272,1.0859430551976537,Linear
1774,crop_yield_total,Kil,2015.0,1.0359179092428858,17.688288301747452,Linear
1775,crop_yield_total,Kil,2016.0,1.0259009231244876,15.143299241369279,Linear
1776,crop_yield_total,Kil,2017.0,1.003353292246534,11.26940531309137,Linear
1777,crop_yield_total,Kil,2018.0,0.5573712137171187,-38.917492950183835,Linear
1778,crop_yield_total,Kil,2019.0,1.117651809251378,21.056920261252525,Linear
1779,crop_yield_total,Kil,2020.0,0.9507760277121298,1.7960773418132785,Linear
1780,crop_yield_total,Kil,2021.0,0.798861938640312,-15.442551181338047,Linear
1781,crop_yield_total,Kil,2022.0,1.0038908478269497,5.063109760024586,Linear
1782,crop_yield_total,Kinda,2005.0,1.054079468326702,4.824488907109136,Linear
1783,crop_yield_total,Kinda,2006.0,0.9473759046331852,-6.507615610605639,Linear
1784,crop_yield_total,Kinda,2007.0,1.0961947173319928,7.357287528236063,Linear
1785,crop_yield_total,Kinda,2008.0,1.0399185958491992,1.078347129715196,Linear
1786,crop_yield_total,Kinda,2009.0,1.0740680056902232,3.616803622886712,Linear
1787,crop_yield_total,Kinda,2010.0,0.8305849052082035,-20.467183355935063,Linear
1788,crop_yield_total,Kinda,2011.0,0.9655274588508276,-8.227024788475939,Linear
1789,crop_yield_total,Kinda,2012.0,1.0885857289234822,2.7127259193219615,Linear
1790,crop_yield_total,Kinda,2013.0,1.0852602814823216,1.6553415518023573,Linear
1791,crop_yield_total,Kinda,2014.0,1.1179924244581017,3.966335194639158,Linear
1792,crop_yield_total,Kinda,2015.0,1.2138214566192589,12.069862433726604,Linear
1793,crop_yield_total,Kinda,2016.0,1.1264715682251747,3.2658370510541186,Linear
1794,crop_yield_total,Kinda,2017.0,1.2308955696899149,12.042292651243706,Linear
1795,crop_yield_total,Kinda,2018.0,0.8789600225750852,-20.55329806371168,Linear
1796,crop_yield_total,Kinda,2019.0,1.2372919044802912,11.057072301978126,Linear
1797,crop_yield_total,Kinda,2020.0,1.1462510719938417,2.1744087202652977,Linear
1798,crop_yield_total,Kinda,2021.0,1.020583593560406,-9.651690439732137,Linear
1799,crop_yield_total,Kinda,2022.0,1.1324970309639304,-0.42781244002577506,Linear
1800,crop_yield_total,Kiruna,2005.0,0.4922962630521896,-4.471520669228847,Linear
1801,crop_yield_total,Kiruna,2006.0,0.5843836788284416,12.655771708420874,Linear
1802,crop_yield_total,Kiruna,2007.0,0.6062698266333174,16.115169373794757,Linear
1803,crop_yield_total,Kiruna,2008.0,0.5791900908704196,10.212313219420464,Linear
1804,crop_yield_total,Kiruna,2009.0,0.5822199590021587,10.07791355399643,Linear
1805,crop_yield_total,Kiruna,2010.0,0.5465485355333007,2.6747902509486643,Linear
1806,crop_yield_total,Kiruna,2011.0,0.2751106809097622,-48.6450645593767,Linear
1807,crop_yield_total,Kiruna,2012.0,0.3440891592200569,-36.17323895990114,Linear
1808,crop_yield_total,Kiruna,2013.0,0.7167427405799807,32.12025844110137,Linear
1809,crop_yield_total,Kiruna,2014.0,0.6585647664901455,20.641269722796984,Linear
1810,crop_yield_total,Kiruna,2015.0,0.404048769726256,-26.440413133353847,Linear
1811,crop_yield_total,Kiruna,2016.0,0.6032614872879074,9.153021301405936,Linear
1812,crop_yield_total,Kiruna,2017.0,0.3250606904726549,-41.54311597827825,Linear
1813,crop_yield_total,Kiruna,2018.0,0.6279705794816417,12.245188616932843,Linear
1814,crop_yield_total,Kiruna,2019.0,0.6143768867828727,9.153211547261158,Linear
1815,crop_yield_total,Kiruna,2020.0,0.7459271262863484,31.73071688816067,Linear
1816,crop_yield_total,Kiruna,2021.0,0.4608645374282721,-19.09626822128907,Linear
1817,crop_yield_total,Kiruna,2022.0,0.628489605680998,9.67645118493726,Linear
1818,crop_yield_total,Klippan,2005.0,1.2715410196614996,5.605403418170274,Linear
1819,crop_yield_total,Klippan,2006.0,0.9880305740330608,-18.39403454443511,Linear
1820,crop_yield_total,Klippan,2007.0,1.2185960287169186,0.09681915867550189,Linear
1821,crop_yield_total,Klippan,2008.0,1.2059848482957567,-1.4799879103758824,Linear
1822,crop_yield_total,Klippan,2009.0,1.361061892098226,10.58481994190143,Linear
1823,crop_yield_total,Klippan,2010.0,1.140333978840678,-7.8495308993354165,Linear
1824,crop_yield_total,Klippan,2011.0,1.2466775863900117,0.20286793466632383,Linear
1825,crop_yield_total,Klippan,2012.0,1.3867330008194048,10.864346476382039,Linear
1826,crop_yield_total,Klippan,2013.0,1.3226697667077745,5.180668965082252,Linear
1827,crop_yield_total,Klippan,2014.0,1.3584686989172954,7.456294300967267,Linear
1828,crop_yield_total,Klippan,2015.0,1.412689982584855,11.157546156667356,Linear
1829,crop_yield_total,Klippan,2016.0,1.1960391112051754,-6.382003623357058,Linear
1830,crop_yield_total,Klippan,2017.0,1.3711336258318008,6.764655970997115,Linear
1831,crop_yield_total,Klippan,2018.0,0.8014914208814181,-37.914221878534846,Linear
1832,crop_yield_total,Klippan,2019.0,1.443761939841756,11.261781440822954,Linear
1833,crop_yield_total,Klippan,2020.0,1.3625103819553428,4.462143660686606,Linear
1834,crop_yield_total,Klippan,2021.0,1.1729326989488174,-10.531057162891646,Linear
1835,crop_yield_total,Klippan,2022.0,1.4348911521578174,8.89540579043737,Linear
1836,crop_yield_total,Knivsta,2005.0,1.0053307651718697,3.2220781010226185,Linear
1837,crop_yield_total,Knivsta,2006.0,0.9351008356118972,-4.209226183415208,Linear
1838,crop_yield_total,Knivsta,2007.0,1.071372009663783,9.498818650240286,Linear
1839,crop_yield_total,Knivsta,2008.0,1.0299218561757943,5.021832760656003,Linear
1840,crop_yield_total,Knivsta,2009.0,0.9901292402231364,0.7339013992325626,Linear
1841,crop_yield_total,Knivsta,2010.0,0.8688880507000445,-11.802088495935818,Linear
1842,crop_yield_total,Knivsta,2011.0,0.7868676549133022,-20.309027453518713,Linear
1843,crop_yield_total,Knivsta,2012.0,0.9612142936646394,-2.872357221944868,Linear
1844,crop_yield_total,Knivsta,2013.0,0.9691109398589391,-2.295729200418359,Linear
1845,crop_yield_total,Knivsta,2014.0,1.1044953315212325,11.102434996692768,Linear
1846,crop_yield_total,Knivsta,2015.0,1.176399562784826,18.069139054950902,Linear
1847,crop_yield_total,Knivsta,2016.0,1.085287334789325,8.680173779040604,Linear
1848,crop_yield_total,Knivsta,2017.0,1.0907951359539596,8.987080132144587,Linear
1849,crop_yield_total,Knivsta,2018.0,0.5970288556207626,-40.481008901375674,Linear
1850,crop_yield_total,Knivsta,2019.0,1.1311635375464586,12.516501255952923,Linear
1851,crop_yield_total,Knivsta,2020.0,1.1374119682672146,12.886330839238935,Linear
1852,crop_yield_total,Knivsta,2021.0,0.9207329382323431,-8.821564758911776,Linear
1853,crop_yield_total,Knivsta,2022.0,1.012797262496733,0.07325018444391168,Linear
1854,crop_yield_total,Kramfors,2005.0,0.405716124253022,-14.538851730615496,Linear
1855,crop_yield_total,Kramfors,2006.0,0.4405536903777288,-7.420416325119559,Linear
1856,crop_yield_total,Kramfors,2007.0,0.5665023239527519,18.765537157933856,Linear
1857,crop_yield_total,Kramfors,2008.0,0.5851759169971396,22.39113814111378,Linear
1858,crop_yield_total,Kramfors,2009.0,0.5108171468615413,6.5874808627078965,Linear
1859,crop_yield_total,Kramfors,2010.0,0.5402141367963924,12.456944936342659,Linear
1860,crop_yield_total,Kramfors,2011.0,0.3988727225226394,-17.160652302630165,Linear
1861,crop_yield_total,Kramfors,2012.0,0.3157347872296728,-34.580210093683064,Linear
1862,crop_yield_total,Kramfors,2013.0,0.5430638340350372,12.259819373869114,Linear
1863,crop_yield_total,Kramfors,2014.0,0.5241662924701359,8.101483198714824,Linear
1864,crop_yield_total,Kramfors,2015.0,0.4869763826010071,0.19866052788929683,Linear
1865,crop_yield_total,Kramfors,2016.0,0.4878102462698445,0.13795653442574904,Linear
1866,crop_yield_total,Kramfors,2017.0,0.4097093931925203,-16.088817148865495,Linear
1867,crop_yield_total,Kramfors,2018.0,0.366556152981693,-25.099819012851178,Linear
1868,crop_yield_total,Kramfors,2019.0,0.4667876411095785,-4.838246150437312,Linear
1869,crop_yield_total,Kramfors,2020.0,0.7347917460995113,49.45497878376459,Linear
1870,crop_yield_total,Kramfors,2021.0,0.4492547972519529,-8.831637562409869,Linear
1871,crop_yield_total,Kramfors,2022.0,0.4850542561779244,-1.7914415626486182,Linear
1872,crop_yield_total,Kristianstad,2005.0,1.2715410196614996,5.605403418170274,Linear
1873,crop_yield_total,Kristianstad,2006.0,0.9880305740330608,-18.39403454443511,Linear
1874,crop_yield_total,Kristianstad,2007.0,1.2185960287169186,0.09681915867550189,Linear
1875,crop_yield_total,Kristianstad,2008.0,1.2059848482957567,-1.4799879103758824,Linear
1876,crop_yield_total,Kristianstad,2009.0,1.361061892098226,10.58481994190143,Linear
1877,crop_yield_total,Kristianstad,2010.0,1.140333978840678,-7.8495308993354165,Linear
1878,crop_yield_total,Kristianstad,2011.0,1.2466775863900117,0.20286793466632383,Linear
1879,crop_yield_total,Kristianstad,2012.0,1.3867330008194048,10.864346476382039,Linear
1880,crop_yield_total,Kristianstad,2013.0,1.3226697667077745,5.180668965082252,Linear
1881,crop_yield_total,Kristianstad,2014.0,1.3584686989172954,7.456294300967267,Linear
1882,crop_yield_total,Kristianstad,2015.0,1.412689982584855,11.157546156667356,Linear
1883,crop_yield_total,Kristianstad,2016.0,1.1960391112051754,-6.382003623357058,Linear
1884,crop_yield_total,Kristianstad,2017.0,1.3711336258318008,6.764655970997115,Linear
1885,crop_yield_total,Kristianstad,2018.0,0.8014914208814181,-37.914221878534846,Linear
1886,crop_yield_total,Kristianstad,2019.0,1.443761939841756,11.261781440822954,Linear
1887,crop_yield_total,Kristianstad,2020.0,1.3625103819553428,4.462143660686606,Linear
1888,crop_yield_total,Kristianstad,2021.0,1.1729326989488174,-10.531057162891646,Linear
1889,crop_yield_total,Kristianstad,2022.0,1.4348911521578174,8.89540579043737,Linear
1890,crop_yield_total,Kristinehamn,2005.0,0.8132780307437152,5.256372138755697,Linear
1891,crop_yield_total,Kristinehamn,2006.0,0.7183648676065323,-8.303958974610172,Linear
1892,crop_yield_total,Kristinehamn,2007.0,0.9569800758639444,20.499823400886502,Linear
1893,crop_yield_total,Kristinehamn,2008.0,0.8325218645715937,3.4276942001298902,Linear
1894,crop_yield_total,Kristinehamn,2009.0,0.7013583325510492,-14.016249047011378,Linear
1895,crop_yield_total,Kristinehamn,2010.0,0.6738968568169861,-18.458141181978498,Linear
1896,crop_yield_total,Kristinehamn,2011.0,0.7449988835912011,-11.01288730957373,Linear
1897,crop_yield_total,Kristinehamn,2012.0,0.8716135379672874,2.7901420327874216,Linear
1898,crop_yield_total,Kristinehamn,2013.0,0.8679411044838969,1.0749747657560649,Linear
1899,crop_yield_total,Kristinehamn,2014.0,0.8789078729499272,1.0859430551976537,Linear
1900,crop_yield_total,Kristinehamn,2015.0,1.0359179092428858,17.688288301747452,Linear
1901,crop_yield_total,Kristinehamn,2016.0,1.0259009231244876,15.143299241369279,Linear
1902,crop_yield_total,Kristinehamn,2017.0,1.003353292246534,11.26940531309137,Linear
1903,crop_yield_total,Kristinehamn,2018.0,0.5573712137171187,-38.917492950183835,Linear
1904,crop_yield_total,Kristinehamn,2019.0,1.117651809251378,21.056920261252525,Linear
1905,crop_yield_total,Kristinehamn,2020.0,0.9507760277121298,1.7960773418132785,Linear
1906,crop_yield_total,Kristinehamn,2021.0,0.798861938640312,-15.442551181338047,Linear
1907,crop_yield_total,Kristinehamn,2022.0,1.0038908478269497,5.063109760024586,Linear
1908,crop_yield_total,Krokom,2005.0,0.5386685832524567,1.6684031732417788,Linear
1909,crop_yield_total,Krokom,2006.0,0.5716640255240031,5.296530717507908,Linear
1910,crop_yield_total,Krokom,2007.0,0.6387991320200345,14.894307060129828,Linear
1911,crop_yield_total,Krokom,2008.0,0.6133982500520537,7.7899180084831325,Linear
1912,crop_yield_total,Krokom,2009.0,0.5755726745561547,-1.1295098772375691,Linear
1913,crop_yield_total,Krokom,2010.0,0.4948392123544244,-16.865587451308155,Linear
1914,crop_yield_total,Krokom,2011.0,0.6342877031387509,4.270866839610898,Linear
1915,crop_yield_total,Krokom,2012.0,0.4430765555638761,-28.69561060806209,Linear
1916,crop_yield_total,Krokom,2013.0,0.6835720052304225,7.739519057898092,Linear
1917,crop_yield_total,Krokom,2014.0,0.6791930272547687,4.887048515847922,Linear
1918,crop_yield_total,Krokom,2015.0,0.6173417805900856,-6.5521258297250595,Linear
1919,crop_yield_total,Krokom,2016.0,0.6843354626431076,1.5776567280311522,Linear
1920,crop_yield_total,Krokom,2017.0,0.7549444287509498,9.924182880788628,Linear
1921,crop_yield_total,Krokom,2018.0,0.5465661022631311,-21.904209797292467,Linear
1922,crop_yield_total,Krokom,2019.0,0.68138574082137,-4.426749682897652,Linear
1923,crop_yield_total,Krokom,2020.0,0.8396651651231447,15.65223652294534,Linear
1924,crop_yield_total,Krokom,2021.0,0.7373673597804423,-0.23519183524097217,Linear
1925,crop_yield_total,Krokom,2022.0,0.8034521703268026,6.8156987409596805,Linear
1926,crop_yield_total,Kumla,2005.0,1.0390841874046493,1.6051947750879678,Linear
1927,crop_yield_total,Kumla,2006.0,0.919756991826129,-10.460396439415378,Linear
1928,crop_yield_total,Kumla,2007.0,1.1438177187633782,10.86239580911901,Linear
1929,crop_yield_total,Kumla,2008.0,1.0857433926340216,4.772765991464095,Linear
1930,crop_yield_total,Kumla,2009.0,1.0306252630804096,-0.9797307542608245,Linear
1931,crop_yield_total,Kumla,2010.0,0.8245625460968465,-21.121746555956395,Linear
1932,crop_yield_total,Kumla,2011.0,1.039654543639088,-0.9758127743044388,Linear
1933,crop_yield_total,Kumla,2012.0,0.972558105409714,-7.765275942646036,Linear
1934,crop_yield_total,Kumla,2013.0,1.192221558312812,12.582419127312036,Linear
1935,crop_yield_total,Kumla,2014.0,1.1046434877667253,3.8672013630448387,Linear
1936,crop_yield_total,Kumla,2015.0,1.1792971653385864,10.415525805229628,Linear
1937,crop_yield_total,Kumla,2016.0,1.156302266459355,7.804454470188704,Linear
1938,crop_yield_total,Kumla,2017.0,1.2263115478110302,13.849823630893464,Linear
1939,crop_yield_total,Kumla,2018.0,0.7593125406396093,-29.801789310265253,Linear
1940,crop_yield_total,Kumla,2019.0,1.2947720576631043,19.201126442801154,Linear
1941,crop_yield_total,Kumla,2020.0,1.1247345627015133,3.1160422414118054,Linear
1942,crop_yield_total,Kumla,2021.0,0.9162023680575028,-16.35032125303297,Linear
1943,crop_yield_total,Kumla,2022.0,1.0928266848247508,-0.6361779379191673,Linear
1944,crop_yield_total,Kungsbacka,2005.0,1.1577165135612075,4.877474974758837,Linear
1945,crop_yield_total,Kungsbacka,2006.0,0.975044813499324,-12.036799293440948,Linear
1946,crop_yield_total,Kungsbacka,2007.0,1.0988267556214115,-1.2789913594343678,Linear
1947,crop_yield_total,Kungsbacka,2008.0,1.0907872901760762,-2.4040634814898545,Linear
1948,crop_yield_total,Kungsbacka,2009.0,1.2035757734970292,7.246653552350304,Linear
1949,crop_yield_total,Kungsbacka,2010.0,1.0972452927501042,-2.626683800476225,Linear
1950,crop_yield_total,Kungsbacka,2011.0,1.014581219143827,-10.328136919533481,Linear
1951,crop_yield_total,Kungsbacka,2012.0,1.1822844169226183,4.0714578795758625,Linear
1952,crop_yield_total,Kungsbacka,2013.0,1.2913923101208742,13.217945325970026,Linear
1953,crop_yield_total,Kungsbacka,2014.0,1.2802134267944956,11.787667667151034,Linear
1954,crop_yield_total,Kungsbacka,2015.0,1.2814206574477416,11.446047457409819,Linear
1955,crop_yield_total,Kungsbacka,2016.0,1.0702544489789712,-7.2896211799999815,Linear
1956,crop_yield_total,Kungsbacka,2017.0,1.232485496257918,6.34042025688114,Linear
1957,crop_yield_total,Kungsbacka,2018.0,0.759244238215366,-34.75005893241479,Linear
1958,crop_yield_total,Kungsbacka,2019.0,1.2630300026411423,8.11877559671261,Linear
1959,crop_yield_total,Kungsbacka,2020.0,1.2857248330404696,9.630408494608114,Linear
1960,crop_yield_total,Kungsbacka,2021.0,0.9937589630136764,-15.595369958205433,Linear
1961,crop_yield_total,Kungsbacka,2022.0,1.2950090389182771,9.563736479113706,Linear
1962,crop_yield_total,Kungsör,2005.0,0.9427607030073076,0.2226226995416576,Linear
1963,crop_yield_total,Kungsör,2006.0,0.8629659142617158,-8.713963460031414,Linear
1964,crop_yield_total,Kungsör,2007.0,1.0704214342140037,12.673698382531729,Linear
1965,crop_yield_total,Kungsör,2008.0,1.0045482589910382,5.221896247751371,Linear
1966,crop_yield_total,Kungsör,2009.0,0.9435524400494516,-1.6488717923999159,Linear
1967,crop_yield_total,Kungsör,2010.0,0.7548250396513732,-21.702498120220742,Linear
1968,crop_yield_total,Kungsör,2011.0,0.9008989559154844,-7.001442454745173,Linear
1969,crop_yield_total,Kungsör,2012.0,0.8734032144686694,-10.272915580899406,Linear
1970,crop_yield_total,Kungsör,2013.0,1.0945607891226798,11.909594031070391,Linear
1971,crop_yield_total,Kungsör,2014.0,1.0646584374642794,8.33438580665245,Linear
1972,crop_yield_total,Kungsör,2015.0,1.2109268595278535,22.634414410976614,Linear
1973,crop_yield_total,Kungsör,2016.0,1.0570271061311196,6.543936244245676,Linear
1974,crop_yield_total,Kungsör,2017.0,1.1537407654846996,15.74671219527765,Linear
1975,crop_yield_total,Kungsör,2018.0,0.6036946074108144,-39.718355337210326,Linear
1976,crop_yield_total,Kungsör,2019.0,1.131142348636754,12.424741548480442,Linear
1977,crop_yield_total,Kungsör,2020.0,1.1228939299893157,11.088624809727666,Linear
1978,crop_yield_total,Kungsör,2021.0,0.8056894916477705,-20.659657480631115,Linear
1979,crop_yield_total,Kungsör,2022.0,1.049741748899704,2.8995714285767233,Linear
1980,crop_yield_total,Kungälv,2005.0,1.0055775540286578,4.854664299363881,Linear
1981,crop_yield_total,Kungälv,2006.0,0.9190178175231424,-5.45767794494796,Linear
1982,crop_yield_total,Kungälv,2007.0,1.039546690973581,5.52485468698662,Linear
1983,crop_yield_total,Kungälv,2008.0,0.9643324682492214,-3.389973889170226,Linear
1984,crop_yield_total,Kungälv,2009.0,0.9637485848478334,-4.694481199289803,Linear
1985,crop_yield_total,Kungälv,2010.0,0.991837523461424,-3.1664057875009326,Linear
1986,crop_yield_total,Kungälv,2011.0,0.973209892013432,-6.1803613154120365,Linear
1987,crop_yield_total,Kungälv,2012.0,1.0141421672435171,-3.4490510855308756,Linear
1988,crop_yield_total,Kungälv,2013.0,1.1492429440193683,8.070474555781312,Linear
1989,crop_yield_total,Kungälv,2014.0,1.1314663550056376,5.1089677148457415,Linear
1990,crop_yield_total,Kungälv,2015.0,1.1883999248819652,9.075568901381246,Linear
1991,crop_yield_total,Kungälv,2016.0,1.131833670084348,2.654155792784723,Linear
1992,crop_yield_total,Kungälv,2017.0,1.2259176374746878,9.886697024965224,Linear
1993,crop_yield_total,Kungälv,2018.0,0.8499847563868758,-24.69144888409895,Linear
1994,crop_yield_total,Kungälv,2019.0,1.2750592219829564,11.678842277680355,Linear
1995,crop_yield_total,Kungälv,2020.0,1.1735438698645833,1.6258076435071667,Linear
1996,crop_yield_total,Kungälv,2021.0,1.0018857977539108,-14.208847309321277,Linear
1997,crop_yield_total,Kungälv,2022.0,1.2602610382701056,6.7231485573048015,Linear
1998,crop_yield_total,Kävlinge,2005.0,1.2715410196614996,5.605403418170274,Linear
1999,crop_yield_total,Kävlinge,2006.0,0.9880305740330608,-18.39403454443511,Linear
2000,crop_yield_total,Kävlinge,2007.0,1.2185960287169186,0.09681915867550189,Linear
2001,crop_yield_total,Kävlinge,2008.0,1.2059848482957567,-1.4799879103758824,Linear
2002,crop_yield_total,Kävlinge,2009.0,1.361061892098226,10.58481994190143,Linear
2003,crop_yield_total,Kävlinge,2010.0,1.140333978840678,-7.8495308993354165,Linear
2004,crop_yield_total,Kävlinge,2011.0,1.2466775863900117,0.20286793466632383,Linear
2005,crop_yield_total,Kävlinge,2012.0,1.3867330008194048,10.864346476382039,Linear
2006,crop_yield_total,Kävlinge,2013.0,1.3226697667077745,5.180668965082252,Linear
2007,crop_yield_total,Kävlinge,2014.0,1.3584686989172954,7.456294300967267,Linear
2008,crop_yield_total,Kävlinge,2015.0,1.412689982584855,11.157546156667356,Linear
2009,crop_yield_total,Kävlinge,2016.0,1.1960391112051754,-6.382003623357058,Linear
2010,crop_yield_total,Kävlinge,2017.0,1.3711336258318008,6.764655970997115,Linear
2011,crop_yield_total,Kävlinge,2018.0,0.8014914208814181,-37.914221878534846,Linear
2012,crop_yield_total,Kävlinge,2019.0,1.443761939841756,11.261781440822954,Linear
2013,crop_yield_total,Kävlinge,2020.0,1.3625103819553428,4.462143660686606,Linear
2014,crop_yield_total,Kävlinge,2021.0,1.1729326989488174,-10.531057162891646,Linear
2015,crop_yield_total,Kävlinge,2022.0,1.4348911521578174,8.89540579043737,Linear
2016,crop_yield_total,Köping,2005.0,0.9427607030073076,0.2226226995416576,Linear
2017,crop_yield_total,Köping,2006.0,0.8629659142617158,-8.713963460031414,Linear
2018,crop_yield_total,Köping,2007.0,1.0704214342140037,12.673698382531729,Linear
2019,crop_yield_total,Köping,2008.0,1.0045482589910382,5.221896247751371,Linear
2020,crop_yield_total,Köping,2009.0,0.9435524400494516,-1.6488717923999159,Linear
2021,crop_yield_total,Köping,2010.0,0.7548250396513732,-21.702498120220742,Linear
2022,crop_yield_total,Köping,2011.0,0.9008989559154844,-7.001442454745173,Linear
2023,crop_yield_total,Köping,2012.0,0.8734032144686694,-10.272915580899406,Linear
2024,crop_yield_total,Köping,2013.0,1.0945607891226798,11.909594031070391,Linear
2025,crop_yield_total,Köping,2014.0,1.0646584374642794,8.33438580665245,Linear
2026,crop_yield_total,Köping,2015.0,1.2109268595278535,22.634414410976614,Linear
2027,crop_yield_total,Köping,2016.0,1.0570271061311196,6.543936244245676,Linear
2028,crop_yield_total,Köping,2017.0,1.1537407654846996,15.74671219527765,Linear
2029,crop_yield_total,Köping,2018.0,0.6036946074108144,-39.718355337210326,Linear
2030,crop_yield_total,Köping,2019.0,1.131142348636754,12.424741548480442,Linear
2031,crop_yield_total,Köping,2020.0,1.1228939299893157,11.088624809727666,Linear
2032,crop_yield_total,Köping,2021.0,0.8056894916477705,-20.659657480631115,Linear
2033,crop_yield_total,Köping,2022.0,1.049741748899704,2.8995714285767233,Linear
2034,crop_yield_total,Laholm,2005.0,1.1577165135612075,4.877474974758837,Linear
2035,crop_yield_total,Laholm,2006.0,0.975044813499324,-12.036799293440948,Linear
2036,crop_yield_total,Laholm,2007.0,1.0988267556214115,-1.2789913594343678,Linear
2037,crop_yield_total,Laholm,2008.0,1.0907872901760762,-2.4040634814898545,Linear
2038,crop_yield_total,Laholm,2009.0,1.2035757734970292,7.246653552350304,Linear
2039,crop_yield_total,Laholm,2010.0,1.0972452927501042,-2.626683800476225,Linear
2040,crop_yield_total,Laholm,2011.0,1.014581219143827,-10.328136919533481,Linear
2041,crop_yield_total,Laholm,2012.0,1.1822844169226183,4.0714578795758625,Linear
2042,crop_yield_total,Laholm,2013.0,1.2913923101208742,13.217945325970026,Linear
2043,crop_yield_total,Laholm,2014.0,1.2802134267944956,11.787667667151034,Linear
2044,crop_yield_total,Laholm,2015.0,1.2814206574477416,11.446047457409819,Linear
2045,crop_yield_total,Laholm,2016.0,1.0702544489789712,-7.2896211799999815,Linear
2046,crop_yield_total,Laholm,2017.0,1.232485496257918,6.34042025688114,Linear
2047,crop_yield_total,Laholm,2018.0,0.759244238215366,-34.75005893241479,Linear
2048,crop_yield_total,Laholm,2019.0,1.2630300026411423,8.11877559671261,Linear
2049,crop_yield_total,Laholm,2020.0,1.2857248330404696,9.630408494608114,Linear
2050,crop_yield_total,Laholm,2021.0,0.9937589630136764,-15.595369958205433,Linear
2051,crop_yield_total,Laholm,2022.0,1.2950090389182771,9.563736479113706,Linear
2052,crop_yield_total,Landskrona,2005.0,1.2715410196614996,5.605403418170274,Linear
2053,crop_yield_total,Landskrona,2006.0,0.9880305740330608,-18.39403454443511,Linear
2054,crop_yield_total,Landskrona,2007.0,1.2185960287169186,0.09681915867550189,Linear
2055,crop_yield_total,Landskrona,2008.0,1.2059848482957567,-1.4799879103758824,Linear
2056,crop_yield_total,Landskrona,2009.0,1.361061892098226,10.58481994190143,Linear
2057,crop_yield_total,Landskrona,2010.0,1.140333978840678,-7.8495308993354165,Linear
2058,crop_yield_total,Landskrona,2011.0,1.2466775863900117,0.20286793466632383,Linear
2059,crop_yield_total,Landskrona,2012.0,1.3867330008194048,10.864346476382039,Linear
2060,crop_yield_total,Landskrona,2013.0,1.3226697667077745,5.180668965082252,Linear
2061,crop_yield_total,Landskrona,2014.0,1.3584686989172954,7.456294300967267,Linear
2062,crop_yield_total,Landskrona,2015.0,1.412689982584855,11.157546156667356,Linear
2063,crop_yield_total,Landskrona,2016.0,1.1960391112051754,-6.382003623357058,Linear
2064,crop_yield_total,Landskrona,2017.0,1.3711336258318008,6.764655970997115,Linear
2065,crop_yield_total,Landskrona,2018.0,0.8014914208814181,-37.914221878534846,Linear
2066,crop_yield_total,Landskrona,2019.0,1.443761939841756,11.261781440822954,Linear
2067,crop_yield_total,Landskrona,2020.0,1.3625103819553428,4.462143660686606,Linear
2068,crop_yield_total,Landskrona,2021.0,1.1729326989488174,-10.531057162891646,Linear
2069,crop_yield_total,Landskrona,2022.0,1.4348911521578174,8.89540579043737,Linear
2070,crop_yield_total,Laxå,2005.0,1.0390841874046493,1.6051947750879678,Linear
2071,crop_yield_total,Laxå,2006.0,0.919756991826129,-10.460396439415378,Linear
2072,crop_yield_total,Laxå,2007.0,1.1438177187633782,10.86239580911901,Linear
2073,crop_yield_total,Laxå,2008.0,1.0857433926340216,4.772765991464095,Linear
2074,crop_yield_total,Laxå,2009.0,1.0306252630804096,-0.9797307542608245,Linear
2075,crop_yield_total,Laxå,2010.0,0.8245625460968465,-21.121746555956395,Linear
2076,crop_yield_total,Laxå,2011.0,1.039654543639088,-0.9758127743044388,Linear
2077,crop_yield_total,Laxå,2012.0,0.972558105409714,-7.765275942646036,Linear
2078,crop_yield_total,Laxå,2013.0,1.192221558312812,12.582419127312036,Linear
2079,crop_yield_total,Laxå,2014.0,1.1046434877667253,3.8672013630448387,Linear
2080,crop_yield_total,Laxå,2015.0,1.1792971653385864,10.415525805229628,Linear
2081,crop_yield_total,Laxå,2016.0,1.156302266459355,7.804454470188704,Linear
2082,crop_yield_total,Laxå,2017.0,1.2263115478110302,13.849823630893464,Linear
2083,crop_yield_total,Laxå,2018.0,0.7593125406396093,-29.801789310265253,Linear
2084,crop_yield_total,Laxå,2019.0,1.2947720576631043,19.201126442801154,Linear
2085,crop_yield_total,Laxå,2020.0,1.1247345627015133,3.1160422414118054,Linear
2086,crop_yield_total,Laxå,2021.0,0.9162023680575028,-16.35032125303297,Linear
2087,crop_yield_total,Laxå,2022.0,1.0928266848247508,-0.6361779379191673,Linear
2088,crop_yield_total,Lekeberg,2005.0,1.0390841874046493,1.6051947750879678,Linear
2089,crop_yield_total,Lekeberg,2006.0,0.919756991826129,-10.460396439415378,Linear
2090,crop_yield_total,Lekeberg,2007.0,1.1438177187633782,10.86239580911901,Linear
2091,crop_yield_total,Lekeberg,2008.0,1.0857433926340216,4.772765991464095,Linear
2092,crop_yield_total,Lekeberg,2009.0,1.0306252630804096,-0.9797307542608245,Linear
2093,crop_yield_total,Lekeberg,2010.0,0.8245625460968465,-21.121746555956395,Linear
2094,crop_yield_total,Lekeberg,2011.0,1.039654543639088,-0.9758127743044388,Linear
2095,crop_yield_total,Lekeberg,2012.0,0.972558105409714,-7.765275942646036,Linear
2096,crop_yield_total,Lekeberg,2013.0,1.192221558312812,12.582419127312036,Linear
2097,crop_yield_total,Lekeberg,2014.0,1.1046434877667253,3.8672013630448387,Linear
2098,crop_yield_total,Lekeberg,2015.0,1.1792971653385864,10.415525805229628,Linear
2099,crop_yield_total,Lekeberg,2016.0,1.156302266459355,7.804454470188704,Linear
2100,crop_yield_total,Lekeberg,2017.0,1.2263115478110302,13.849823630893464,Linear
2101,crop_yield_total,Lekeberg,2018.0,0.7593125406396093,-29.801789310265253,Linear
2102,crop_yield_total,Lekeberg,2019.0,1.2947720576631043,19.201126442801154,Linear
2103,crop_yield_total,Lekeberg,2020.0,1.1247345627015133,3.1160422414118054,Linear
2104,crop_yield_total,Lekeberg,2021.0,0.9162023680575028,-16.35032125303297,Linear
2105,crop_yield_total,Lekeberg,2022.0,1.0928266848247508,-0.6361779379191673,Linear
2106,crop_yield_total,Leksand,2005.0,0.7932935245294663,1.5030905263688548,Linear
2107,crop_yield_total,Leksand,2006.0,0.6748350447231509,-14.175038060340519,Linear
2108,crop_yield_total,Leksand,2007.0,0.9674290899187774,22.298630137352166,Linear
2109,crop_yield_total,Leksand,2008.0,0.7788202824324088,-2.1317559923339537,Linear
2110,crop_yield_total,Leksand,2009.0,0.7657746700573635,-4.34160704346819,Linear
2111,crop_yield_total,Leksand,2010.0,0.6294649850731975,-21.8324560253873,Linear
2112,crop_yield_total,Leksand,2011.0,0.847385917040815,4.612606738756432,Linear
2113,crop_yield_total,Leksand,2012.0,0.7162034987169751,-12.097339044497629,Linear
2114,crop_yield_total,Leksand,2013.0,0.9642252173328064,17.658039511066008,Linear
2115,crop_yield_total,Leksand,2014.0,0.8656623164362899,5.022835480563956,Linear
2116,crop_yield_total,Leksand,2015.0,0.8977755207393596,8.29527050555989,Linear
2117,crop_yield_total,Leksand,2016.0,0.8694963301478308,4.287011631971183,Linear
2118,crop_yield_total,Leksand,2017.0,0.965222153520472,15.113050346299497,Linear
2119,crop_yield_total,Leksand,2018.0,0.5989120311880992,-28.97535944958592,Linear
2120,crop_yield_total,Leksand,2019.0,1.0269848340393724,21.10791326393559,Linear
2121,crop_yield_total,Leksand,2020.0,0.7972889307343404,-6.502432130388589,Linear
2122,crop_yield_total,Leksand,2021.0,0.7571545158990021,-11.700419966247683,Linear
2123,crop_yield_total,Leksand,2022.0,0.8780550029939568,1.835380286655701,Linear
2124,crop_yield_total,Lerum,2005.0,1.0055775540286578,4.854664299363881,Linear
2125,crop_yield_total,Lerum,2006.0,0.9190178175231424,-5.45767794494796,Linear
2126,crop_yield_total,Lerum,2007.0,1.039546690973581,5.52485468698662,Linear
2127,crop_yield_total,Lerum,2008.0,0.9643324682492214,-3.389973889170226,Linear
2128,crop_yield_total,Lerum,2009.0,0.9637485848478334,-4.694481199289803,Linear
2129,crop_yield_total,Lerum,2010.0,0.991837523461424,-3.1664057875009326,Linear
2130,crop_yield_total,Lerum,2011.0,0.973209892013432,-6.1803613154120365,Linear
2131,crop_yield_total,Lerum,2012.0,1.0141421672435171,-3.4490510855308756,Linear
2132,crop_yield_total,Lerum,2013.0,1.1492429440193683,8.070474555781312,Linear
2133,crop_yield_total,Lerum,2014.0,1.1314663550056376,5.1089677148457415,Linear
2134,crop_yield_total,Lerum,2015.0,1.1883999248819652,9.075568901381246,Linear
2135,crop_yield_total,Lerum,2016.0,1.131833670084348,2.654155792784723,Linear
2136,crop_yield_total,Lerum,2017.0,1.2259176374746878,9.886697024965224,Linear
2137,crop_yield_total,Lerum,2018.0,0.8499847563868758,-24.69144888409895,Linear
2138,crop_yield_total,Lerum,2019.0,1.2750592219829564,11.678842277680355,Linear
2139,crop_yield_total,Lerum,2020.0,1.1735438698645833,1.6258076435071667,Linear
2140,crop_yield_total,Lerum,2021.0,1.0018857977539108,-14.208847309321277,Linear
2141,crop_yield_total,Lerum,2022.0,1.2602610382701056,6.7231485573048015,Linear
2142,crop_yield_total,Lessebo,2005.0,0.9241027939558316,13.295656079271042,Linear
2143,crop_yield_total,Lessebo,2006.0,0.5090195355740915,-38.23359476205604,Linear
2144,crop_yield_total,Lessebo,2007.0,0.6282627607964323,-24.537752102687552,Linear
2145,crop_yield_total,Lessebo,2008.0,0.8528419139946987,1.4080006768280708,Linear
2146,crop_yield_total,Lessebo,2009.0,0.9414080229293872,10.825748018117128,Linear
2147,crop_yield_total,Lessebo,2010.0,0.8422435080832097,-1.8246406043347163,Linear
2148,crop_yield_total,Lessebo,2011.0,0.9218867529432766,6.411011459858389,Linear
2149,crop_yield_total,Lessebo,2012.0,0.99394093781274,13.620067972014619,Linear
2150,crop_yield_total,Lessebo,2013.0,1.0114301335155174,14.513405580761868,Linear
2151,crop_yield_total,Lessebo,2014.0,0.961436714384744,7.821869000716501,Linear
2152,crop_yield_total,Lessebo,2015.0,1.0685233800176586,18.706603577309625,Linear
2153,crop_yield_total,Lessebo,2016.0,1.02138481083079,12.414724144673727,Linear
2154,crop_yield_total,Lessebo,2017.0,0.927722815230048,1.1655261216516506,Linear
2155,crop_yield_total,Lessebo,2018.0,0.8041108595784098,-13.11444125415563,Linear
2156,crop_yield_total,Lessebo,2019.0,0.9941882166993494,6.452002824544373,Linear
2157,crop_yield_total,Lessebo,2020.0,1.0854010147308906,15.17667627380604,Linear
2158,crop_yield_total,Lessebo,2021.0,0.6351669328902887,-33.198502797654584,Linear
2159,crop_yield_total,Lessebo,2022.0,0.8513131526625174,-11.254581154621047,Linear
2160,crop_yield_total,Lidingö,2005.0,0.8638851144303435,4.123456601783982,Linear
2161,crop_yield_total,Lidingö,2006.0,0.7961760374702105,-4.3494396240272595,Linear
2162,crop_yield_total,Lidingö,2007.0,0.9447176049289204,13.128191582466911,Linear
2163,crop_yield_total,Lidingö,2008.0,0.8459048215493763,0.968363382519387,Linear
2164,crop_yield_total,Lidingö,2009.0,0.8401403870928377,-0.042545041845959045,Linear
2165,crop_yield_total,Lidingö,2010.0,0.66868847511859,-20.696714874730503,Linear
2166,crop_yield_total,Lidingö,2011.0,0.7119163901465887,-15.840176249982301,Linear
2167,crop_yield_total,Lidingö,2012.0,0.9032651673900608,6.439792293245046,Linear
2168,crop_yield_total,Lidingö,2013.0,0.8608279315284972,1.1165984620435698,Linear
2169,crop_yield_total,Lidingö,2014.0,0.9759322246669364,14.274016858345497,Linear
2170,crop_yield_total,Lidingö,2015.0,0.951615896231716,11.074819791139749,Linear
2171,crop_yield_total,Lidingö,2016.0,0.8869742599784218,3.203724967909985,Linear
2172,crop_yield_total,Lidingö,2017.0,0.9438616965452672,9.478150059240049,Linear
2173,crop_yield_total,Lidingö,2018.0,0.5381786266225995,-37.772186014410934,Linear
2174,crop_yield_total,Lidingö,2019.0,0.924204043442625,6.5293373042533505,Linear
2175,crop_yield_total,Lidingö,2020.0,0.9756170608610664,12.105839466191865,Linear
2176,crop_yield_total,Lidingö,2021.0,0.7661708048626098,-12.234034563915369,Linear
2177,crop_yield_total,Lidingö,2022.0,0.9500751737717342,8.496159350240287,Linear
2178,crop_yield_total,Lidköping,2005.0,1.0055775540286578,4.854664299363881,Linear
2179,crop_yield_total,Lidköping,2006.0,0.9190178175231424,-5.45767794494796,Linear
2180,crop_yield_total,Lidköping,2007.0,1.039546690973581,5.52485468698662,Linear
2181,crop_yield_total,Lidköping,2008.0,0.9643324682492214,-3.389973889170226,Linear
2182,crop_yield_total,Lidköping,2009.0,0.9637485848478334,-4.694481199289803,Linear
2183,crop_yield_total,Lidköping,2010.0,0.991837523461424,-3.1664057875009326,Linear
2184,crop_yield_total,Lidköping,2011.0,0.973209892013432,-6.1803613154120365,Linear
2185,crop_yield_total,Lidköping,2012.0,1.0141421672435171,-3.4490510855308756,Linear
2186,crop_yield_total,Lidköping,2013.0,1.1492429440193683,8.070474555781312,Linear
2187,crop_yield_total,Lidköping,2014.0,1.1314663550056376,5.1089677148457415,Linear
2188,crop_yield_total,Lidköping,2015.0,1.1883999248819652,9.075568901381246,Linear
2189,crop_yield_total,Lidköping,2016.0,1.131833670084348,2.654155792784723,Linear
2190,crop_yield_total,Lidköping,2017.0,1.2259176374746878,9.886697024965224,Linear
2191,crop_yield_total,Lidköping,2018.0,0.8499847563868758,-24.69144888409895,Linear
2192,crop_yield_total,Lidköping,2019.0,1.2750592219829564,11.678842277680355,Linear
2193,crop_yield_total,Lidköping,2020.0,1.1735438698645833,1.6258076435071667,Linear
2194,crop_yield_total,Lidköping,2021.0,1.0018857977539108,-14.208847309321277,Linear
2195,crop_yield_total,Lidköping,2022.0,1.2602610382701056,6.7231485573048015,Linear
2196,crop_yield_total,Lilla Edet,2005.0,1.0055775540286578,4.854664299363881,Linear
2197,crop_yield_total,Lilla Edet,2006.0,0.9190178175231424,-5.45767794494796,Linear
2198,crop_yield_total,Lilla Edet,2007.0,1.039546690973581,5.52485468698662,Linear
2199,crop_yield_total,Lilla Edet,2008.0,0.9643324682492214,-3.389973889170226,Linear
2200,crop_yield_total,Lilla Edet,2009.0,0.9637485848478334,-4.694481199289803,Linear
2201,crop_yield_total,Lilla Edet,2010.0,0.991837523461424,-3.1664057875009326,Linear
2202,crop_yield_total,Lilla Edet,2011.0,0.973209892013432,-6.1803613154120365,Linear
2203,crop_yield_total,Lilla Edet,2012.0,1.0141421672435171,-3.4490510855308756,Linear
2204,crop_yield_total,Lilla Edet,2013.0,1.1492429440193683,8.070474555781312,Linear
2205,crop_yield_total,Lilla Edet,2014.0,1.1314663550056376,5.1089677148457415,Linear
2206,crop_yield_total,Lilla Edet,2015.0,1.1883999248819652,9.075568901381246,Linear
2207,crop_yield_total,Lilla Edet,2016.0,1.131833670084348,2.654155792784723,Linear
2208,crop_yield_total,Lilla Edet,2017.0,1.2259176374746878,9.886697024965224,Linear
2209,crop_yield_total,Lilla Edet,2018.0,0.8499847563868758,-24.69144888409895,Linear
2210,crop_yield_total,Lilla Edet,2019.0,1.2750592219829564,11.678842277680355,Linear
2211,crop_yield_total,Lilla Edet,2020.0,1.1735438698645833,1.6258076435071667,Linear
2212,crop_yield_total,Lilla Edet,2021.0,1.0018857977539108,-14.208847309321277,Linear
2213,crop_yield_total,Lilla Edet,2022.0,1.2602610382701056,6.7231485573048015,Linear
2214,crop_yield_total,Lindesberg,2005.0,1.0390841874046493,1.6051947750879678,Linear
2215,crop_yield_total,Lindesberg,2006.0,0.919756991826129,-10.460396439415378,Linear
2216,crop_yield_total,Lindesberg,2007.0,1.1438177187633782,10.86239580911901,Linear
2217,crop_yield_total,Lindesberg,2008.0,1.0857433926340216,4.772765991464095,Linear
2218,crop_yield_total,Lindesberg,2009.0,1.0306252630804096,-0.9797307542608245,Linear
2219,crop_yield_total,Lindesberg,2010.0,0.8245625460968465,-21.121746555956395,Linear
2220,crop_yield_total,Lindesberg,2011.0,1.039654543639088,-0.9758127743044388,Linear
2221,crop_yield_total,Lindesberg,2012.0,0.972558105409714,-7.765275942646036,Linear
2222,crop_yield_total,Lindesberg,2013.0,1.192221558312812,12.582419127312036,Linear
2223,crop_yield_total,Lindesberg,2014.0,1.1046434877667253,3.8672013630448387,Linear
2224,crop_yield_total,Lindesberg,2015.0,1.1792971653385864,10.415525805229628,Linear
2225,crop_yield_total,Lindesberg,2016.0,1.156302266459355,7.804454470188704,Linear
2226,crop_yield_total,Lindesberg,2017.0,1.2263115478110302,13.849823630893464,Linear
2227,crop_yield_total,Lindesberg,2018.0,0.7593125406396093,-29.801789310265253,Linear
2228,crop_yield_total,Lindesberg,2019.0,1.2947720576631043,19.201126442801154,Linear
2229,crop_yield_total,Lindesberg,2020.0,1.1247345627015133,3.1160422414118054,Linear
2230,crop_yield_total,Lindesberg,2021.0,0.9162023680575028,-16.35032125303297,Linear
2231,crop_yield_total,Lindesberg,2022.0,1.0928266848247508,-0.6361779379191673,Linear
2232,crop_yield_total,Linköping,2005.0,1.054079468326702,4.824488907109136,Linear
2233,crop_yield_total,Linköping,2006.0,0.9473759046331852,-6.507615610605639,Linear
2234,crop_yield_total,Linköping,2007.0,1.0961947173319928,7.357287528236063,Linear
2235,crop_yield_total,Linköping,2008.0,1.0399185958491992,1.078347129715196,Linear
2236,crop_yield_total,Linköping,2009.0,1.0740680056902232,3.616803622886712,Linear
2237,crop_yield_total,Linköping,2010.0,0.8305849052082035,-20.467183355935063,Linear
2238,crop_yield_total,Linköping,2011.0,0.9655274588508276,-8.227024788475939,Linear
2239,crop_yield_total,Linköping,2012.0,1.0885857289234822,2.7127259193219615,Linear
2240,crop_yield_total,Linköping,2013.0,1.0852602814823216,1.6553415518023573,Linear
2241,crop_yield_total,Linköping,2014.0,1.1179924244581017,3.966335194639158,Linear
2242,crop_yield_total,Linköping,2015.0,1.2138214566192589,12.069862433726604,Linear
2243,crop_yield_total,Linköping,2016.0,1.1264715682251747,3.2658370510541186,Linear
2244,crop_yield_total,Linköping,2017.0,1.2308955696899149,12.042292651243706,Linear
2245,crop_yield_total,Linköping,2018.0,0.8789600225750852,-20.55329806371168,Linear
2246,crop_yield_total,Linköping,2019.0,1.2372919044802912,11.057072301978126,Linear
2247,crop_yield_total,Linköping,2020.0,1.1462510719938417,2.1744087202652977,Linear
2248,crop_yield_total,Linköping,2021.0,1.020583593560406,-9.651690439732137,Linear
2249,crop_yield_total,Linköping,2022.0,1.1324970309639304,-0.42781244002577506,Linear
2250,crop_yield_total,Ljungby,2005.0,0.9241027939558316,13.295656079271042,Linear
2251,crop_yield_total,Ljungby,2006.0,0.5090195355740915,-38.23359476205604,Linear
2252,crop_yield_total,Ljungby,2007.0,0.6282627607964323,-24.537752102687552,Linear
2253,crop_yield_total,Ljungby,2008.0,0.8528419139946987,1.4080006768280708,Linear
2254,crop_yield_total,Ljungby,2009.0,0.9414080229293872,10.825748018117128,Linear
2255,crop_yield_total,Ljungby,2010.0,0.8422435080832097,-1.8246406043347163,Linear
2256,crop_yield_total,Ljungby,2011.0,0.9218867529432766,6.411011459858389,Linear
2257,crop_yield_total,Ljungby,2012.0,0.99394093781274,13.620067972014619,Linear
2258,crop_yield_total,Ljungby,2013.0,1.0114301335155174,14.513405580761868,Linear
2259,crop_yield_total,Ljungby,2014.0,0.961436714384744,7.821869000716501,Linear
2260,crop_yield_total,Ljungby,2015.0,1.0685233800176586,18.706603577309625,Linear
2261,crop_yield_total,Ljungby,2016.0,1.02138481083079,12.414724144673727,Linear
2262,crop_yield_total,Ljungby,2017.0,0.927722815230048,1.1655261216516506,Linear
2263,crop_yield_total,Ljungby,2018.0,0.8041108595784098,-13.11444125415563,Linear
2264,crop_yield_total,Ljungby,2019.0,0.9941882166993494,6.452002824544373,Linear
2265,crop_yield_total,Ljungby,2020.0,1.0854010147308906,15.17667627380604,Linear
2266,crop_yield_total,Ljungby,2021.0,0.6351669328902887,-33.198502797654584,Linear
2267,crop_yield_total,Ljungby,2022.0,0.8513131526625174,-11.254581154621047,Linear
2268,crop_yield_total,Ljusdal,2005.0,0.5586267243142916,-3.9353941755930544,Linear
2269,crop_yield_total,Ljusdal,2006.0,0.4486155227270755,-24.893857835944374,Linear
2270,crop_yield_total,Ljusdal,2007.0,0.7177662062564565,17.07050849861118,Linear
2271,crop_yield_total,Ljusdal,2008.0,0.7040390696962168,11.947142529035823,Linear
2272,crop_yield_total,Ljusdal,2009.0,0.685799833142161,6.3749785182911936,Linear
2273,crop_yield_total,Ljusdal,2010.0,0.5336309932472948,-19.207723591415427,Linear
2274,crop_yield_total,Ljusdal,2011.0,0.6333183084233747,-6.354689874114043,Linear
2275,crop_yield_total,Ljusdal,2012.0,0.6051451946268263,-12.562890712888167,Linear
2276,crop_yield_total,Ljusdal,2013.0,0.8419230242673813,18.934301339410588,Linear
2277,crop_yield_total,Ljusdal,2014.0,0.770811628933011,6.511835122819759,Linear
2278,crop_yield_total,Ljusdal,2015.0,0.8711818978205853,17.80949955543279,Linear
2279,crop_yield_total,Ljusdal,2016.0,0.8415857004699163,11.426865412805654,Linear
2280,crop_yield_total,Ljusdal,2017.0,0.7903854407425971,2.5039556244039933,Linear
2281,crop_yield_total,Ljusdal,2018.0,0.6249872143676405,-20.573527300833263,Linear
2282,crop_yield_total,Ljusdal,2019.0,0.7883235623135229,-1.7876338672347365,Linear
2283,crop_yield_total,Ljusdal,2020.0,0.8937253173107546,9.194685044258193,Linear
2284,crop_yield_total,Ljusdal,2021.0,0.7314293378878856,-12.326689917044614,Linear
2285,crop_yield_total,Ljusdal,2022.0,0.8428847387888116,-0.8445588934668187,Linear
2286,crop_yield_total,Ljusnarsberg,2005.0,1.0390841874046493,1.6051947750879678,Linear
2287,crop_yield_total,Ljusnarsberg,2006.0,0.919756991826129,-10.460396439415378,Linear
2288,crop_yield_total,Ljusnarsberg,2007.0,1.1438177187633782,10.86239580911901,Linear
2289,crop_yield_total,Ljusnarsberg,2008.0,1.0857433926340216,4.772765991464095,Linear
2290,crop_yield_total,Ljusnarsberg,2009.0,1.0306252630804096,-0.9797307542608245,Linear
2291,crop_yield_total,Ljusnarsberg,2010.0,0.8245625460968465,-21.121746555956395,Linear
2292,crop_yield_total,Ljusnarsberg,2011.0,1.039654543639088,-0.9758127743044388,Linear
2293,crop_yield_total,Ljusnarsberg,2012.0,0.972558105409714,-7.765275942646036,Linear
2294,crop_yield_total,Ljusnarsberg,2013.0,1.192221558312812,12.582419127312036,Linear
2295,crop_yield_total,Ljusnarsberg,2014.0,1.1046434877667253,3.8672013630448387,Linear
2296,crop_yield_total,Ljusnarsberg,2015.0,1.1792971653385864,10.415525805229628,Linear
2297,crop_yield_total,Ljusnarsberg,2016.0,1.156302266459355,7.804454470188704,Linear
2298,crop_yield_total,Ljusnarsberg,2017.0,1.2263115478110302,13.849823630893464,Linear
2299,crop_yield_total,Ljusnarsberg,2018.0,0.7593125406396093,-29.801789310265253,Linear
2300,crop_yield_total,Ljusnarsberg,2019.0,1.2947720576631043,19.201126442801154,Linear
2301,crop_yield_total,Ljusnarsberg,2020.0,1.1247345627015133,3.1160422414118054,Linear
2302,crop_yield_total,Ljusnarsberg,2021.0,0.9162023680575028,-16.35032125303297,Linear
2303,crop_yield_total,Ljusnarsberg,2022.0,1.0928266848247508,-0.6361779379191673,Linear
2304,crop_yield_total,Lomma,2005.0,1.2715410196614996,5.605403418170274,Linear
2305,crop_yield_total,Lomma,2006.0,0.9880305740330608,-18.39403454443511,Linear
2306,crop_yield_total,Lomma,2007.0,1.2185960287169186,0.09681915867550189,Linear
2307,crop_yield_total,Lomma,2008.0,1.2059848482957567,-1.4799879103758824,Linear
2308,crop_yield_total,Lomma,2009.0,1.361061892098226,10.58481994190143,Linear
2309,crop_yield_total,Lomma,2010.0,1.140333978840678,-7.8495308993354165,Linear
2310,crop_yield_total,Lomma,2011.0,1.2466775863900117,0.20286793466632383,Linear
2311,crop_yield_total,Lomma,2012.0,1.3867330008194048,10.864346476382039,Linear
2312,crop_yield_total,Lomma,2013.0,1.3226697667077745,5.180668965082252,Linear
2313,crop_yield_total,Lomma,2014.0,1.3584686989172954,7.456294300967267,Linear
2314,crop_yield_total,Lomma,2015.0,1.412689982584855,11.157546156667356,Linear
2315,crop_yield_total,Lomma,2016.0,1.1960391112051754,-6.382003623357058,Linear
2316,crop_yield_total,Lomma,2017.0,1.3711336258318008,6.764655970997115,Linear
2317,crop_yield_total,Lomma,2018.0,0.8014914208814181,-37.914221878534846,Linear
2318,crop_yield_total,Lomma,2019.0,1.443761939841756,11.261781440822954,Linear
2319,crop_yield_total,Lomma,2020.0,1.3625103819553428,4.462143660686606,Linear
2320,crop_yield_total,Lomma,2021.0,1.1729326989488174,-10.531057162891646,Linear
2321,crop_yield_total,Lomma,2022.0,1.4348911521578174,8.89540579043737,Linear
2322,crop_yield_total,Ludvika,2005.0,0.7932935245294663,1.5030905263688548,Linear
2323,crop_yield_total,Ludvika,2006.0,0.6748350447231509,-14.175038060340519,Linear
2324,crop_yield_total,Ludvika,2007.0,0.9674290899187774,22.298630137352166,Linear
2325,crop_yield_total,Ludvika,2008.0,0.7788202824324088,-2.1317559923339537,Linear
2326,crop_yield_total,Ludvika,2009.0,0.7657746700573635,-4.34160704346819,Linear
2327,crop_yield_total,Ludvika,2010.0,0.6294649850731975,-21.8324560253873,Linear
2328,crop_yield_total,Ludvika,2011.0,0.847385917040815,4.612606738756432,Linear
2329,crop_yield_total,Ludvika,2012.0,0.7162034987169751,-12.097339044497629,Linear
2330,crop_yield_total,Ludvika,2013.0,0.9642252173328064,17.658039511066008,Linear
2331,crop_yield_total,Ludvika,2014.0,0.8656623164362899,5.022835480563956,Linear
2332,crop_yield_total,Ludvika,2015.0,0.8977755207393596,8.29527050555989,Linear
2333,crop_yield_total,Ludvika,2016.0,0.8694963301478308,4.287011631971183,Linear
2334,crop_yield_total,Ludvika,2017.0,0.965222153520472,15.113050346299497,Linear
2335,crop_yield_total,Ludvika,2018.0,0.5989120311880992,-28.97535944958592,Linear
2336,crop_yield_total,Ludvika,2019.0,1.0269848340393724,21.10791326393559,Linear
2337,crop_yield_total,Ludvika,2020.0,0.7972889307343404,-6.502432130388589,Linear
2338,crop_yield_total,Ludvika,2021.0,0.7571545158990021,-11.700419966247683,Linear
2339,crop_yield_total,Ludvika,2022.0,0.8780550029939568,1.835380286655701,Linear
2340,crop_yield_total,Luleå,2005.0,0.4922962630521896,-4.471520669228847,Linear
2341,crop_yield_total,Luleå,2006.0,0.5843836788284416,12.655771708420874,Linear
2342,crop_yield_total,Luleå,2007.0,0.6062698266333174,16.115169373794757,Linear
2343,crop_yield_total,Luleå,2008.0,0.5791900908704196,10.212313219420464,Linear
2344,crop_yield_total,Luleå,2009.0,0.5822199590021587,10.07791355399643,Linear
2345,crop_yield_total,Luleå,2010.0,0.5465485355333007,2.6747902509486643,Linear
2346,crop_yield_total,Luleå,2011.0,0.2751106809097622,-48.6450645593767,Linear
2347,crop_yield_total,Luleå,2012.0,0.3440891592200569,-36.17323895990114,Linear
2348,crop_yield_total,Luleå,2013.0,0.7167427405799807,32.12025844110137,Linear
2349,crop_yield_total,Luleå,2014.0,0.6585647664901455,20.641269722796984,Linear
2350,crop_yield_total,Luleå,2015.0,0.404048769726256,-26.440413133353847,Linear
2351,crop_yield_total,Luleå,2016.0,0.6032614872879074,9.153021301405936,Linear
2352,crop_yield_total,Luleå,2017.0,0.3250606904726549,-41.54311597827825,Linear
2353,crop_yield_total,Luleå,2018.0,0.6279705794816417,12.245188616932843,Linear
2354,crop_yield_total,Luleå,2019.0,0.6143768867828727,9.153211547261158,Linear
2355,crop_yield_total,Luleå,2020.0,0.7459271262863484,31.73071688816067,Linear
2356,crop_yield_total,Luleå,2021.0,0.4608645374282721,-19.09626822128907,Linear
2357,crop_yield_total,Luleå,2022.0,0.628489605680998,9.67645118493726,Linear
2358,crop_yield_total,Lund,2005.0,1.2715410196614996,5.605403418170274,Linear
2359,crop_yield_total,Lund,2006.0,0.9880305740330608,-18.39403454443511,Linear
2360,crop_yield_total,Lund,2007.0,1.2185960287169186,0.09681915867550189,Linear
2361,crop_yield_total,Lund,2008.0,1.2059848482957567,-1.4799879103758824,Linear
2362,crop_yield_total,Lund,2009.0,1.361061892098226,10.58481994190143,Linear
2363,crop_yield_total,Lund,2010.0,1.140333978840678,-7.8495308993354165,Linear
2364,crop_yield_total,Lund,2011.0,1.2466775863900117,0.20286793466632383,Linear
2365,crop_yield_total,Lund,2012.0,1.3867330008194048,10.864346476382039,Linear
2366,crop_yield_total,Lund,2013.0,1.3226697667077745,5.180668965082252,Linear
2367,crop_yield_total,Lund,2014.0,1.3584686989172954,7.456294300967267,Linear
2368,crop_yield_total,Lund,2015.0,1.412689982584855,11.157546156667356,Linear
2369,crop_yield_total,Lund,2016.0,1.1960391112051754,-6.382003623357058,Linear
2370,crop_yield_total,Lund,2017.0,1.3711336258318008,6.764655970997115,Linear
2371,crop_yield_total,Lund,2018.0,0.8014914208814181,-37.914221878534846,Linear
2372,crop_yield_total,Lund,2019.0,1.443761939841756,11.261781440822954,Linear
2373,crop_yield_total,Lund,2020.0,1.3625103819553428,4.462143660686606,Linear
2374,crop_yield_total,Lund,2021.0,1.1729326989488174,-10.531057162891646,Linear
2375,crop_yield_total,Lund,2022.0,1.4348911521578174,8.89540579043737,Linear
2376,crop_yield_total,Lycksele,2005.0,0.5997152914540813,2.0033298419845513,Linear
2377,crop_yield_total,Lycksele,2006.0,0.5420010097641708,-9.184642023580958,Linear
2378,crop_yield_total,Lycksele,2007.0,0.6802621830803811,12.310834419512577,Linear
2379,crop_yield_total,Lycksele,2008.0,0.6360999156635041,3.5023312266729376,Linear
2380,crop_yield_total,Lycksele,2009.0,0.6971161896525894,11.815007970441355,Linear
2381,crop_yield_total,Lycksele,2010.0,0.5931381304590903,-6.198666036683178,Linear
2382,crop_yield_total,Lycksele,2011.0,0.6539314451925182,1.98335121551047,Linear
2383,crop_yield_total,Lycksele,2012.0,0.4899514128071317,-24.633690539141078,Linear
2384,crop_yield_total,Lycksele,2013.0,0.792572266298926,20.27387808737884,Linear
2385,crop_yield_total,Lycksele,2014.0,0.7178294530611921,7.483249163673592,Linear
2386,crop_yield_total,Lycksele,2015.0,0.5787659335143877,-14.476331620460645,Linear
2387,crop_yield_total,Lycksele,2016.0,0.702490651044222,2.461930345324553,Linear
2388,crop_yield_total,Lycksele,2017.0,0.4369589673886949,-37.08211471528296,Linear
2389,crop_yield_total,Lycksele,2018.0,0.7141249361109738,1.5290063471217097,Linear
2390,crop_yield_total,Lycksele,2019.0,0.8079816394205077,13.44075954313151,Linear
2391,crop_yield_total,Lycksele,2020.0,0.8480829008546369,17.604825211206585,Linear
2392,crop_yield_total,Lycksele,2021.0,0.6470893408513001,-11.35869697138283,Linear
2393,crop_yield_total,Lycksele,2022.0,0.8033160118650817,8.719543514046837,Linear
2394,crop_yield_total,Lysekil,2005.0,1.0055775540286578,4.854664299363881,Linear
2395,crop_yield_total,Lysekil,2006.0,0.9190178175231424,-5.45767794494796,Linear
2396,crop_yield_total,Lysekil,2007.0,1.039546690973581,5.52485468698662,Linear
2397,crop_yield_total,Lysekil,2008.0,0.9643324682492214,-3.389973889170226,Linear
2398,crop_yield_total,Lysekil,2009.0,0.9637485848478334,-4.694481199289803,Linear
2399,crop_yield_total,Lysekil,2010.0,0.991837523461424,-3.1664057875009326,Linear
2400,crop_yield_total,Lysekil,2011.0,0.973209892013432,-6.1803613154120365,Linear
2401,crop_yield_total,Lysekil,2012.0,1.0141421672435171,-3.4490510855308756,Linear
2402,crop_yield_total,Lysekil,2013.0,1.1492429440193683,8.070474555781312,Linear
2403,crop_yield_total,Lysekil,2014.0,1.1314663550056376,5.1089677148457415,Linear
2404,crop_yield_total,Lysekil,2015.0,1.1883999248819652,9.075568901381246,Linear
2405,crop_yield_total,Lysekil,2016.0,1.131833670084348,2.654155792784723,Linear
2406,crop_yield_total,Lysekil,2017.0,1.2259176374746878,9.886697024965224,Linear
2407,crop_yield_total,Lysekil,2018.0,0.8499847563868758,-24.69144888409895,Linear
2408,crop_yield_total,Lysekil,2019.0,1.2750592219829564,11.678842277680355,Linear
2409,crop_yield_total,Lysekil,2020.0,1.1735438698645833,1.6258076435071667,Linear
2410,crop_yield_total,Lysekil,2021.0,1.0018857977539108,-14.208847309321277,Linear
2411,crop_yield_total,Lysekil,2022.0,1.2602610382701056,6.7231485573048015,Linear
2412,crop_yield_total,Malmö,2005.0,1.2715410196614996,5.605403418170274,Linear
2413,crop_yield_total,Malmö,2006.0,0.9880305740330608,-18.39403454443511,Linear
2414,crop_yield_total,Malmö,2007.0,1.2185960287169186,0.09681915867550189,Linear
2415,crop_yield_total,Malmö,2008.0,1.2059848482957567,-1.4799879103758824,Linear
2416,crop_yield_total,Malmö,2009.0,1.361061892098226,10.58481994190143,Linear
2417,crop_yield_total,Malmö,2010.0,1.140333978840678,-7.8495308993354165,Linear
2418,crop_yield_total,Malmö,2011.0,1.2466775863900117,0.20286793466632383,Linear
2419,crop_yield_total,Malmö,2012.0,1.3867330008194048,10.864346476382039,Linear
2420,crop_yield_total,Malmö,2013.0,1.3226697667077745,5.180668965082252,Linear
2421,crop_yield_total,Malmö,2014.0,1.3584686989172954,7.456294300967267,Linear
2422,crop_yield_total,Malmö,2015.0,1.412689982584855,11.157546156667356,Linear
2423,crop_yield_total,Malmö,2016.0,1.1960391112051754,-6.382003623357058,Linear
2424,crop_yield_total,Malmö,2017.0,1.3711336258318008,6.764655970997115,Linear
2425,crop_yield_total,Malmö,2018.0,0.8014914208814181,-37.914221878534846,Linear
2426,crop_yield_total,Malmö,2019.0,1.443761939841756,11.261781440822954,Linear
2427,crop_yield_total,Malmö,2020.0,1.3625103819553428,4.462143660686606,Linear
2428,crop_yield_total,Malmö,2021.0,1.1729326989488174,-10.531057162891646,Linear
2429,crop_yield_total,Malmö,2022.0,1.4348911521578174,8.89540579043737,Linear
2430,crop_yield_total,Malung,2005.0,0.7932935245294663,1.5030905263688548,Linear
2431,crop_yield_total,Malung,2006.0,0.6748350447231509,-14.175038060340519,Linear
2432,crop_yield_total,Malung,2007.0,0.9674290899187774,22.298630137352166,Linear
2433,crop_yield_total,Malung,2008.0,0.7788202824324088,-2.1317559923339537,Linear
2434,crop_yield_total,Malung,2009.0,0.7657746700573635,-4.34160704346819,Linear
2435,crop_yield_total,Malung,2010.0,0.6294649850731975,-21.8324560253873,Linear
2436,crop_yield_total,Malung,2011.0,0.847385917040815,4.612606738756432,Linear
2437,crop_yield_total,Malung,2012.0,0.7162034987169751,-12.097339044497629,Linear
2438,crop_yield_total,Malung,2013.0,0.9642252173328064,17.658039511066008,Linear
2439,crop_yield_total,Malung,2014.0,0.8656623164362899,5.022835480563956,Linear
2440,crop_yield_total,Malung,2015.0,0.8977755207393596,8.29527050555989,Linear
2441,crop_yield_total,Malung,2016.0,0.8694963301478308,4.287011631971183,Linear
2442,crop_yield_total,Malung,2017.0,0.965222153520472,15.113050346299497,Linear
2443,crop_yield_total,Malung,2018.0,0.5989120311880992,-28.97535944958592,Linear
2444,crop_yield_total,Malung,2019.0,1.0269848340393724,21.10791326393559,Linear
2445,crop_yield_total,Malung,2020.0,0.7972889307343404,-6.502432130388589,Linear
2446,crop_yield_total,Malung,2021.0,0.7571545158990021,-11.700419966247683,Linear
2447,crop_yield_total,Malung,2022.0,0.8780550029939568,1.835380286655701,Linear
2448,crop_yield_total,Malå,2005.0,0.5997152914540813,2.0033298419845513,Linear
2449,crop_yield_total,Malå,2006.0,0.5420010097641708,-9.184642023580958,Linear
2450,crop_yield_total,Malå,2007.0,0.6802621830803811,12.310834419512577,Linear
2451,crop_yield_total,Malå,2008.0,0.6360999156635041,3.5023312266729376,Linear
2452,crop_yield_total,Malå,2009.0,0.6971161896525894,11.815007970441355,Linear
2453,crop_yield_total,Malå,2010.0,0.5931381304590903,-6.198666036683178,Linear
2454,crop_yield_total,Malå,2011.0,0.6539314451925182,1.98335121551047,Linear
2455,crop_yield_total,Malå,2012.0,0.4899514128071317,-24.633690539141078,Linear
2456,crop_yield_total,Malå,2013.0,0.792572266298926,20.27387808737884,Linear
2457,crop_yield_total,Malå,2014.0,0.7178294530611921,7.483249163673592,Linear
2458,crop_yield_total,Malå,2015.0,0.5787659335143877,-14.476331620460645,Linear
2459,crop_yield_total,Malå,2016.0,0.702490651044222,2.461930345324553,Linear
2460,crop_yield_total,Malå,2017.0,0.4369589673886949,-37.08211471528296,Linear
2461,crop_yield_total,Malå,2018.0,0.7141249361109738,1.5290063471217097,Linear
2462,crop_yield_total,Malå,2019.0,0.8079816394205077,13.44075954313151,Linear
2463,crop_yield_total,Malå,2020.0,0.8480829008546369,17.604825211206585,Linear
2464,crop_yield_total,Malå,2021.0,0.6470893408513001,-11.35869697138283,Linear
2465,crop_yield_total,Malå,2022.0,0.8033160118650817,8.719543514046837,Linear
2466,crop_yield_total,Mariestad,2005.0,1.0055775540286578,4.854664299363881,Linear
2467,crop_yield_total,Mariestad,2006.0,0.9190178175231424,-5.45767794494796,Linear
2468,crop_yield_total,Mariestad,2007.0,1.039546690973581,5.52485468698662,Linear
2469,crop_yield_total,Mariestad,2008.0,0.9643324682492214,-3.389973889170226,Linear
2470,crop_yield_total,Mariestad,2009.0,0.9637485848478334,-4.694481199289803,Linear
2471,crop_yield_total,Mariestad,2010.0,0.991837523461424,-3.1664057875009326,Linear
2472,crop_yield_total,Mariestad,2011.0,0.973209892013432,-6.1803613154120365,Linear
2473,crop_yield_total,Mariestad,2012.0,1.0141421672435171,-3.4490510855308756,Linear
2474,crop_yield_total,Mariestad,2013.0,1.1492429440193683,8.070474555781312,Linear
2475,crop_yield_total,Mariestad,2014.0,1.1314663550056376,5.1089677148457415,Linear
2476,crop_yield_total,Mariestad,2015.0,1.1883999248819652,9.075568901381246,Linear
2477,crop_yield_total,Mariestad,2016.0,1.131833670084348,2.654155792784723,Linear
2478,crop_yield_total,Mariestad,2017.0,1.2259176374746878,9.886697024965224,Linear
2479,crop_yield_total,Mariestad,2018.0,0.8499847563868758,-24.69144888409895,Linear
2480,crop_yield_total,Mariestad,2019.0,1.2750592219829564,11.678842277680355,Linear
2481,crop_yield_total,Mariestad,2020.0,1.1735438698645833,1.6258076435071667,Linear
2482,crop_yield_total,Mariestad,2021.0,1.0018857977539108,-14.208847309321277,Linear
2483,crop_yield_total,Mariestad,2022.0,1.2602610382701056,6.7231485573048015,Linear
2484,crop_yield_total,Mark,2005.0,1.0055775540286578,4.854664299363881,Linear
2485,crop_yield_total,Mark,2006.0,0.9190178175231424,-5.45767794494796,Linear
2486,crop_yield_total,Mark,2007.0,1.039546690973581,5.52485468698662,Linear
2487,crop_yield_total,Mark,2008.0,0.9643324682492214,-3.389973889170226,Linear
2488,crop_yield_total,Mark,2009.0,0.9637485848478334,-4.694481199289803,Linear
2489,crop_yield_total,Mark,2010.0,0.991837523461424,-3.1664057875009326,Linear
2490,crop_yield_total,Mark,2011.0,0.973209892013432,-6.1803613154120365,Linear
2491,crop_yield_total,Mark,2012.0,1.0141421672435171,-3.4490510855308756,Linear
2492,crop_yield_total,Mark,2013.0,1.1492429440193683,8.070474555781312,Linear
2493,crop_yield_total,Mark,2014.0,1.1314663550056376,5.1089677148457415,Linear
2494,crop_yield_total,Mark,2015.0,1.1883999248819652,9.075568901381246,Linear
2495,crop_yield_total,Mark,2016.0,1.131833670084348,2.654155792784723,Linear
2496,crop_yield_total,Mark,2017.0,1.2259176374746878,9.886697024965224,Linear
2497,crop_yield_total,Mark,2018.0,0.8499847563868758,-24.69144888409895,Linear
2498,crop_yield_total,Mark,2019.0,1.2750592219829564,11.678842277680355,Linear
2499,crop_yield_total,Mark,2020.0,1.1735438698645833,1.6258076435071667,Linear
2500,crop_yield_total,Mark,2021.0,1.0018857977539108,-14.208847309321277,Linear
2501,crop_yield_total,Mark,2022.0,1.2602610382701056,6.7231485573048015,Linear
2502,crop_yield_total,Markaryd,2005.0,0.9241027939558316,13.295656079271042,Linear
2503,crop_yield_total,Markaryd,2006.0,0.5090195355740915,-38.23359476205604,Linear
2504,crop_yield_total,Markaryd,2007.0,0.6282627607964323,-24.537752102687552,Linear
2505,crop_yield_total,Markaryd,2008.0,0.8528419139946987,1.4080006768280708,Linear
2506,crop_yield_total,Markaryd,2009.0,0.9414080229293872,10.825748018117128,Linear
2507,crop_yield_total,Markaryd,2010.0,0.8422435080832097,-1.8246406043347163,Linear
2508,crop_yield_total,Markaryd,2011.0,0.9218867529432766,6.411011459858389,Linear
2509,crop_yield_total,Markaryd,2012.0,0.99394093781274,13.620067972014619,Linear
2510,crop_yield_total,Markaryd,2013.0,1.0114301335155174,14.513405580761868,Linear
2511,crop_yield_total,Markaryd,2014.0,0.961436714384744,7.821869000716501,Linear
2512,crop_yield_total,Markaryd,2015.0,1.0685233800176586,18.706603577309625,Linear
2513,crop_yield_total,Markaryd,2016.0,1.02138481083079,12.414724144673727,Linear
2514,crop_yield_total,Markaryd,2017.0,0.927722815230048,1.1655261216516506,Linear
2515,crop_yield_total,Markaryd,2018.0,0.8041108595784098,-13.11444125415563,Linear
2516,crop_yield_total,Markaryd,2019.0,0.9941882166993494,6.452002824544373,Linear
2517,crop_yield_total,Markaryd,2020.0,1.0854010147308906,15.17667627380604,Linear
2518,crop_yield_total,Markaryd,2021.0,0.6351669328902887,-33.198502797654584,Linear
2519,crop_yield_total,Markaryd,2022.0,0.8513131526625174,-11.254581154621047,Linear
2520,crop_yield_total,Mellerud,2005.0,1.0055775540286578,4.854664299363881,Linear
2521,crop_yield_total,Mellerud,2006.0,0.9190178175231424,-5.45767794494796,Linear
2522,crop_yield_total,Mellerud,2007.0,1.039546690973581,5.52485468698662,Linear
2523,crop_yield_total,Mellerud,2008.0,0.9643324682492214,-3.389973889170226,Linear
2524,crop_yield_total,Mellerud,2009.0,0.9637485848478334,-4.694481199289803,Linear
2525,crop_yield_total,Mellerud,2010.0,0.991837523461424,-3.1664057875009326,Linear
2526,crop_yield_total,Mellerud,2011.0,0.973209892013432,-6.1803613154120365,Linear
2527,crop_yield_total,Mellerud,2012.0,1.0141421672435171,-3.4490510855308756,Linear
2528,crop_yield_total,Mellerud,2013.0,1.1492429440193683,8.070474555781312,Linear
2529,crop_yield_total,Mellerud,2014.0,1.1314663550056376,5.1089677148457415,Linear
2530,crop_yield_total,Mellerud,2015.0,1.1883999248819652,9.075568901381246,Linear
2531,crop_yield_total,Mellerud,2016.0,1.131833670084348,2.654155792784723,Linear
2532,crop_yield_total,Mellerud,2017.0,1.2259176374746878,9.886697024965224,Linear
2533,crop_yield_total,Mellerud,2018.0,0.8499847563868758,-24.69144888409895,Linear
2534,crop_yield_total,Mellerud,2019.0,1.2750592219829564,11.678842277680355,Linear
2535,crop_yield_total,Mellerud,2020.0,1.1735438698645833,1.6258076435071667,Linear
2536,crop_yield_total,Mellerud,2021.0,1.0018857977539108,-14.208847309321277,Linear
2537,crop_yield_total,Mellerud,2022.0,1.2602610382701056,6.7231485573048015,Linear
2538,crop_yield_total,Mjölby,2005.0,1.054079468326702,4.824488907109136,Linear
2539,crop_yield_total,Mjölby,2006.0,0.9473759046331852,-6.507615610605639,Linear
2540,crop_yield_total,Mjölby,2007.0,1.0961947173319928,7.357287528236063,Linear
2541,crop_yield_total,Mjölby,2008.0,1.0399185958491992,1.078347129715196,Linear
2542,crop_yield_total,Mjölby,2009.0,1.0740680056902232,3.616803622886712,Linear
2543,crop_yield_total,Mjölby,2010.0,0.8305849052082035,-20.467183355935063,Linear
2544,crop_yield_total,Mjölby,2011.0,0.9655274588508276,-8.227024788475939,Linear
2545,crop_yield_total,Mjölby,2012.0,1.0885857289234822,2.7127259193219615,Linear
2546,crop_yield_total,Mjölby,2013.0,1.0852602814823216,1.6553415518023573,Linear
2547,crop_yield_total,Mjölby,2014.0,1.1179924244581017,3.966335194639158,Linear
2548,crop_yield_total,Mjölby,2015.0,1.2138214566192589,12.069862433726604,Linear
2549,crop_yield_total,Mjölby,2016.0,1.1264715682251747,3.2658370510541186,Linear
2550,crop_yield_total,Mjölby,2017.0,1.2308955696899149,12.042292651243706,Linear
2551,crop_yield_total,Mjölby,2018.0,0.8789600225750852,-20.55329806371168,Linear
2552,crop_yield_total,Mjölby,2019.0,1.2372919044802912,11.057072301978126,Linear
2553,crop_yield_total,Mjölby,2020.0,1.1462510719938417,2.1744087202652977,Linear
2554,crop_yield_total,Mjölby,2021.0,1.020583593560406,-9.651690439732137,Linear
2555,crop_yield_total,Mjölby,2022.0,1.1324970309639304,-0.42781244002577506,Linear
2556,crop_yield_total,Mora,2005.0,0.7932935245294663,1.5030905263688548,Linear
2557,crop_yield_total,Mora,2006.0,0.6748350447231509,-14.175038060340519,Linear
2558,crop_yield_total,Mora,2007.0,0.9674290899187774,22.298630137352166,Linear
2559,crop_yield_total,Mora,2008.0,0.7788202824324088,-2.1317559923339537,Linear
2560,crop_yield_total,Mora,2009.0,0.7657746700573635,-4.34160704346819,Linear
2561,crop_yield_total,Mora,2010.0,0.6294649850731975,-21.8324560253873,Linear
2562,crop_yield_total,Mora,2011.0,0.847385917040815,4.612606738756432,Linear
2563,crop_yield_total,Mora,2012.0,0.7162034987169751,-12.097339044497629,Linear
2564,crop_yield_total,Mora,2013.0,0.9642252173328064,17.658039511066008,Linear
2565,crop_yield_total,Mora,2014.0,0.8656623164362899,5.022835480563956,Linear
2566,crop_yield_total,Mora,2015.0,0.8977755207393596,8.29527050555989,Linear
2567,crop_yield_total,Mora,2016.0,0.8694963301478308,4.287011631971183,Linear
2568,crop_yield_total,Mora,2017.0,0.965222153520472,15.113050346299497,Linear
2569,crop_yield_total,Mora,2018.0,0.5989120311880992,-28.97535944958592,Linear
2570,crop_yield_total,Mora,2019.0,1.0269848340393724,21.10791326393559,Linear
2571,crop_yield_total,Mora,2020.0,0.7972889307343404,-6.502432130388589,Linear
2572,crop_yield_total,Mora,2021.0,0.7571545158990021,-11.700419966247683,Linear
2573,crop_yield_total,Mora,2022.0,0.8780550029939568,1.835380286655701,Linear
2574,crop_yield_total,Motala,2005.0,1.054079468326702,4.824488907109136,Linear
2575,crop_yield_total,Motala,2006.0,0.9473759046331852,-6.507615610605639,Linear
2576,crop_yield_total,Motala,2007.0,1.0961947173319928,7.357287528236063,Linear
2577,crop_yield_total,Motala,2008.0,1.0399185958491992,1.078347129715196,Linear
2578,crop_yield_total,Motala,2009.0,1.0740680056902232,3.616803622886712,Linear
2579,crop_yield_total,Motala,2010.0,0.8305849052082035,-20.467183355935063,Linear
2580,crop_yield_total,Motala,2011.0,0.9655274588508276,-8.227024788475939,Linear
2581,crop_yield_total,Motala,2012.0,1.0885857289234822,2.7127259193219615,Linear
2582,crop_yield_total,Motala,2013.0,1.0852602814823216,1.6553415518023573,Linear
2583,crop_yield_total,Motala,2014.0,1.1179924244581017,3.966335194639158,Linear
2584,crop_yield_total,Motala,2015.0,1.2138214566192589,12.069862433726604,Linear
2585,crop_yield_total,Motala,2016.0,1.1264715682251747,3.2658370510541186,Linear
2586,crop_yield_total,Motala,2017.0,1.2308955696899149,12.042292651243706,Linear
2587,crop_yield_total,Motala,2018.0,0.8789600225750852,-20.55329806371168,Linear
2588,crop_yield_total,Motala,2019.0,1.2372919044802912,11.057072301978126,Linear
2589,crop_yield_total,Motala,2020.0,1.1462510719938417,2.1744087202652977,Linear
2590,crop_yield_total,Motala,2021.0,1.020583593560406,-9.651690439732137,Linear
2591,crop_yield_total,Motala,2022.0,1.1324970309639304,-0.42781244002577506,Linear
2592,crop_yield_total,Mullsjö,2005.0,0.8231413872334318,-0.8592640667811631,Linear
2593,crop_yield_total,Mullsjö,2006.0,0.5560034534115266,-33.403070646717566,Linear
2594,crop_yield_total,Mullsjö,2007.0,0.849246796689325,1.163268024879047,Linear
2595,crop_yield_total,Mullsjö,2008.0,0.8648468917627017,2.4597838808112797,Linear
2596,crop_yield_total,Mullsjö,2009.0,0.955737662069078,12.61366550576091,Linear
2597,crop_yield_total,Mullsjö,2010.0,0.8288845316508049,-2.860158140336783,Linear
2598,crop_yield_total,Mullsjö,2011.0,0.8901894713650824,3.7646463757669086,Linear
2599,crop_yield_total,Mullsjö,2012.0,0.8492997598594791,-1.5299722756819134,Linear
2600,crop_yield_total,Mullsjö,2013.0,1.0676717642114328,23.131533216685725,Linear
2601,crop_yield_total,Mullsjö,2014.0,0.9392187438779384,7.7454625369339585,Linear
2602,crop_yield_total,Mullsjö,2015.0,1.0561296846674046,20.52088336744726,Linear
2603,crop_yield_total,Mullsjö,2016.0,0.9372310403709746,6.393848984720966,Linear
2604,crop_yield_total,Mullsjö,2017.0,0.928127329188098,4.812740211630031,Linear
2605,crop_yield_total,Mullsjö,2018.0,0.5631988071121873,-36.72726135017779,Linear
2606,crop_yield_total,Mullsjö,2019.0,0.8093248144173877,-9.54391905029091,Linear
2607,crop_yield_total,Mullsjö,2020.0,1.0847875870141008,20.62327559831385,Linear
2608,crop_yield_total,Mullsjö,2021.0,0.7657378045122996,-15.28713386704277,Linear
2609,crop_yield_total,Mullsjö,2022.0,0.8804225256753493,-3.093129276275071,Linear
2610,crop_yield_total,Munkedal,2005.0,1.0055775540286578,4.854664299363881,Linear
2611,crop_yield_total,Munkedal,2006.0,0.9190178175231424,-5.45767794494796,Linear
2612,crop_yield_total,Munkedal,2007.0,1.039546690973581,5.52485468698662,Linear
2613,crop_yield_total,Munkedal,2008.0,0.9643324682492214,-3.389973889170226,Linear
2614,crop_yield_total,Munkedal,2009.0,0.9637485848478334,-4.694481199289803,Linear
2615,crop_yield_total,Munkedal,2010.0,0.991837523461424,-3.1664057875009326,Linear
2616,crop_yield_total,Munkedal,2011.0,0.973209892013432,-6.1803613154120365,Linear
2617,crop_yield_total,Munkedal,2012.0,1.0141421672435171,-3.4490510855308756,Linear
2618,crop_yield_total,Munkedal,2013.0,1.1492429440193683,8.070474555781312,Linear
2619,crop_yield_total,Munkedal,2014.0,1.1314663550056376,5.1089677148457415,Linear
2620,crop_yield_total,Munkedal,2015.0,1.1883999248819652,9.075568901381246,Linear
2621,crop_yield_total,Munkedal,2016.0,1.131833670084348,2.654155792784723,Linear
2622,crop_yield_total,Munkedal,2017.0,1.2259176374746878,9.886697024965224,Linear
2623,crop_yield_total,Munkedal,2018.0,0.8499847563868758,-24.69144888409895,Linear
2624,crop_yield_total,Munkedal,2019.0,1.2750592219829564,11.678842277680355,Linear
2625,crop_yield_total,Munkedal,2020.0,1.1735438698645833,1.6258076435071667,Linear
2626,crop_yield_total,Munkedal,2021.0,1.0018857977539108,-14.208847309321277,Linear
2627,crop_yield_total,Munkedal,2022.0,1.2602610382701056,6.7231485573048015,Linear
2628,crop_yield_total,Munkfors,2005.0,0.8132780307437152,5.256372138755697,Linear
2629,crop_yield_total,Munkfors,2006.0,0.7183648676065323,-8.303958974610172,Linear
2630,crop_yield_total,Munkfors,2007.0,0.9569800758639444,20.499823400886502,Linear
2631,crop_yield_total,Munkfors,2008.0,0.8325218645715937,3.4276942001298902,Linear
2632,crop_yield_total,Munkfors,2009.0,0.7013583325510492,-14.016249047011378,Linear
2633,crop_yield_total,Munkfors,2010.0,0.6738968568169861,-18.458141181978498,Linear
2634,crop_yield_total,Munkfors,2011.0,0.7449988835912011,-11.01288730957373,Linear
2635,crop_yield_total,Munkfors,2012.0,0.8716135379672874,2.7901420327874216,Linear
2636,crop_yield_total,Munkfors,2013.0,0.8679411044838969,1.0749747657560649,Linear
2637,crop_yield_total,Munkfors,2014.0,0.8789078729499272,1.0859430551976537,Linear
2638,crop_yield_total,Munkfors,2015.0,1.0359179092428858,17.688288301747452,Linear
2639,crop_yield_total,Munkfors,2016.0,1.0259009231244876,15.143299241369279,Linear
2640,crop_yield_total,Munkfors,2017.0,1.003353292246534,11.26940531309137,Linear
2641,crop_yield_total,Munkfors,2018.0,0.5573712137171187,-38.917492950183835,Linear
2642,crop_yield_total,Munkfors,2019.0,1.117651809251378,21.056920261252525,Linear
2643,crop_yield_total,Munkfors,2020.0,0.9507760277121298,1.7960773418132785,Linear
2644,crop_yield_total,Munkfors,2021.0,0.798861938640312,-15.442551181338047,Linear
2645,crop_yield_total,Munkfors,2022.0,1.0038908478269497,5.063109760024586,Linear
2646,crop_yield_total,Mölndal,2005.0,1.0055775540286578,4.854664299363881,Linear
2647,crop_yield_total,Mölndal,2006.0,0.9190178175231424,-5.45767794494796,Linear
2648,crop_yield_total,Mölndal,2007.0,1.039546690973581,5.52485468698662,Linear
2649,crop_yield_total,Mölndal,2008.0,0.9643324682492214,-3.389973889170226,Linear
2650,crop_yield_total,Mölndal,2009.0,0.9637485848478334,-4.694481199289803,Linear
2651,crop_yield_total,Mölndal,2010.0,0.991837523461424,-3.1664057875009326,Linear
2652,crop_yield_total,Mölndal,2011.0,0.973209892013432,-6.1803613154120365,Linear
2653,crop_yield_total,Mölndal,2012.0,1.0141421672435171,-3.4490510855308756,Linear
2654,crop_yield_total,Mölndal,2013.0,1.1492429440193683,8.070474555781312,Linear
2655,crop_yield_total,Mölndal,2014.0,1.1314663550056376,5.1089677148457415,Linear
2656,crop_yield_total,Mölndal,2015.0,1.1883999248819652,9.075568901381246,Linear
2657,crop_yield_total,Mölndal,2016.0,1.131833670084348,2.654155792784723,Linear
2658,crop_yield_total,Mölndal,2017.0,1.2259176374746878,9.886697024965224,Linear
2659,crop_yield_total,Mölndal,2018.0,0.8499847563868758,-24.69144888409895,Linear
2660,crop_yield_total,Mölndal,2019.0,1.2750592219829564,11.678842277680355,Linear
2661,crop_yield_total,Mölndal,2020.0,1.1735438698645833,1.6258076435071667,Linear
2662,crop_yield_total,Mölndal,2021.0,1.0018857977539108,-14.208847309321277,Linear
2663,crop_yield_total,Mölndal,2022.0,1.2602610382701056,6.7231485573048015,Linear
2664,crop_yield_total,Mönsterås,2005.0,0.8852263816472958,0.7533134834884078,Linear
2665,crop_yield_total,Mönsterås,2006.0,0.6683618846246893,-24.538964088460197,Linear
2666,crop_yield_total,Mönsterås,2007.0,0.869308137215771,-2.6314246941760224,Linear
2667,crop_yield_total,Mönsterås,2008.0,0.917075480489375,1.9087742754838795,Linear
2668,crop_yield_total,Mönsterås,2009.0,0.994757494108262,9.676138849603683,Linear
2669,crop_yield_total,Mönsterås,2010.0,0.7579996469843103,-17.07624421026325,Linear
2670,crop_yield_total,Mönsterås,2011.0,0.8389633990355513,-8.92604812811451,Linear
2671,crop_yield_total,Mönsterås,2012.0,1.119748109964248,20.62532305474832,Linear
2672,crop_yield_total,Mönsterås,2013.0,1.059152318367517,13.231938236534141,Linear
2673,crop_yield_total,Mönsterås,2014.0,1.071787414749727,13.719919367058905,Linear
2674,crop_yield_total,Mönsterås,2015.0,1.1211363551571136,18.066943729224946,Linear
2675,crop_yield_total,Mönsterås,2016.0,1.053595829970825,10.131152334156383,Linear
2676,crop_yield_total,Mönsterås,2017.0,0.998837204675912,3.6384731633330567,Linear
2677,crop_yield_total,Mönsterås,2018.0,0.7004227096110055,-27.855999767212946,Linear
2678,crop_yield_total,Mönsterås,2019.0,0.9540398661139998,-2.446369747567467,Linear
2679,crop_yield_total,Mönsterås,2020.0,1.207105271507816,22.541119097369613,Linear
2680,crop_yield_total,Mönsterås,2021.0,0.7944150994345057,-19.93061150827489,Linear
2681,crop_yield_total,Mönsterås,2022.0,0.8888338922649469,-11.050363993283629,Linear
2682,crop_yield_total,Mörbylånga,2005.0,0.8852263816472958,0.7533134834884078,Linear
2683,crop_yield_total,Mörbylånga,2006.0,0.6683618846246893,-24.538964088460197,Linear
2684,crop_yield_total,Mörbylånga,2007.0,0.869308137215771,-2.6314246941760224,Linear
2685,crop_yield_total,Mörbylånga,2008.0,0.917075480489375,1.9087742754838795,Linear
2686,crop_yield_total,Mörbylånga,2009.0,0.994757494108262,9.676138849603683,Linear
2687,crop_yield_total,Mörbylånga,2010.0,0.7579996469843103,-17.07624421026325,Linear
2688,crop_yield_total,Mörbylånga,2011.0,0.8389633990355513,-8.92604812811451,Linear
2689,crop_yield_total,Mörbylånga,2012.0,1.119748109964248,20.62532305474832,Linear
2690,crop_yield_total,Mörbylånga,2013.0,1.059152318367517,13.231938236534141,Linear
2691,crop_yield_total,Mörbylånga,2014.0,1.071787414749727,13.719919367058905,Linear
2692,crop_yield_total,Mörbylånga,2015.0,1.1211363551571136,18.066943729224946,Linear
2693,crop_yield_total,Mörbylånga,2016.0,1.053595829970825,10.131152334156383,Linear
2694,crop_yield_total,Mörbylånga,2017.0,0.998837204675912,3.6384731633330567,Linear
2695,crop_yield_total,Mörbylånga,2018.0,0.7004227096110055,-27.855999767212946,Linear
2696,crop_yield_total,Mörbylånga,2019.0,0.9540398661139998,-2.446369747567467,Linear
2697,crop_yield_total,Mörbylånga,2020.0,1.207105271507816,22.541119097369613,Linear
2698,crop_yield_total,Mörbylånga,2021.0,0.7944150994345057,-19.93061150827489,Linear
2699,crop_yield_total,Mörbylånga,2022.0,0.8888338922649469,-11.050363993283629,Linear
2700,crop_yield_total,Nacka,2005.0,0.8638851144303435,4.123456601783982,Linear
2701,crop_yield_total,Nacka,2006.0,0.7961760374702105,-4.3494396240272595,Linear
2702,crop_yield_total,Nacka,2007.0,0.9447176049289204,13.128191582466911,Linear
2703,crop_yield_total,Nacka,2008.0,0.8459048215493763,0.968363382519387,Linear
2704,crop_yield_total,Nacka,2009.0,0.8401403870928377,-0.042545041845959045,Linear
2705,crop_yield_total,Nacka,2010.0,0.66868847511859,-20.696714874730503,Linear
2706,crop_yield_total,Nacka,2011.0,0.7119163901465887,-15.840176249982301,Linear
2707,crop_yield_total,Nacka,2012.0,0.9032651673900608,6.439792293245046,Linear
2708,crop_yield_total,Nacka,2013.0,0.8608279315284972,1.1165984620435698,Linear
2709,crop_yield_total,Nacka,2014.0,0.9759322246669364,14.274016858345497,Linear
2710,crop_yield_total,Nacka,2015.0,0.951615896231716,11.074819791139749,Linear
2711,crop_yield_total,Nacka,2016.0,0.8869742599784218,3.203724967909985,Linear
2712,crop_yield_total,Nacka,2017.0,0.9438616965452672,9.478150059240049,Linear
2713,crop_yield_total,Nacka,2018.0,0.5381786266225995,-37.772186014410934,Linear
2714,crop_yield_total,Nacka,2019.0,0.924204043442625,6.5293373042533505,Linear
2715,crop_yield_total,Nacka,2020.0,0.9756170608610664,12.105839466191865,Linear
2716,crop_yield_total,Nacka,2021.0,0.7661708048626098,-12.234034563915369,Linear
2717,crop_yield_total,Nacka,2022.0,0.9500751737717342,8.496159350240287,Linear
2718,crop_yield_total,Nora,2005.0,1.0390841874046493,1.6051947750879678,Linear
2719,crop_yield_total,Nora,2006.0,0.919756991826129,-10.460396439415378,Linear
2720,crop_yield_total,Nora,2007.0,1.1438177187633782,10.86239580911901,Linear
2721,crop_yield_total,Nora,2008.0,1.0857433926340216,4.772765991464095,Linear
2722,crop_yield_total,Nora,2009.0,1.0306252630804096,-0.9797307542608245,Linear
2723,crop_yield_total,Nora,2010.0,0.8245625460968465,-21.121746555956395,Linear
2724,crop_yield_total,Nora,2011.0,1.039654543639088,-0.9758127743044388,Linear
2725,crop_yield_total,Nora,2012.0,0.972558105409714,-7.765275942646036,Linear
2726,crop_yield_total,Nora,2013.0,1.192221558312812,12.582419127312036,Linear
2727,crop_yield_total,Nora,2014.0,1.1046434877667253,3.8672013630448387,Linear
2728,crop_yield_total,Nora,2015.0,1.1792971653385864,10.415525805229628,Linear
2729,crop_yield_total,Nora,2016.0,1.156302266459355,7.804454470188704,Linear
2730,crop_yield_total,Nora,2017.0,1.2263115478110302,13.849823630893464,Linear
2731,crop_yield_total,Nora,2018.0,0.7593125406396093,-29.801789310265253,Linear
2732,crop_yield_total,Nora,2019.0,1.2947720576631043,19.201126442801154,Linear
2733,crop_yield_total,Nora,2020.0,1.1247345627015133,3.1160422414118054,Linear
2734,crop_yield_total,Nora,2021.0,0.9162023680575028,-16.35032125303297,Linear
2735,crop_yield_total,Nora,2022.0,1.0928266848247508,-0.6361779379191673,Linear
2736,crop_yield_total,Norberg,2005.0,0.9427607030073076,0.2226226995416576,Linear
2737,crop_yield_total,Norberg,2006.0,0.8629659142617158,-8.713963460031414,Linear
2738,crop_yield_total,Norberg,2007.0,1.0704214342140037,12.673698382531729,Linear
2739,crop_yield_total,Norberg,2008.0,1.0045482589910382,5.221896247751371,Linear
2740,crop_yield_total,Norberg,2009.0,0.9435524400494516,-1.6488717923999159,Linear
2741,crop_yield_total,Norberg,2010.0,0.7548250396513732,-21.702498120220742,Linear
2742,crop_yield_total,Norberg,2011.0,0.9008989559154844,-7.001442454745173,Linear
2743,crop_yield_total,Norberg,2012.0,0.8734032144686694,-10.272915580899406,Linear
2744,crop_yield_total,Norberg,2013.0,1.0945607891226798,11.909594031070391,Linear
2745,crop_yield_total,Norberg,2014.0,1.0646584374642794,8.33438580665245,Linear
2746,crop_yield_total,Norberg,2015.0,1.2109268595278535,22.634414410976614,Linear
2747,crop_yield_total,Norberg,2016.0,1.0570271061311196,6.543936244245676,Linear
2748,crop_yield_total,Norberg,2017.0,1.1537407654846996,15.74671219527765,Linear
2749,crop_yield_total,Norberg,2018.0,0.6036946074108144,-39.718355337210326,Linear
2750,crop_yield_total,Norberg,2019.0,1.131142348636754,12.424741548480442,Linear
2751,crop_yield_total,Norberg,2020.0,1.1228939299893157,11.088624809727666,Linear
2752,crop_yield_total,Norberg,2021.0,0.8056894916477705,-20.659657480631115,Linear
2753,crop_yield_total,Norberg,2022.0,1.049741748899704,2.8995714285767233,Linear
2754,crop_yield_total,Nordanstig,2005.0,0.5586267243142916,-3.9353941755930544,Linear
2755,crop_yield_total,Nordanstig,2006.0,0.4486155227270755,-24.893857835944374,Linear
2756,crop_yield_total,Nordanstig,2007.0,0.7177662062564565,17.07050849861118,Linear
2757,crop_yield_total,Nordanstig,2008.0,0.7040390696962168,11.947142529035823,Linear
2758,crop_yield_total,Nordanstig,2009.0,0.685799833142161,6.3749785182911936,Linear
2759,crop_yield_total,Nordanstig,2010.0,0.5336309932472948,-19.207723591415427,Linear
2760,crop_yield_total,Nordanstig,2011.0,0.6333183084233747,-6.354689874114043,Linear
2761,crop_yield_total,Nordanstig,2012.0,0.6051451946268263,-12.562890712888167,Linear
2762,crop_yield_total,Nordanstig,2013.0,0.8419230242673813,18.934301339410588,Linear
2763,crop_yield_total,Nordanstig,2014.0,0.770811628933011,6.511835122819759,Linear
2764,crop_yield_total,Nordanstig,2015.0,0.8711818978205853,17.80949955543279,Linear
2765,crop_yield_total,Nordanstig,2016.0,0.8415857004699163,11.426865412805654,Linear
2766,crop_yield_total,Nordanstig,2017.0,0.7903854407425971,2.5039556244039933,Linear
2767,crop_yield_total,Nordanstig,2018.0,0.6249872143676405,-20.573527300833263,Linear
2768,crop_yield_total,Nordanstig,2019.0,0.7883235623135229,-1.7876338672347365,Linear
2769,crop_yield_total,Nordanstig,2020.0,0.8937253173107546,9.194685044258193,Linear
2770,crop_yield_total,Nordanstig,2021.0,0.7314293378878856,-12.326689917044614,Linear
2771,crop_yield_total,Nordanstig,2022.0,0.8428847387888116,-0.8445588934668187,Linear
2772,crop_yield_total,Nordmaling,2005.0,0.5997152914540813,2.0033298419845513,Linear
2773,crop_yield_total,Nordmaling,2006.0,0.5420010097641708,-9.184642023580958,Linear
2774,crop_yield_total,Nordmaling,2007.0,0.6802621830803811,12.310834419512577,Linear
2775,crop_yield_total,Nordmaling,2008.0,0.6360999156635041,3.5023312266729376,Linear
2776,crop_yield_total,Nordmaling,2009.0,0.6971161896525894,11.815007970441355,Linear
2777,crop_yield_total,Nordmaling,2010.0,0.5931381304590903,-6.198666036683178,Linear
2778,crop_yield_total,Nordmaling,2011.0,0.6539314451925182,1.98335121551047,Linear
2779,crop_yield_total,Nordmaling,2012.0,0.4899514128071317,-24.633690539141078,Linear
2780,crop_yield_total,Nordmaling,2013.0,0.792572266298926,20.27387808737884,Linear
2781,crop_yield_total,Nordmaling,2014.0,0.7178294530611921,7.483249163673592,Linear
2782,crop_yield_total,Nordmaling,2015.0,0.5787659335143877,-14.476331620460645,Linear
2783,crop_yield_total,Nordmaling,2016.0,0.702490651044222,2.461930345324553,Linear
2784,crop_yield_total,Nordmaling,2017.0,0.4369589673886949,-37.08211471528296,Linear
2785,crop_yield_total,Nordmaling,2018.0,0.7141249361109738,1.5290063471217097,Linear
2786,crop_yield_total,Nordmaling,2019.0,0.8079816394205077,13.44075954313151,Linear
2787,crop_yield_total,Nordmaling,2020.0,0.8480829008546369,17.604825211206585,Linear
2788,crop_yield_total,Nordmaling,2021.0,0.6470893408513001,-11.35869697138283,Linear
2789,crop_yield_total,Nordmaling,2022.0,0.8033160118650817,8.719543514046837,Linear
2790,crop_yield_total,Norrköping,2005.0,1.054079468326702,4.824488907109136,Linear
2791,crop_yield_total,Norrköping,2006.0,0.9473759046331852,-6.507615610605639,Linear
2792,crop_yield_total,Norrköping,2007.0,1.0961947173319928,7.357287528236063,Linear
2793,crop_yield_total,Norrköping,2008.0,1.0399185958491992,1.078347129715196,Linear
2794,crop_yield_total,Norrköping,2009.0,1.0740680056902232,3.616803622886712,Linear
2795,crop_yield_total,Norrköping,2010.0,0.8305849052082035,-20.467183355935063,Linear
2796,crop_yield_total,Norrköping,2011.0,0.9655274588508276,-8.227024788475939,Linear
2797,crop_yield_total,Norrköping,2012.0,1.0885857289234822,2.7127259193219615,Linear
2798,crop_yield_total,Norrköping,2013.0,1.0852602814823216,1.6553415518023573,Linear
2799,crop_yield_total,Norrköping,2014.0,1.1179924244581017,3.966335194639158,Linear
2800,crop_yield_total,Norrköping,2015.0,1.2138214566192589,12.069862433726604,Linear
2801,crop_yield_total,Norrköping,2016.0,1.1264715682251747,3.2658370510541186,Linear
2802,crop_yield_total,Norrköping,2017.0,1.2308955696899149,12.042292651243706,Linear
2803,crop_yield_total,Norrköping,2018.0,0.8789600225750852,-20.55329806371168,Linear
2804,crop_yield_total,Norrköping,2019.0,1.2372919044802912,11.057072301978126,Linear
2805,crop_yield_total,Norrköping,2020.0,1.1462510719938417,2.1744087202652977,Linear
2806,crop_yield_total,Norrköping,2021.0,1.020583593560406,-9.651690439732137,Linear
2807,crop_yield_total,Norrköping,2022.0,1.1324970309639304,-0.42781244002577506,Linear
2808,crop_yield_total,Norrtälje,2005.0,0.8638851144303435,4.123456601783982,Linear
2809,crop_yield_total,Norrtälje,2006.0,0.7961760374702105,-4.3494396240272595,Linear
2810,crop_yield_total,Norrtälje,2007.0,0.9447176049289204,13.128191582466911,Linear
2811,crop_yield_total,Norrtälje,2008.0,0.8459048215493763,0.968363382519387,Linear
2812,crop_yield_total,Norrtälje,2009.0,0.8401403870928377,-0.042545041845959045,Linear
2813,crop_yield_total,Norrtälje,2010.0,0.66868847511859,-20.696714874730503,Linear
2814,crop_yield_total,Norrtälje,2011.0,0.7119163901465887,-15.840176249982301,Linear
2815,crop_yield_total,Norrtälje,2012.0,0.9032651673900608,6.439792293245046,Linear
2816,crop_yield_total,Norrtälje,2013.0,0.8608279315284972,1.1165984620435698,Linear
2817,crop_yield_total,Norrtälje,2014.0,0.9759322246669364,14.274016858345497,Linear
2818,crop_yield_total,Norrtälje,2015.0,0.951615896231716,11.074819791139749,Linear
2819,crop_yield_total,Norrtälje,2016.0,0.8869742599784218,3.203724967909985,Linear
2820,crop_yield_total,Norrtälje,2017.0,0.9438616965452672,9.478150059240049,Linear
2821,crop_yield_total,Norrtälje,2018.0,0.5381786266225995,-37.772186014410934,Linear
2822,crop_yield_total,Norrtälje,2019.0,0.924204043442625,6.5293373042533505,Linear
2823,crop_yield_total,Norrtälje,2020.0,0.9756170608610664,12.105839466191865,Linear
2824,crop_yield_total,Norrtälje,2021.0,0.7661708048626098,-12.234034563915369,Linear
2825,crop_yield_total,Norrtälje,2022.0,0.9500751737717342,8.496159350240287,Linear
2826,crop_yield_total,Norsjö,2005.0,0.5997152914540813,2.0033298419845513,Linear
2827,crop_yield_total,Norsjö,2006.0,0.5420010097641708,-9.184642023580958,Linear
2828,crop_yield_total,Norsjö,2007.0,0.6802621830803811,12.310834419512577,Linear
2829,crop_yield_total,Norsjö,2008.0,0.6360999156635041,3.5023312266729376,Linear
2830,crop_yield_total,Norsjö,2009.0,0.6971161896525894,11.815007970441355,Linear
2831,crop_yield_total,Norsjö,2010.0,0.5931381304590903,-6.198666036683178,Linear
2832,crop_yield_total,Norsjö,2011.0,0.6539314451925182,1.98335121551047,Linear
2833,crop_yield_total,Norsjö,2012.0,0.4899514128071317,-24.633690539141078,Linear
2834,crop_yield_total,Norsjö,2013.0,0.792572266298926,20.27387808737884,Linear
2835,crop_yield_total,Norsjö,2014.0,0.7178294530611921,7.483249163673592,Linear
2836,crop_yield_total,Norsjö,2015.0,0.5787659335143877,-14.476331620460645,Linear
2837,crop_yield_total,Norsjö,2016.0,0.702490651044222,2.461930345324553,Linear
2838,crop_yield_total,Norsjö,2017.0,0.4369589673886949,-37.08211471528296,Linear
2839,crop_yield_total,Norsjö,2018.0,0.7141249361109738,1.5290063471217097,Linear
2840,crop_yield_total,Norsjö,2019.0,0.8079816394205077,13.44075954313151,Linear
2841,crop_yield_total,Norsjö,2020.0,0.8480829008546369,17.604825211206585,Linear
2842,crop_yield_total,Norsjö,2021.0,0.6470893408513001,-11.35869697138283,Linear
2843,crop_yield_total,Norsjö,2022.0,0.8033160118650817,8.719543514046837,Linear
2844,crop_yield_total,Nybro,2005.0,0.8852263816472958,0.7533134834884078,Linear
2845,crop_yield_total,Nybro,2006.0,0.6683618846246893,-24.538964088460197,Linear
2846,crop_yield_total,Nybro,2007.0,0.869308137215771,-2.6314246941760224,Linear
2847,crop_yield_total,Nybro,2008.0,0.917075480489375,1.9087742754838795,Linear
2848,crop_yield_total,Nybro,2009.0,0.994757494108262,9.676138849603683,Linear
2849,crop_yield_total,Nybro,2010.0,0.7579996469843103,-17.07624421026325,Linear
2850,crop_yield_total,Nybro,2011.0,0.8389633990355513,-8.92604812811451,Linear
2851,crop_yield_total,Nybro,2012.0,1.119748109964248,20.62532305474832,Linear
2852,crop_yield_total,Nybro,2013.0,1.059152318367517,13.231938236534141,Linear
2853,crop_yield_total,Nybro,2014.0,1.071787414749727,13.719919367058905,Linear
2854,crop_yield_total,Nybro,2015.0,1.1211363551571136,18.066943729224946,Linear
2855,crop_yield_total,Nybro,2016.0,1.053595829970825,10.131152334156383,Linear
2856,crop_yield_total,Nybro,2017.0,0.998837204675912,3.6384731633330567,Linear
2857,crop_yield_total,Nybro,2018.0,0.7004227096110055,-27.855999767212946,Linear
2858,crop_yield_total,Nybro,2019.0,0.9540398661139998,-2.446369747567467,Linear
2859,crop_yield_total,Nybro,2020.0,1.207105271507816,22.541119097369613,Linear
2860,crop_yield_total,Nybro,2021.0,0.7944150994345057,-19.93061150827489,Linear
2861,crop_yield_total,Nybro,2022.0,0.8888338922649469,-11.050363993283629,Linear
2862,crop_yield_total,Nykvarn,2005.0,0.8638851144303435,4.123456601783982,Linear
2863,crop_yield_total,Nykvarn,2006.0,0.7961760374702105,-4.3494396240272595,Linear
2864,crop_yield_total,Nykvarn,2007.0,0.9447176049289204,13.128191582466911,Linear
2865,crop_yield_total,Nykvarn,2008.0,0.8459048215493763,0.968363382519387,Linear
2866,crop_yield_total,Nykvarn,2009.0,0.8401403870928377,-0.042545041845959045,Linear
2867,crop_yield_total,Nykvarn,2010.0,0.66868847511859,-20.696714874730503,Linear
2868,crop_yield_total,Nykvarn,2011.0,0.7119163901465887,-15.840176249982301,Linear
2869,crop_yield_total,Nykvarn,2012.0,0.9032651673900608,6.439792293245046,Linear
2870,crop_yield_total,Nykvarn,2013.0,0.8608279315284972,1.1165984620435698,Linear
2871,crop_yield_total,Nykvarn,2014.0,0.9759322246669364,14.274016858345497,Linear
2872,crop_yield_total,Nykvarn,2015.0,0.951615896231716,11.074819791139749,Linear
2873,crop_yield_total,Nykvarn,2016.0,0.8869742599784218,3.203724967909985,Linear
2874,crop_yield_total,Nykvarn,2017.0,0.9438616965452672,9.478150059240049,Linear
2875,crop_yield_total,Nykvarn,2018.0,0.5381786266225995,-37.772186014410934,Linear
2876,crop_yield_total,Nykvarn,2019.0,0.924204043442625,6.5293373042533505,Linear
2877,crop_yield_total,Nykvarn,2020.0,0.9756170608610664,12.105839466191865,Linear
2878,crop_yield_total,Nykvarn,2021.0,0.7661708048626098,-12.234034563915369,Linear
2879,crop_yield_total,Nykvarn,2022.0,0.9500751737717342,8.496159350240287,Linear
2880,crop_yield_total,Nyköping,2005.0,0.9307631680143256,1.7079569972195243,Linear
2881,crop_yield_total,Nyköping,2006.0,0.8429914883003611,-8.28690097555507,Linear
2882,crop_yield_total,Nyköping,2007.0,0.9929789779539376,7.559558997714591,Linear
2883,crop_yield_total,Nyköping,2008.0,0.9863713187967076,6.379622069906193,Linear
2884,crop_yield_total,Nyköping,2009.0,0.9533205348426596,2.370353276455031,Linear
2885,crop_yield_total,Nyköping,2010.0,0.6986717556125399,-25.297727362975003,Linear
2886,crop_yield_total,Nyköping,2011.0,0.8874995763627134,-5.515142506690992,Linear
2887,crop_yield_total,Nyköping,2012.0,0.9575477174280252,1.506978801155693,Linear
2888,crop_yield_total,Nyköping,2013.0,0.9447651479078376,-0.2739359156199553,Linear
2889,crop_yield_total,Nyköping,2014.0,1.074392400619184,12.928857444333609,Linear
2890,crop_yield_total,Nyköping,2015.0,1.135069034994538,18.803506825012544,Linear
2891,crop_yield_total,Nyköping,2016.0,1.0546403117123333,9.921855360710746,Linear
2892,crop_yield_total,Nyköping,2017.0,1.0436038604785798,8.316773410115374,Linear
2893,crop_yield_total,Nyköping,2018.0,0.6612685665841174,-31.651991659770434,Linear
2894,crop_yield_total,Nyköping,2019.0,1.0681557633071428,9.945649506140168,Linear
2895,crop_yield_total,Nyköping,2020.0,0.9141029349645544,-6.2995864296704,Linear
2896,crop_yield_total,Nyköping,2021.0,0.9055002125016434,-7.563113360571995,Linear
2897,crop_yield_total,Nyköping,2022.0,1.0370983964731302,5.437332264759273,Linear
2898,crop_yield_total,Nynäshamn,2005.0,0.8638851144303435,4.123456601783982,Linear
2899,crop_yield_total,Nynäshamn,2006.0,0.7961760374702105,-4.3494396240272595,Linear
2900,crop_yield_total,Nynäshamn,2007.0,0.9447176049289204,13.128191582466911,Linear
2901,crop_yield_total,Nynäshamn,2008.0,0.8459048215493763,0.968363382519387,Linear
2902,crop_yield_total,Nynäshamn,2009.0,0.8401403870928377,-0.042545041845959045,Linear
2903,crop_yield_total,Nynäshamn,2010.0,0.66868847511859,-20.696714874730503,Linear
2904,crop_yield_total,Nynäshamn,2011.0,0.7119163901465887,-15.840176249982301,Linear
2905,crop_yield_total,Nynäshamn,2012.0,0.9032651673900608,6.439792293245046,Linear
2906,crop_yield_total,Nynäshamn,2013.0,0.8608279315284972,1.1165984620435698,Linear
2907,crop_yield_total,Nynäshamn,2014.0,0.9759322246669364,14.274016858345497,Linear
2908,crop_yield_total,Nynäshamn,2015.0,0.951615896231716,11.074819791139749,Linear
2909,crop_yield_total,Nynäshamn,2016.0,0.8869742599784218,3.203724967909985,Linear
2910,crop_yield_total,Nynäshamn,2017.0,0.9438616965452672,9.478150059240049,Linear
2911,crop_yield_total,Nynäshamn,2018.0,0.5381786266225995,-37.772186014410934,Linear
2912,crop_yield_total,Nynäshamn,2019.0,0.924204043442625,6.5293373042533505,Linear
2913,crop_yield_total,Nynäshamn,2020.0,0.9756170608610664,12.105839466191865,Linear
2914,crop_yield_total,Nynäshamn,2021.0,0.7661708048626098,-12.234034563915369,Linear
2915,crop_yield_total,Nynäshamn,2022.0,0.9500751737717342,8.496159350240287,Linear
2916,crop_yield_total,Nässjö,2005.0,0.8231413872334318,-0.8592640667811631,Linear
2917,crop_yield_total,Nässjö,2006.0,0.5560034534115266,-33.403070646717566,Linear
2918,crop_yield_total,Nässjö,2007.0,0.849246796689325,1.163268024879047,Linear
2919,crop_yield_total,Nässjö,2008.0,0.8648468917627017,2.4597838808112797,Linear
2920,crop_yield_total,Nässjö,2009.0,0.955737662069078,12.61366550576091,Linear
2921,crop_yield_total,Nässjö,2010.0,0.8288845316508049,-2.860158140336783,Linear
2922,crop_yield_total,Nässjö,2011.0,0.8901894713650824,3.7646463757669086,Linear
2923,crop_yield_total,Nässjö,2012.0,0.8492997598594791,-1.5299722756819134,Linear
2924,crop_yield_total,Nässjö,2013.0,1.0676717642114328,23.131533216685725,Linear
2925,crop_yield_total,Nässjö,2014.0,0.9392187438779384,7.7454625369339585,Linear
2926,crop_yield_total,Nässjö,2015.0,1.0561296846674046,20.52088336744726,Linear
2927,crop_yield_total,Nässjö,2016.0,0.9372310403709746,6.393848984720966,Linear
2928,crop_yield_total,Nässjö,2017.0,0.928127329188098,4.812740211630031,Linear
2929,crop_yield_total,Nässjö,2018.0,0.5631988071121873,-36.72726135017779,Linear
2930,crop_yield_total,Nässjö,2019.0,0.8093248144173877,-9.54391905029091,Linear
2931,crop_yield_total,Nässjö,2020.0,1.0847875870141008,20.62327559831385,Linear
2932,crop_yield_total,Nässjö,2021.0,0.7657378045122996,-15.28713386704277,Linear
2933,crop_yield_total,Nässjö,2022.0,0.8804225256753493,-3.093129276275071,Linear
2934,crop_yield_total,Ockelbo,2005.0,0.5586267243142916,-3.9353941755930544,Linear
2935,crop_yield_total,Ockelbo,2006.0,0.4486155227270755,-24.893857835944374,Linear
2936,crop_yield_total,Ockelbo,2007.0,0.7177662062564565,17.07050849861118,Linear
2937,crop_yield_total,Ockelbo,2008.0,0.7040390696962168,11.947142529035823,Linear
2938,crop_yield_total,Ockelbo,2009.0,0.685799833142161,6.3749785182911936,Linear
2939,crop_yield_total,Ockelbo,2010.0,0.5336309932472948,-19.207723591415427,Linear
2940,crop_yield_total,Ockelbo,2011.0,0.6333183084233747,-6.354689874114043,Linear
2941,crop_yield_total,Ockelbo,2012.0,0.6051451946268263,-12.562890712888167,Linear
2942,crop_yield_total,Ockelbo,2013.0,0.8419230242673813,18.934301339410588,Linear
2943,crop_yield_total,Ockelbo,2014.0,0.770811628933011,6.511835122819759,Linear
2944,crop_yield_total,Ockelbo,2015.0,0.8711818978205853,17.80949955543279,Linear
2945,crop_yield_total,Ockelbo,2016.0,0.8415857004699163,11.426865412805654,Linear
2946,crop_yield_total,Ockelbo,2017.0,0.7903854407425971,2.5039556244039933,Linear
2947,crop_yield_total,Ockelbo,2018.0,0.6249872143676405,-20.573527300833263,Linear
2948,crop_yield_total,Ockelbo,2019.0,0.7883235623135229,-1.7876338672347365,Linear
2949,crop_yield_total,Ockelbo,2020.0,0.8937253173107546,9.194685044258193,Linear
2950,crop_yield_total,Ockelbo,2021.0,0.7314293378878856,-12.326689917044614,Linear
2951,crop_yield_total,Ockelbo,2022.0,0.8428847387888116,-0.8445588934668187,Linear
2952,crop_yield_total,Olofström,2005.0,0.8130784399332686,-8.018457910264887,Linear
2953,crop_yield_total,Olofström,2006.0,0.6940506237148958,-22.144453601522617,Linear
2954,crop_yield_total,Olofström,2007.0,0.7753769467815381,-13.747396980940978,Linear
2955,crop_yield_total,Olofström,2008.0,0.8570229368491274,-5.454050270085466,Linear
2956,crop_yield_total,Olofström,2009.0,1.023661581870697,12.00251809865139,Linear
2957,crop_yield_total,Olofström,2010.0,0.9676835827445756,5.015863895671664,Linear
2958,crop_yield_total,Olofström,2011.0,0.9672930569589924,4.125845639157049,Linear
2959,crop_yield_total,Olofström,2012.0,1.1137586020729575,18.932019871692084,Linear
2960,crop_yield_total,Olofström,2013.0,1.0131783033097628,7.331876646447701,Linear
2961,crop_yield_total,Olofström,2014.0,1.0808532700065894,13.598376808648565,Linear
2962,crop_yield_total,Olofström,2015.0,1.106461921050849,15.380228466221654,Linear
2963,crop_yield_total,Olofström,2016.0,1.0599202356689548,9.669084148937676,Linear
2964,crop_yield_total,Olofström,2017.0,1.0775227732322683,10.631745330218155,Linear
2965,crop_yield_total,Olofström,2018.0,0.7201955774087216,-26.6209997179392,Linear
2966,crop_yield_total,Olofström,2019.0,1.0090208826821832,2.026948592330633,Linear
2967,crop_yield_total,Olofström,2020.0,1.0496661302469492,5.337817504657333,Linear
2968,crop_yield_total,Olofström,2021.0,0.8478732153322835,-15.548562376349926,Linear
2969,crop_yield_total,Olofström,2022.0,0.8823121361548788,-12.770049235971854,Linear
2970,crop_yield_total,Orsa,2005.0,0.7932935245294663,1.5030905263688548,Linear
2971,crop_yield_total,Orsa,2006.0,0.6748350447231509,-14.175038060340519,Linear
2972,crop_yield_total,Orsa,2007.0,0.9674290899187774,22.298630137352166,Linear
2973,crop_yield_total,Orsa,2008.0,0.7788202824324088,-2.1317559923339537,Linear
2974,crop_yield_total,Orsa,2009.0,0.7657746700573635,-4.34160704346819,Linear
2975,crop_yield_total,Orsa,2010.0,0.6294649850731975,-21.8324560253873,Linear
2976,crop_yield_total,Orsa,2011.0,0.847385917040815,4.612606738756432,Linear
2977,crop_yield_total,Orsa,2012.0,0.7162034987169751,-12.097339044497629,Linear
2978,crop_yield_total,Orsa,2013.0,0.9642252173328064,17.658039511066008,Linear
2979,crop_yield_total,Orsa,2014.0,0.8656623164362899,5.022835480563956,Linear
2980,crop_yield_total,Orsa,2015.0,0.8977755207393596,8.29527050555989,Linear
2981,crop_yield_total,Orsa,2016.0,0.8694963301478308,4.287011631971183,Linear
2982,crop_yield_total,Orsa,2017.0,0.965222153520472,15.113050346299497,Linear
2983,crop_yield_total,Orsa,2018.0,0.5989120311880992,-28.97535944958592,Linear
2984,crop_yield_total,Orsa,2019.0,1.0269848340393724,21.10791326393559,Linear
2985,crop_yield_total,Orsa,2020.0,0.7972889307343404,-6.502432130388589,Linear
2986,crop_yield_total,Orsa,2021.0,0.7571545158990021,-11.700419966247683,Linear
2987,crop_yield_total,Orsa,2022.0,0.8780550029939568,1.835380286655701,Linear
2988,crop_yield_total,Orust,2005.0,1.0055775540286578,4.854664299363881,Linear
2989,crop_yield_total,Orust,2006.0,0.9190178175231424,-5.45767794494796,Linear
2990,crop_yield_total,Orust,2007.0,1.039546690973581,5.52485468698662,Linear
2991,crop_yield_total,Orust,2008.0,0.9643324682492214,-3.389973889170226,Linear
2992,crop_yield_total,Orust,2009.0,0.9637485848478334,-4.694481199289803,Linear
2993,crop_yield_total,Orust,2010.0,0.991837523461424,-3.1664057875009326,Linear
2994,crop_yield_total,Orust,2011.0,0.973209892013432,-6.1803613154120365,Linear
2995,crop_yield_total,Orust,2012.0,1.0141421672435171,-3.4490510855308756,Linear
2996,crop_yield_total,Orust,2013.0,1.1492429440193683,8.070474555781312,Linear
2997,crop_yield_total,Orust,2014.0,1.1314663550056376,5.1089677148457415,Linear
2998,crop_yield_total,Orust,2015.0,1.1883999248819652,9.075568901381246,Linear
2999,crop_yield_total,Orust,2016.0,1.131833670084348,2.654155792784723,Linear
3000,crop_yield_total,Orust,2017.0,1.2259176374746878,9.886697024965224,Linear
3001,crop_yield_total,Orust,2018.0,0.8499847563868758,-24.69144888409895,Linear
3002,crop_yield_total,Orust,2019.0,1.2750592219829564,11.678842277680355,Linear
3003,crop_yield_total,Orust,2020.0,1.1735438698645833,1.6258076435071667,Linear
3004,crop_yield_total,Orust,2021.0,1.0018857977539108,-14.208847309321277,Linear
3005,crop_yield_total,Orust,2022.0,1.2602610382701056,6.7231485573048015,Linear
3006,crop_yield_total,Osby,2005.0,1.2715410196614996,5.605403418170274,Linear
3007,crop_yield_total,Osby,2006.0,0.9880305740330608,-18.39403454443511,Linear
3008,crop_yield_total,Osby,2007.0,1.2185960287169186,0.09681915867550189,Linear
3009,crop_yield_total,Osby,2008.0,1.2059848482957567,-1.4799879103758824,Linear
3010,crop_yield_total,Osby,2009.0,1.361061892098226,10.58481994190143,Linear
3011,crop_yield_total,Osby,2010.0,1.140333978840678,-7.8495308993354165,Linear
3012,crop_yield_total,Osby,2011.0,1.2466775863900117,0.20286793466632383,Linear
3013,crop_yield_total,Osby,2012.0,1.3867330008194048,10.864346476382039,Linear
3014,crop_yield_total,Osby,2013.0,1.3226697667077745,5.180668965082252,Linear
3015,crop_yield_total,Osby,2014.0,1.3584686989172954,7.456294300967267,Linear
3016,crop_yield_total,Osby,2015.0,1.412689982584855,11.157546156667356,Linear
3017,crop_yield_total,Osby,2016.0,1.1960391112051754,-6.382003623357058,Linear
3018,crop_yield_total,Osby,2017.0,1.3711336258318008,6.764655970997115,Linear
3019,crop_yield_total,Osby,2018.0,0.8014914208814181,-37.914221878534846,Linear
3020,crop_yield_total,Osby,2019.0,1.443761939841756,11.261781440822954,Linear
3021,crop_yield_total,Osby,2020.0,1.3625103819553428,4.462143660686606,Linear
3022,crop_yield_total,Osby,2021.0,1.1729326989488174,-10.531057162891646,Linear
3023,crop_yield_total,Osby,2022.0,1.4348911521578174,8.89540579043737,Linear
3024,crop_yield_total,Oskarshamn,2005.0,0.8852263816472958,0.7533134834884078,Linear
3025,crop_yield_total,Oskarshamn,2006.0,0.6683618846246893,-24.538964088460197,Linear
3026,crop_yield_total,Oskarshamn,2007.0,0.869308137215771,-2.6314246941760224,Linear
3027,crop_yield_total,Oskarshamn,2008.0,0.917075480489375,1.9087742754838795,Linear
3028,crop_yield_total,Oskarshamn,2009.0,0.994757494108262,9.676138849603683,Linear
3029,crop_yield_total,Oskarshamn,2010.0,0.7579996469843103,-17.07624421026325,Linear
3030,crop_yield_total,Oskarshamn,2011.0,0.8389633990355513,-8.92604812811451,Linear
3031,crop_yield_total,Oskarshamn,2012.0,1.119748109964248,20.62532305474832,Linear
3032,crop_yield_total,Oskarshamn,2013.0,1.059152318367517,13.231938236534141,Linear
3033,crop_yield_total,Oskarshamn,2014.0,1.071787414749727,13.719919367058905,Linear
3034,crop_yield_total,Oskarshamn,2015.0,1.1211363551571136,18.066943729224946,Linear
3035,crop_yield_total,Oskarshamn,2016.0,1.053595829970825,10.131152334156383,Linear
3036,crop_yield_total,Oskarshamn,2017.0,0.998837204675912,3.6384731633330567,Linear
3037,crop_yield_total,Oskarshamn,2018.0,0.7004227096110055,-27.855999767212946,Linear
3038,crop_yield_total,Oskarshamn,2019.0,0.9540398661139998,-2.446369747567467,Linear
3039,crop_yield_total,Oskarshamn,2020.0,1.207105271507816,22.541119097369613,Linear
3040,crop_yield_total,Oskarshamn,2021.0,0.7944150994345057,-19.93061150827489,Linear
3041,crop_yield_total,Oskarshamn,2022.0,0.8888338922649469,-11.050363993283629,Linear
3042,crop_yield_total,Ovanåker,2005.0,0.5586267243142916,-3.9353941755930544,Linear
3043,crop_yield_total,Ovanåker,2006.0,0.4486155227270755,-24.893857835944374,Linear
3044,crop_yield_total,Ovanåker,2007.0,0.7177662062564565,17.07050849861118,Linear
3045,crop_yield_total,Ovanåker,2008.0,0.7040390696962168,11.947142529035823,Linear
3046,crop_yield_total,Ovanåker,2009.0,0.685799833142161,6.3749785182911936,Linear
3047,crop_yield_total,Ovanåker,2010.0,0.5336309932472948,-19.207723591415427,Linear
3048,crop_yield_total,Ovanåker,2011.0,0.6333183084233747,-6.354689874114043,Linear
3049,crop_yield_total,Ovanåker,2012.0,0.6051451946268263,-12.562890712888167,Linear
3050,crop_yield_total,Ovanåker,2013.0,0.8419230242673813,18.934301339410588,Linear
3051,crop_yield_total,Ovanåker,2014.0,0.770811628933011,6.511835122819759,Linear
3052,crop_yield_total,Ovanåker,2015.0,0.8711818978205853,17.80949955543279,Linear
3053,crop_yield_total,Ovanåker,2016.0,0.8415857004699163,11.426865412805654,Linear
3054,crop_yield_total,Ovanåker,2017.0,0.7903854407425971,2.5039556244039933,Linear
3055,crop_yield_total,Ovanåker,2018.0,0.6249872143676405,-20.573527300833263,Linear
3056,crop_yield_total,Ovanåker,2019.0,0.7883235623135229,-1.7876338672347365,Linear
3057,crop_yield_total,Ovanåker,2020.0,0.8937253173107546,9.194685044258193,Linear
3058,crop_yield_total,Ovanåker,2021.0,0.7314293378878856,-12.326689917044614,Linear
3059,crop_yield_total,Ovanåker,2022.0,0.8428847387888116,-0.8445588934668187,Linear
3060,crop_yield_total,Oxelösund,2005.0,0.9307631680143256,1.7079569972195243,Linear
3061,crop_yield_total,Oxelösund,2006.0,0.8429914883003611,-8.28690097555507,Linear
3062,crop_yield_total,Oxelösund,2007.0,0.9929789779539376,7.559558997714591,Linear
3063,crop_yield_total,Oxelösund,2008.0,0.9863713187967076,6.379622069906193,Linear
3064,crop_yield_total,Oxelösund,2009.0,0.9533205348426596,2.370353276455031,Linear
3065,crop_yield_total,Oxelösund,2010.0,0.6986717556125399,-25.297727362975003,Linear
3066,crop_yield_total,Oxelösund,2011.0,0.8874995763627134,-5.515142506690992,Linear
3067,crop_yield_total,Oxelösund,2012.0,0.9575477174280252,1.506978801155693,Linear
3068,crop_yield_total,Oxelösund,2013.0,0.9447651479078376,-0.2739359156199553,Linear
3069,crop_yield_total,Oxelösund,2014.0,1.074392400619184,12.928857444333609,Linear
3070,crop_yield_total,Oxelösund,2015.0,1.135069034994538,18.803506825012544,Linear
3071,crop_yield_total,Oxelösund,2016.0,1.0546403117123333,9.921855360710746,Linear
3072,crop_yield_total,Oxelösund,2017.0,1.0436038604785798,8.316773410115374,Linear
3073,crop_yield_total,Oxelösund,2018.0,0.6612685665841174,-31.651991659770434,Linear
3074,crop_yield_total,Oxelösund,2019.0,1.0681557633071428,9.945649506140168,Linear
3075,crop_yield_total,Oxelösund,2020.0,0.9141029349645544,-6.2995864296704,Linear
3076,crop_yield_total,Oxelösund,2021.0,0.9055002125016434,-7.563113360571995,Linear
3077,crop_yield_total,Oxelösund,2022.0,1.0370983964731302,5.437332264759273,Linear
3078,crop_yield_total,Pajala,2005.0,0.4922962630521896,-4.471520669228847,Linear
3079,crop_yield_total,Pajala,2006.0,0.5843836788284416,12.655771708420874,Linear
3080,crop_yield_total,Pajala,2007.0,0.6062698266333174,16.115169373794757,Linear
3081,crop_yield_total,Pajala,2008.0,0.5791900908704196,10.212313219420464,Linear
3082,crop_yield_total,Pajala,2009.0,0.5822199590021587,10.07791355399643,Linear
3083,crop_yield_total,Pajala,2010.0,0.5465485355333007,2.6747902509486643,Linear
3084,crop_yield_total,Pajala,2011.0,0.2751106809097622,-48.6450645593767,Linear
3085,crop_yield_total,Pajala,2012.0,0.3440891592200569,-36.17323895990114,Linear
3086,crop_yield_total,Pajala,2013.0,0.7167427405799807,32.12025844110137,Linear
3087,crop_yield_total,Pajala,2014.0,0.6585647664901455,20.641269722796984,Linear
3088,crop_yield_total,Pajala,2015.0,0.404048769726256,-26.440413133353847,Linear
3089,crop_yield_total,Pajala,2016.0,0.6032614872879074,9.153021301405936,Linear
3090,crop_yield_total,Pajala,2017.0,0.3250606904726549,-41.54311597827825,Linear
3091,crop_yield_total,Pajala,2018.0,0.6279705794816417,12.245188616932843,Linear
3092,crop_yield_total,Pajala,2019.0,0.6143768867828727,9.153211547261158,Linear
3093,crop_yield_total,Pajala,2020.0,0.7459271262863484,31.73071688816067,Linear
3094,crop_yield_total,Pajala,2021.0,0.4608645374282721,-19.09626822128907,Linear
3095,crop_yield_total,Pajala,2022.0,0.628489605680998,9.67645118493726,Linear
3096,crop_yield_total,Partille,2005.0,1.0055775540286578,4.854664299363881,Linear
3097,crop_yield_total,Partille,2006.0,0.9190178175231424,-5.45767794494796,Linear
3098,crop_yield_total,Partille,2007.0,1.039546690973581,5.52485468698662,Linear
3099,crop_yield_total,Partille,2008.0,0.9643324682492214,-3.389973889170226,Linear
3100,crop_yield_total,Partille,2009.0,0.9637485848478334,-4.694481199289803,Linear
3101,crop_yield_total,Partille,2010.0,0.991837523461424,-3.1664057875009326,Linear
3102,crop_yield_total,Partille,2011.0,0.973209892013432,-6.1803613154120365,Linear
3103,crop_yield_total,Partille,2012.0,1.0141421672435171,-3.4490510855308756,Linear
3104,crop_yield_total,Partille,2013.0,1.1492429440193683,8.070474555781312,Linear
3105,crop_yield_total,Partille,2014.0,1.1314663550056376,5.1089677148457415,Linear
3106,crop_yield_total,Partille,2015.0,1.1883999248819652,9.075568901381246,Linear
3107,crop_yield_total,Partille,2016.0,1.131833670084348,2.654155792784723,Linear
3108,crop_yield_total,Partille,2017.0,1.2259176374746878,9.886697024965224,Linear
3109,crop_yield_total,Partille,2018.0,0.8499847563868758,-24.69144888409895,Linear
3110,crop_yield_total,Partille,2019.0,1.2750592219829564,11.678842277680355,Linear
3111,crop_yield_total,Partille,2020.0,1.1735438698645833,1.6258076435071667,Linear
3112,crop_yield_total,Partille,2021.0,1.0018857977539108,-14.208847309321277,Linear
3113,crop_yield_total,Partille,2022.0,1.2602610382701056,6.7231485573048015,Linear
3114,crop_yield_total,Perstorp,2005.0,1.2715410196614996,5.605403418170274,Linear
3115,crop_yield_total,Perstorp,2006.0,0.9880305740330608,-18.39403454443511,Linear
3116,crop_yield_total,Perstorp,2007.0,1.2185960287169186,0.09681915867550189,Linear
3117,crop_yield_total,Perstorp,2008.0,1.2059848482957567,-1.4799879103758824,Linear
3118,crop_yield_total,Perstorp,2009.0,1.361061892098226,10.58481994190143,Linear
3119,crop_yield_total,Perstorp,2010.0,1.140333978840678,-7.8495308993354165,Linear
3120,crop_yield_total,Perstorp,2011.0,1.2466775863900117,0.20286793466632383,Linear
3121,crop_yield_total,Perstorp,2012.0,1.3867330008194048,10.864346476382039,Linear
3122,crop_yield_total,Perstorp,2013.0,1.3226697667077745,5.180668965082252,Linear
3123,crop_yield_total,Perstorp,2014.0,1.3584686989172954,7.456294300967267,Linear
3124,crop_yield_total,Perstorp,2015.0,1.412689982584855,11.157546156667356,Linear
3125,crop_yield_total,Perstorp,2016.0,1.1960391112051754,-6.382003623357058,Linear
3126,crop_yield_total,Perstorp,2017.0,1.3711336258318008,6.764655970997115,Linear
3127,crop_yield_total,Perstorp,2018.0,0.8014914208814181,-37.914221878534846,Linear
3128,crop_yield_total,Perstorp,2019.0,1.443761939841756,11.261781440822954,Linear
3129,crop_yield_total,Perstorp,2020.0,1.3625103819553428,4.462143660686606,Linear
3130,crop_yield_total,Perstorp,2021.0,1.1729326989488174,-10.531057162891646,Linear
3131,crop_yield_total,Perstorp,2022.0,1.4348911521578174,8.89540579043737,Linear
3132,crop_yield_total,Piteå,2005.0,0.4922962630521896,-4.471520669228847,Linear
3133,crop_yield_total,Piteå,2006.0,0.5843836788284416,12.655771708420874,Linear
3134,crop_yield_total,Piteå,2007.0,0.6062698266333174,16.115169373794757,Linear
3135,crop_yield_total,Piteå,2008.0,0.5791900908704196,10.212313219420464,Linear
3136,crop_yield_total,Piteå,2009.0,0.5822199590021587,10.07791355399643,Linear
3137,crop_yield_total,Piteå,2010.0,0.5465485355333007,2.6747902509486643,Linear
3138,crop_yield_total,Piteå,2011.0,0.2751106809097622,-48.6450645593767,Linear
3139,crop_yield_total,Piteå,2012.0,0.3440891592200569,-36.17323895990114,Linear
3140,crop_yield_total,Piteå,2013.0,0.7167427405799807,32.12025844110137,Linear
3141,crop_yield_total,Piteå,2014.0,0.6585647664901455,20.641269722796984,Linear
3142,crop_yield_total,Piteå,2015.0,0.404048769726256,-26.440413133353847,Linear
3143,crop_yield_total,Piteå,2016.0,0.6032614872879074,9.153021301405936,Linear
3144,crop_yield_total,Piteå,2017.0,0.3250606904726549,-41.54311597827825,Linear
3145,crop_yield_total,Piteå,2018.0,0.6279705794816417,12.245188616932843,Linear
3146,crop_yield_total,Piteå,2019.0,0.6143768867828727,9.153211547261158,Linear
3147,crop_yield_total,Piteå,2020.0,0.7459271262863484,31.73071688816067,Linear
3148,crop_yield_total,Piteå,2021.0,0.4608645374282721,-19.09626822128907,Linear
3149,crop_yield_total,Piteå,2022.0,0.628489605680998,9.67645118493726,Linear
3150,crop_yield_total,Ragunda,2005.0,0.5386685832524567,1.6684031732417788,Linear
3151,crop_yield_total,Ragunda,2006.0,0.5716640255240031,5.296530717507908,Linear
3152,crop_yield_total,Ragunda,2007.0,0.6387991320200345,14.894307060129828,Linear
3153,crop_yield_total,Ragunda,2008.0,0.6133982500520537,7.7899180084831325,Linear
3154,crop_yield_total,Ragunda,2009.0,0.5755726745561547,-1.1295098772375691,Linear
3155,crop_yield_total,Ragunda,2010.0,0.4948392123544244,-16.865587451308155,Linear
3156,crop_yield_total,Ragunda,2011.0,0.6342877031387509,4.270866839610898,Linear
3157,crop_yield_total,Ragunda,2012.0,0.4430765555638761,-28.69561060806209,Linear
3158,crop_yield_total,Ragunda,2013.0,0.6835720052304225,7.739519057898092,Linear
3159,crop_yield_total,Ragunda,2014.0,0.6791930272547687,4.887048515847922,Linear
3160,crop_yield_total,Ragunda,2015.0,0.6173417805900856,-6.5521258297250595,Linear
3161,crop_yield_total,Ragunda,2016.0,0.6843354626431076,1.5776567280311522,Linear
3162,crop_yield_total,Ragunda,2017.0,0.7549444287509498,9.924182880788628,Linear
3163,crop_yield_total,Ragunda,2018.0,0.5465661022631311,-21.904209797292467,Linear
3164,crop_yield_total,Ragunda,2019.0,0.68138574082137,-4.426749682897652,Linear
3165,crop_yield_total,Ragunda,2020.0,0.8396651651231447,15.65223652294534,Linear
3166,crop_yield_total,Ragunda,2021.0,0.7373673597804423,-0.23519183524097217,Linear
3167,crop_yield_total,Ragunda,2022.0,0.8034521703268026,6.8156987409596805,Linear
3168,crop_yield_total,Robertsfors,2005.0,0.5997152914540813,2.0033298419845513,Linear
3169,crop_yield_total,Robertsfors,2006.0,0.5420010097641708,-9.184642023580958,Linear
3170,crop_yield_total,Robertsfors,2007.0,0.6802621830803811,12.310834419512577,Linear
3171,crop_yield_total,Robertsfors,2008.0,0.6360999156635041,3.5023312266729376,Linear
3172,crop_yield_total,Robertsfors,2009.0,0.6971161896525894,11.815007970441355,Linear
3173,crop_yield_total,Robertsfors,2010.0,0.5931381304590903,-6.198666036683178,Linear
3174,crop_yield_total,Robertsfors,2011.0,0.6539314451925182,1.98335121551047,Linear
3175,crop_yield_total,Robertsfors,2012.0,0.4899514128071317,-24.633690539141078,Linear
3176,crop_yield_total,Robertsfors,2013.0,0.792572266298926,20.27387808737884,Linear
3177,crop_yield_total,Robertsfors,2014.0,0.7178294530611921,7.483249163673592,Linear
3178,crop_yield_total,Robertsfors,2015.0,0.5787659335143877,-14.476331620460645,Linear
3179,crop_yield_total,Robertsfors,2016.0,0.702490651044222,2.461930345324553,Linear
3180,crop_yield_total,Robertsfors,2017.0,0.4369589673886949,-37.08211471528296,Linear
3181,crop_yield_total,Robertsfors,2018.0,0.7141249361109738,1.5290063471217097,Linear
3182,crop_yield_total,Robertsfors,2019.0,0.8079816394205077,13.44075954313151,Linear
3183,crop_yield_total,Robertsfors,2020.0,0.8480829008546369,17.604825211206585,Linear
3184,crop_yield_total,Robertsfors,2021.0,0.6470893408513001,-11.35869697138283,Linear
3185,crop_yield_total,Robertsfors,2022.0,0.8033160118650817,8.719543514046837,Linear
3186,crop_yield_total,Ronneby,2005.0,0.8130784399332686,-8.018457910264887,Linear
3187,crop_yield_total,Ronneby,2006.0,0.6940506237148958,-22.144453601522617,Linear
3188,crop_yield_total,Ronneby,2007.0,0.7753769467815381,-13.747396980940978,Linear
3189,crop_yield_total,Ronneby,2008.0,0.8570229368491274,-5.454050270085466,Linear
3190,crop_yield_total,Ronneby,2009.0,1.023661581870697,12.00251809865139,Linear
3191,crop_yield_total,Ronneby,2010.0,0.9676835827445756,5.015863895671664,Linear
3192,crop_yield_total,Ronneby,2011.0,0.9672930569589924,4.125845639157049,Linear
3193,crop_yield_total,Ronneby,2012.0,1.1137586020729575,18.932019871692084,Linear
3194,crop_yield_total,Ronneby,2013.0,1.0131783033097628,7.331876646447701,Linear
3195,crop_yield_total,Ronneby,2014.0,1.0808532700065894,13.598376808648565,Linear
3196,crop_yield_total,Ronneby,2015.0,1.106461921050849,15.380228466221654,Linear
3197,crop_yield_total,Ronneby,2016.0,1.0599202356689548,9.669084148937676,Linear
3198,crop_yield_total,Ronneby,2017.0,1.0775227732322683,10.631745330218155,Linear
3199,crop_yield_total,Ronneby,2018.0,0.7201955774087216,-26.6209997179392,Linear
3200,crop_yield_total,Ronneby,2019.0,1.0090208826821832,2.026948592330633,Linear
3201,crop_yield_total,Ronneby,2020.0,1.0496661302469492,5.337817504657333,Linear
3202,crop_yield_total,Ronneby,2021.0,0.8478732153322835,-15.548562376349926,Linear
3203,crop_yield_total,Ronneby,2022.0,0.8823121361548788,-12.770049235971854,Linear
3204,crop_yield_total,Rättvik,2005.0,0.7932935245294663,1.5030905263688548,Linear
3205,crop_yield_total,Rättvik,2006.0,0.6748350447231509,-14.175038060340519,Linear
3206,crop_yield_total,Rättvik,2007.0,0.9674290899187774,22.298630137352166,Linear
3207,crop_yield_total,Rättvik,2008.0,0.7788202824324088,-2.1317559923339537,Linear
3208,crop_yield_total,Rättvik,2009.0,0.7657746700573635,-4.34160704346819,Linear
3209,crop_yield_total,Rättvik,2010.0,0.6294649850731975,-21.8324560253873,Linear
3210,crop_yield_total,Rättvik,2011.0,0.847385917040815,4.612606738756432,Linear
3211,crop_yield_total,Rättvik,2012.0,0.7162034987169751,-12.097339044497629,Linear
3212,crop_yield_total,Rättvik,2013.0,0.9642252173328064,17.658039511066008,Linear
3213,crop_yield_total,Rättvik,2014.0,0.8656623164362899,5.022835480563956,Linear
3214,crop_yield_total,Rättvik,2015.0,0.8977755207393596,8.29527050555989,Linear
3215,crop_yield_total,Rättvik,2016.0,0.8694963301478308,4.287011631971183,Linear
3216,crop_yield_total,Rättvik,2017.0,0.965222153520472,15.113050346299497,Linear
3217,crop_yield_total,Rättvik,2018.0,0.5989120311880992,-28.97535944958592,Linear
3218,crop_yield_total,Rättvik,2019.0,1.0269848340393724,21.10791326393559,Linear
3219,crop_yield_total,Rättvik,2020.0,0.7972889307343404,-6.502432130388589,Linear
3220,crop_yield_total,Rättvik,2021.0,0.7571545158990021,-11.700419966247683,Linear
3221,crop_yield_total,Rättvik,2022.0,0.8780550029939568,1.835380286655701,Linear
3222,crop_yield_total,Sala,2005.0,0.9427607030073076,0.2226226995416576,Linear
3223,crop_yield_total,Sala,2006.0,0.8629659142617158,-8.713963460031414,Linear
3224,crop_yield_total,Sala,2007.0,1.0704214342140037,12.673698382531729,Linear
3225,crop_yield_total,Sala,2008.0,1.0045482589910382,5.221896247751371,Linear
3226,crop_yield_total,Sala,2009.0,0.9435524400494516,-1.6488717923999159,Linear
3227,crop_yield_total,Sala,2010.0,0.7548250396513732,-21.702498120220742,Linear
3228,crop_yield_total,Sala,2011.0,0.9008989559154844,-7.001442454745173,Linear
3229,crop_yield_total,Sala,2012.0,0.8734032144686694,-10.272915580899406,Linear
3230,crop_yield_total,Sala,2013.0,1.0945607891226798,11.909594031070391,Linear
3231,crop_yield_total,Sala,2014.0,1.0646584374642794,8.33438580665245,Linear
3232,crop_yield_total,Sala,2015.0,1.2109268595278535,22.634414410976614,Linear
3233,crop_yield_total,Sala,2016.0,1.0570271061311196,6.543936244245676,Linear
3234,crop_yield_total,Sala,2017.0,1.1537407654846996,15.74671219527765,Linear
3235,crop_yield_total,Sala,2018.0,0.6036946074108144,-39.718355337210326,Linear
3236,crop_yield_total,Sala,2019.0,1.131142348636754,12.424741548480442,Linear
3237,crop_yield_total,Sala,2020.0,1.1228939299893157,11.088624809727666,Linear
3238,crop_yield_total,Sala,2021.0,0.8056894916477705,-20.659657480631115,Linear
3239,crop_yield_total,Sala,2022.0,1.049741748899704,2.8995714285767233,Linear
3240,crop_yield_total,Salem,2005.0,0.8638851144303435,4.123456601783982,Linear
3241,crop_yield_total,Salem,2006.0,0.7961760374702105,-4.3494396240272595,Linear
3242,crop_yield_total,Salem,2007.0,0.9447176049289204,13.128191582466911,Linear
3243,crop_yield_total,Salem,2008.0,0.8459048215493763,0.968363382519387,Linear
3244,crop_yield_total,Salem,2009.0,0.8401403870928377,-0.042545041845959045,Linear
3245,crop_yield_total,Salem,2010.0,0.66868847511859,-20.696714874730503,Linear
3246,crop_yield_total,Salem,2011.0,0.7119163901465887,-15.840176249982301,Linear
3247,crop_yield_total,Salem,2012.0,0.9032651673900608,6.439792293245046,Linear
3248,crop_yield_total,Salem,2013.0,0.8608279315284972,1.1165984620435698,Linear
3249,crop_yield_total,Salem,2014.0,0.9759322246669364,14.274016858345497,Linear
3250,crop_yield_total,Salem,2015.0,0.951615896231716,11.074819791139749,Linear
3251,crop_yield_total,Salem,2016.0,0.8869742599784218,3.203724967909985,Linear
3252,crop_yield_total,Salem,2017.0,0.9438616965452672,9.478150059240049,Linear
3253,crop_yield_total,Salem,2018.0,0.5381786266225995,-37.772186014410934,Linear
3254,crop_yield_total,Salem,2019.0,0.924204043442625,6.5293373042533505,Linear
3255,crop_yield_total,Salem,2020.0,0.9756170608610664,12.105839466191865,Linear
3256,crop_yield_total,Salem,2021.0,0.7661708048626098,-12.234034563915369,Linear
3257,crop_yield_total,Salem,2022.0,0.9500751737717342,8.496159350240287,Linear
3258,crop_yield_total,Sandviken,2005.0,0.5586267243142916,-3.9353941755930544,Linear
3259,crop_yield_total,Sandviken,2006.0,0.4486155227270755,-24.893857835944374,Linear
3260,crop_yield_total,Sandviken,2007.0,0.7177662062564565,17.07050849861118,Linear
3261,crop_yield_total,Sandviken,2008.0,0.7040390696962168,11.947142529035823,Linear
3262,crop_yield_total,Sandviken,2009.0,0.685799833142161,6.3749785182911936,Linear
3263,crop_yield_total,Sandviken,2010.0,0.5336309932472948,-19.207723591415427,Linear
3264,crop_yield_total,Sandviken,2011.0,0.6333183084233747,-6.354689874114043,Linear
3265,crop_yield_total,Sandviken,2012.0,0.6051451946268263,-12.562890712888167,Linear
3266,crop_yield_total,Sandviken,2013.0,0.8419230242673813,18.934301339410588,Linear
3267,crop_yield_total,Sandviken,2014.0,0.770811628933011,6.511835122819759,Linear
3268,crop_yield_total,Sandviken,2015.0,0.8711818978205853,17.80949955543279,Linear
3269,crop_yield_total,Sandviken,2016.0,0.8415857004699163,11.426865412805654,Linear
3270,crop_yield_total,Sandviken,2017.0,0.7903854407425971,2.5039556244039933,Linear
3271,crop_yield_total,Sandviken,2018.0,0.6249872143676405,-20.573527300833263,Linear
3272,crop_yield_total,Sandviken,2019.0,0.7883235623135229,-1.7876338672347365,Linear
3273,crop_yield_total,Sandviken,2020.0,0.8937253173107546,9.194685044258193,Linear
3274,crop_yield_total,Sandviken,2021.0,0.7314293378878856,-12.326689917044614,Linear
3275,crop_yield_total,Sandviken,2022.0,0.8428847387888116,-0.8445588934668187,Linear
3276,crop_yield_total,Sigtuna,2005.0,0.8638851144303435,4.123456601783982,Linear
3277,crop_yield_total,Sigtuna,2006.0,0.7961760374702105,-4.3494396240272595,Linear
3278,crop_yield_total,Sigtuna,2007.0,0.9447176049289204,13.128191582466911,Linear
3279,crop_yield_total,Sigtuna,2008.0,0.8459048215493763,0.968363382519387,Linear
3280,crop_yield_total,Sigtuna,2009.0,0.8401403870928377,-0.042545041845959045,Linear
3281,crop_yield_total,Sigtuna,2010.0,0.66868847511859,-20.696714874730503,Linear
3282,crop_yield_total,Sigtuna,2011.0,0.7119163901465887,-15.840176249982301,Linear
3283,crop_yield_total,Sigtuna,2012.0,0.9032651673900608,6.439792293245046,Linear
3284,crop_yield_total,Sigtuna,2013.0,0.8608279315284972,1.1165984620435698,Linear
3285,crop_yield_total,Sigtuna,2014.0,0.9759322246669364,14.274016858345497,Linear
3286,crop_yield_total,Sigtuna,2015.0,0.951615896231716,11.074819791139749,Linear
3287,crop_yield_total,Sigtuna,2016.0,0.8869742599784218,3.203724967909985,Linear
3288,crop_yield_total,Sigtuna,2017.0,0.9438616965452672,9.478150059240049,Linear
3289,crop_yield_total,Sigtuna,2018.0,0.5381786266225995,-37.772186014410934,Linear
3290,crop_yield_total,Sigtuna,2019.0,0.924204043442625,6.5293373042533505,Linear
3291,crop_yield_total,Sigtuna,2020.0,0.9756170608610664,12.105839466191865,Linear
3292,crop_yield_total,Sigtuna,2021.0,0.7661708048626098,-12.234034563915369,Linear
3293,crop_yield_total,Sigtuna,2022.0,0.9500751737717342,8.496159350240287,Linear
3294,crop_yield_total,Simrishamn,2005.0,1.2715410196614996,5.605403418170274,Linear
3295,crop_yield_total,Simrishamn,2006.0,0.9880305740330608,-18.39403454443511,Linear
3296,crop_yield_total,Simrishamn,2007.0,1.2185960287169186,0.09681915867550189,Linear
3297,crop_yield_total,Simrishamn,2008.0,1.2059848482957567,-1.4799879103758824,Linear
3298,crop_yield_total,Simrishamn,2009.0,1.361061892098226,10.58481994190143,Linear
3299,crop_yield_total,Simrishamn,2010.0,1.140333978840678,-7.8495308993354165,Linear
3300,crop_yield_total,Simrishamn,2011.0,1.2466775863900117,0.20286793466632383,Linear
3301,crop_yield_total,Simrishamn,2012.0,1.3867330008194048,10.864346476382039,Linear
3302,crop_yield_total,Simrishamn,2013.0,1.3226697667077745,5.180668965082252,Linear
3303,crop_yield_total,Simrishamn,2014.0,1.3584686989172954,7.456294300967267,Linear
3304,crop_yield_total,Simrishamn,2015.0,1.412689982584855,11.157546156667356,Linear
3305,crop_yield_total,Simrishamn,2016.0,1.1960391112051754,-6.382003623357058,Linear
3306,crop_yield_total,Simrishamn,2017.0,1.3711336258318008,6.764655970997115,Linear
3307,crop_yield_total,Simrishamn,2018.0,0.8014914208814181,-37.914221878534846,Linear
3308,crop_yield_total,Simrishamn,2019.0,1.443761939841756,11.261781440822954,Linear
3309,crop_yield_total,Simrishamn,2020.0,1.3625103819553428,4.462143660686606,Linear
3310,crop_yield_total,Simrishamn,2021.0,1.1729326989488174,-10.531057162891646,Linear
3311,crop_yield_total,Simrishamn,2022.0,1.4348911521578174,8.89540579043737,Linear
3312,crop_yield_total,Sjöbo,2005.0,1.2715410196614996,5.605403418170274,Linear
3313,crop_yield_total,Sjöbo,2006.0,0.9880305740330608,-18.39403454443511,Linear
3314,crop_yield_total,Sjöbo,2007.0,1.2185960287169186,0.09681915867550189,Linear
3315,crop_yield_total,Sjöbo,2008.0,1.2059848482957567,-1.4799879103758824,Linear
3316,crop_yield_total,Sjöbo,2009.0,1.361061892098226,10.58481994190143,Linear
3317,crop_yield_total,Sjöbo,2010.0,1.140333978840678,-7.8495308993354165,Linear
3318,crop_yield_total,Sjöbo,2011.0,1.2466775863900117,0.20286793466632383,Linear
3319,crop_yield_total,Sjöbo,2012.0,1.3867330008194048,10.864346476382039,Linear
3320,crop_yield_total,Sjöbo,2013.0,1.3226697667077745,5.180668965082252,Linear
3321,crop_yield_total,Sjöbo,2014.0,1.3584686989172954,7.456294300967267,Linear
3322,crop_yield_total,Sjöbo,2015.0,1.412689982584855,11.157546156667356,Linear
3323,crop_yield_total,Sjöbo,2016.0,1.1960391112051754,-6.382003623357058,Linear
3324,crop_yield_total,Sjöbo,2017.0,1.3711336258318008,6.764655970997115,Linear
3325,crop_yield_total,Sjöbo,2018.0,0.8014914208814181,-37.914221878534846,Linear
3326,crop_yield_total,Sjöbo,2019.0,1.443761939841756,11.261781440822954,Linear
3327,crop_yield_total,Sjöbo,2020.0,1.3625103819553428,4.462143660686606,Linear
3328,crop_yield_total,Sjöbo,2021.0,1.1729326989488174,-10.531057162891646,Linear
3329,crop_yield_total,Sjöbo,2022.0,1.4348911521578174,8.89540579043737,Linear
3330,crop_yield_total,Skara,2005.0,1.0055775540286578,4.854664299363881,Linear
3331,crop_yield_total,Skara,2006.0,0.9190178175231424,-5.45767794494796,Linear
3332,crop_yield_total,Skara,2007.0,1.039546690973581,5.52485468698662,Linear
3333,crop_yield_total,Skara,2008.0,0.9643324682492214,-3.389973889170226,Linear
3334,crop_yield_total,Skara,2009.0,0.9637485848478334,-4.694481199289803,Linear
3335,crop_yield_total,Skara,2010.0,0.991837523461424,-3.1664057875009326,Linear
3336,crop_yield_total,Skara,2011.0,0.973209892013432,-6.1803613154120365,Linear
3337,crop_yield_total,Skara,2012.0,1.0141421672435171,-3.4490510855308756,Linear
3338,crop_yield_total,Skara,2013.0,1.1492429440193683,8.070474555781312,Linear
3339,crop_yield_total,Skara,2014.0,1.1314663550056376,5.1089677148457415,Linear
3340,crop_yield_total,Skara,2015.0,1.1883999248819652,9.075568901381246,Linear
3341,crop_yield_total,Skara,2016.0,1.131833670084348,2.654155792784723,Linear
3342,crop_yield_total,Skara,2017.0,1.2259176374746878,9.886697024965224,Linear
3343,crop_yield_total,Skara,2018.0,0.8499847563868758,-24.69144888409895,Linear
3344,crop_yield_total,Skara,2019.0,1.2750592219829564,11.678842277680355,Linear
3345,crop_yield_total,Skara,2020.0,1.1735438698645833,1.6258076435071667,Linear
3346,crop_yield_total,Skara,2021.0,1.0018857977539108,-14.208847309321277,Linear
3347,crop_yield_total,Skara,2022.0,1.2602610382701056,6.7231485573048015,Linear
3348,crop_yield_total,Skellefteå,2005.0,0.5997152914540813,2.0033298419845513,Linear
3349,crop_yield_total,Skellefteå,2006.0,0.5420010097641708,-9.184642023580958,Linear
3350,crop_yield_total,Skellefteå,2007.0,0.6802621830803811,12.310834419512577,Linear
3351,crop_yield_total,Skellefteå,2008.0,0.6360999156635041,3.5023312266729376,Linear
3352,crop_yield_total,Skellefteå,2009.0,0.6971161896525894,11.815007970441355,Linear
3353,crop_yield_total,Skellefteå,2010.0,0.5931381304590903,-6.198666036683178,Linear
3354,crop_yield_total,Skellefteå,2011.0,0.6539314451925182,1.98335121551047,Linear
3355,crop_yield_total,Skellefteå,2012.0,0.4899514128071317,-24.633690539141078,Linear
3356,crop_yield_total,Skellefteå,2013.0,0.792572266298926,20.27387808737884,Linear
3357,crop_yield_total,Skellefteå,2014.0,0.7178294530611921,7.483249163673592,Linear
3358,crop_yield_total,Skellefteå,2015.0,0.5787659335143877,-14.476331620460645,Linear
3359,crop_yield_total,Skellefteå,2016.0,0.702490651044222,2.461930345324553,Linear
3360,crop_yield_total,Skellefteå,2017.0,0.4369589673886949,-37.08211471528296,Linear
3361,crop_yield_total,Skellefteå,2018.0,0.7141249361109738,1.5290063471217097,Linear
3362,crop_yield_total,Skellefteå,2019.0,0.8079816394205077,13.44075954313151,Linear
3363,crop_yield_total,Skellefteå,2020.0,0.8480829008546369,17.604825211206585,Linear
3364,crop_yield_total,Skellefteå,2021.0,0.6470893408513001,-11.35869697138283,Linear
3365,crop_yield_total,Skellefteå,2022.0,0.8033160118650817,8.719543514046837,Linear
3366,crop_yield_total,Skinnskatteberg,2005.0,0.9427607030073076,0.2226226995416576,Linear
3367,crop_yield_total,Skinnskatteberg,2006.0,0.8629659142617158,-8.713963460031414,Linear
3368,crop_yield_total,Skinnskatteberg,2007.0,1.0704214342140037,12.673698382531729,Linear
3369,crop_yield_total,Skinnskatteberg,2008.0,1.0045482589910382,5.221896247751371,Linear
3370,crop_yield_total,Skinnskatteberg,2009.0,0.9435524400494516,-1.6488717923999159,Linear
3371,crop_yield_total,Skinnskatteberg,2010.0,0.7548250396513732,-21.702498120220742,Linear
3372,crop_yield_total,Skinnskatteberg,2011.0,0.9008989559154844,-7.001442454745173,Linear
3373,crop_yield_total,Skinnskatteberg,2012.0,0.8734032144686694,-10.272915580899406,Linear
3374,crop_yield_total,Skinnskatteberg,2013.0,1.0945607891226798,11.909594031070391,Linear
3375,crop_yield_total,Skinnskatteberg,2014.0,1.0646584374642794,8.33438580665245,Linear
3376,crop_yield_total,Skinnskatteberg,2015.0,1.2109268595278535,22.634414410976614,Linear
3377,crop_yield_total,Skinnskatteberg,2016.0,1.0570271061311196,6.543936244245676,Linear
3378,crop_yield_total,Skinnskatteberg,2017.0,1.1537407654846996,15.74671219527765,Linear
3379,crop_yield_total,Skinnskatteberg,2018.0,0.6036946074108144,-39.718355337210326,Linear
3380,crop_yield_total,Skinnskatteberg,2019.0,1.131142348636754,12.424741548480442,Linear
3381,crop_yield_total,Skinnskatteberg,2020.0,1.1228939299893157,11.088624809727666,Linear
3382,crop_yield_total,Skinnskatteberg,2021.0,0.8056894916477705,-20.659657480631115,Linear
3383,crop_yield_total,Skinnskatteberg,2022.0,1.049741748899704,2.8995714285767233,Linear
3384,crop_yield_total,Skurup,2005.0,1.2715410196614996,5.605403418170274,Linear
3385,crop_yield_total,Skurup,2006.0,0.9880305740330608,-18.39403454443511,Linear
3386,crop_yield_total,Skurup,2007.0,1.2185960287169186,0.09681915867550189,Linear
3387,crop_yield_total,Skurup,2008.0,1.2059848482957567,-1.4799879103758824,Linear
3388,crop_yield_total,Skurup,2009.0,1.361061892098226,10.58481994190143,Linear
3389,crop_yield_total,Skurup,2010.0,1.140333978840678,-7.8495308993354165,Linear
3390,crop_yield_total,Skurup,2011.0,1.2466775863900117,0.20286793466632383,Linear
3391,crop_yield_total,Skurup,2012.0,1.3867330008194048,10.864346476382039,Linear
3392,crop_yield_total,Skurup,2013.0,1.3226697667077745,5.180668965082252,Linear
3393,crop_yield_total,Skurup,2014.0,1.3584686989172954,7.456294300967267,Linear
3394,crop_yield_total,Skurup,2015.0,1.412689982584855,11.157546156667356,Linear
3395,crop_yield_total,Skurup,2016.0,1.1960391112051754,-6.382003623357058,Linear
3396,crop_yield_total,Skurup,2017.0,1.3711336258318008,6.764655970997115,Linear
3397,crop_yield_total,Skurup,2018.0,0.8014914208814181,-37.914221878534846,Linear
3398,crop_yield_total,Skurup,2019.0,1.443761939841756,11.261781440822954,Linear
3399,crop_yield_total,Skurup,2020.0,1.3625103819553428,4.462143660686606,Linear
3400,crop_yield_total,Skurup,2021.0,1.1729326989488174,-10.531057162891646,Linear
3401,crop_yield_total,Skurup,2022.0,1.4348911521578174,8.89540579043737,Linear
3402,crop_yield_total,Skövde,2005.0,1.0055775540286578,4.854664299363881,Linear
3403,crop_yield_total,Skövde,2006.0,0.9190178175231424,-5.45767794494796,Linear
3404,crop_yield_total,Skövde,2007.0,1.039546690973581,5.52485468698662,Linear
3405,crop_yield_total,Skövde,2008.0,0.9643324682492214,-3.389973889170226,Linear
3406,crop_yield_total,Skövde,2009.0,0.9637485848478334,-4.694481199289803,Linear
3407,crop_yield_total,Skövde,2010.0,0.991837523461424,-3.1664057875009326,Linear
3408,crop_yield_total,Skövde,2011.0,0.973209892013432,-6.1803613154120365,Linear
3409,crop_yield_total,Skövde,2012.0,1.0141421672435171,-3.4490510855308756,Linear
3410,crop_yield_total,Skövde,2013.0,1.1492429440193683,8.070474555781312,Linear
3411,crop_yield_total,Skövde,2014.0,1.1314663550056376,5.1089677148457415,Linear
3412,crop_yield_total,Skövde,2015.0,1.1883999248819652,9.075568901381246,Linear
3413,crop_yield_total,Skövde,2016.0,1.131833670084348,2.654155792784723,Linear
3414,crop_yield_total,Skövde,2017.0,1.2259176374746878,9.886697024965224,Linear
3415,crop_yield_total,Skövde,2018.0,0.8499847563868758,-24.69144888409895,Linear
3416,crop_yield_total,Skövde,2019.0,1.2750592219829564,11.678842277680355,Linear
3417,crop_yield_total,Skövde,2020.0,1.1735438698645833,1.6258076435071667,Linear
3418,crop_yield_total,Skövde,2021.0,1.0018857977539108,-14.208847309321277,Linear
3419,crop_yield_total,Skövde,2022.0,1.2602610382701056,6.7231485573048015,Linear
3420,crop_yield_total,Smedjebacken,2005.0,0.7932935245294663,1.5030905263688548,Linear
3421,crop_yield_total,Smedjebacken,2006.0,0.6748350447231509,-14.175038060340519,Linear
3422,crop_yield_total,Smedjebacken,2007.0,0.9674290899187774,22.298630137352166,Linear
3423,crop_yield_total,Smedjebacken,2008.0,0.7788202824324088,-2.1317559923339537,Linear
3424,crop_yield_total,Smedjebacken,2009.0,0.7657746700573635,-4.34160704346819,Linear
3425,crop_yield_total,Smedjebacken,2010.0,0.6294649850731975,-21.8324560253873,Linear
3426,crop_yield_total,Smedjebacken,2011.0,0.847385917040815,4.612606738756432,Linear
3427,crop_yield_total,Smedjebacken,2012.0,0.7162034987169751,-12.097339044497629,Linear
3428,crop_yield_total,Smedjebacken,2013.0,0.9642252173328064,17.658039511066008,Linear
3429,crop_yield_total,Smedjebacken,2014.0,0.8656623164362899,5.022835480563956,Linear
3430,crop_yield_total,Smedjebacken,2015.0,0.8977755207393596,8.29527050555989,Linear
3431,crop_yield_total,Smedjebacken,2016.0,0.8694963301478308,4.287011631971183,Linear
3432,crop_yield_total,Smedjebacken,2017.0,0.965222153520472,15.113050346299497,Linear
3433,crop_yield_total,Smedjebacken,2018.0,0.5989120311880992,-28.97535944958592,Linear
3434,crop_yield_total,Smedjebacken,2019.0,1.0269848340393724,21.10791326393559,Linear
3435,crop_yield_total,Smedjebacken,2020.0,0.7972889307343404,-6.502432130388589,Linear
3436,crop_yield_total,Smedjebacken,2021.0,0.7571545158990021,-11.700419966247683,Linear
3437,crop_yield_total,Smedjebacken,2022.0,0.8780550029939568,1.835380286655701,Linear
3438,crop_yield_total,Sollefteå,2005.0,0.405716124253022,-14.538851730615496,Linear
3439,crop_yield_total,Sollefteå,2006.0,0.4405536903777288,-7.420416325119559,Linear
3440,crop_yield_total,Sollefteå,2007.0,0.5665023239527519,18.765537157933856,Linear
3441,crop_yield_total,Sollefteå,2008.0,0.5851759169971396,22.39113814111378,Linear
3442,crop_yield_total,Sollefteå,2009.0,0.5108171468615413,6.5874808627078965,Linear
3443,crop_yield_total,Sollefteå,2010.0,0.5402141367963924,12.456944936342659,Linear
3444,crop_yield_total,Sollefteå,2011.0,0.3988727225226394,-17.160652302630165,Linear
3445,crop_yield_total,Sollefteå,2012.0,0.3157347872296728,-34.580210093683064,Linear
3446,crop_yield_total,Sollefteå,2013.0,0.5430638340350372,12.259819373869114,Linear
3447,crop_yield_total,Sollefteå,2014.0,0.5241662924701359,8.101483198714824,Linear
3448,crop_yield_total,Sollefteå,2015.0,0.4869763826010071,0.19866052788929683,Linear
3449,crop_yield_total,Sollefteå,2016.0,0.4878102462698445,0.13795653442574904,Linear
3450,crop_yield_total,Sollefteå,2017.0,0.4097093931925203,-16.088817148865495,Linear
3451,crop_yield_total,Sollefteå,2018.0,0.366556152981693,-25.099819012851178,Linear
3452,crop_yield_total,Sollefteå,2019.0,0.4667876411095785,-4.838246150437312,Linear
3453,crop_yield_total,Sollefteå,2020.0,0.7347917460995113,49.45497878376459,Linear
3454,crop_yield_total,Sollefteå,2021.0,0.4492547972519529,-8.831637562409869,Linear
3455,crop_yield_total,Sollefteå,2022.0,0.4850542561779244,-1.7914415626486182,Linear
3456,crop_yield_total,Sollentuna,2005.0,0.8638851144303435,4.123456601783982,Linear
3457,crop_yield_total,Sollentuna,2006.0,0.7961760374702105,-4.3494396240272595,Linear
3458,crop_yield_total,Sollentuna,2007.0,0.9447176049289204,13.128191582466911,Linear
3459,crop_yield_total,Sollentuna,2008.0,0.8459048215493763,0.968363382519387,Linear
3460,crop_yield_total,Sollentuna,2009.0,0.8401403870928377,-0.042545041845959045,Linear
3461,crop_yield_total,Sollentuna,2010.0,0.66868847511859,-20.696714874730503,Linear
3462,crop_yield_total,Sollentuna,2011.0,0.7119163901465887,-15.840176249982301,Linear
3463,crop_yield_total,Sollentuna,2012.0,0.9032651673900608,6.439792293245046,Linear
3464,crop_yield_total,Sollentuna,2013.0,0.8608279315284972,1.1165984620435698,Linear
3465,crop_yield_total,Sollentuna,2014.0,0.9759322246669364,14.274016858345497,Linear
3466,crop_yield_total,Sollentuna,2015.0,0.951615896231716,11.074819791139749,Linear
3467,crop_yield_total,Sollentuna,2016.0,0.8869742599784218,3.203724967909985,Linear
3468,crop_yield_total,Sollentuna,2017.0,0.9438616965452672,9.478150059240049,Linear
3469,crop_yield_total,Sollentuna,2018.0,0.5381786266225995,-37.772186014410934,Linear
3470,crop_yield_total,Sollentuna,2019.0,0.924204043442625,6.5293373042533505,Linear
3471,crop_yield_total,Sollentuna,2020.0,0.9756170608610664,12.105839466191865,Linear
3472,crop_yield_total,Sollentuna,2021.0,0.7661708048626098,-12.234034563915369,Linear
3473,crop_yield_total,Sollentuna,2022.0,0.9500751737717342,8.496159350240287,Linear
3474,crop_yield_total,Solna,2005.0,0.8638851144303435,4.123456601783982,Linear
3475,crop_yield_total,Solna,2006.0,0.7961760374702105,-4.3494396240272595,Linear
3476,crop_yield_total,Solna,2007.0,0.9447176049289204,13.128191582466911,Linear
3477,crop_yield_total,Solna,2008.0,0.8459048215493763,0.968363382519387,Linear
3478,crop_yield_total,Solna,2009.0,0.8401403870928377,-0.042545041845959045,Linear
3479,crop_yield_total,Solna,2010.0,0.66868847511859,-20.696714874730503,Linear
3480,crop_yield_total,Solna,2011.0,0.7119163901465887,-15.840176249982301,Linear
3481,crop_yield_total,Solna,2012.0,0.9032651673900608,6.439792293245046,Linear
3482,crop_yield_total,Solna,2013.0,0.8608279315284972,1.1165984620435698,Linear
3483,crop_yield_total,Solna,2014.0,0.9759322246669364,14.274016858345497,Linear
3484,crop_yield_total,Solna,2015.0,0.951615896231716,11.074819791139749,Linear
3485,crop_yield_total,Solna,2016.0,0.8869742599784218,3.203724967909985,Linear
3486,crop_yield_total,Solna,2017.0,0.9438616965452672,9.478150059240049,Linear
3487,crop_yield_total,Solna,2018.0,0.5381786266225995,-37.772186014410934,Linear
3488,crop_yield_total,Solna,2019.0,0.924204043442625,6.5293373042533505,Linear
3489,crop_yield_total,Solna,2020.0,0.9756170608610664,12.105839466191865,Linear
3490,crop_yield_total,Solna,2021.0,0.7661708048626098,-12.234034563915369,Linear
3491,crop_yield_total,Solna,2022.0,0.9500751737717342,8.496159350240287,Linear
3492,crop_yield_total,Sorsele,2005.0,0.5997152914540813,2.0033298419845513,Linear
3493,crop_yield_total,Sorsele,2006.0,0.5420010097641708,-9.184642023580958,Linear
3494,crop_yield_total,Sorsele,2007.0,0.6802621830803811,12.310834419512577,Linear
3495,crop_yield_total,Sorsele,2008.0,0.6360999156635041,3.5023312266729376,Linear
3496,crop_yield_total,Sorsele,2009.0,0.6971161896525894,11.815007970441355,Linear
3497,crop_yield_total,Sorsele,2010.0,0.5931381304590903,-6.198666036683178,Linear
3498,crop_yield_total,Sorsele,2011.0,0.6539314451925182,1.98335121551047,Linear
3499,crop_yield_total,Sorsele,2012.0,0.4899514128071317,-24.633690539141078,Linear
3500,crop_yield_total,Sorsele,2013.0,0.792572266298926,20.27387808737884,Linear
3501,crop_yield_total,Sorsele,2014.0,0.7178294530611921,7.483249163673592,Linear
3502,crop_yield_total,Sorsele,2015.0,0.5787659335143877,-14.476331620460645,Linear
3503,crop_yield_total,Sorsele,2016.0,0.702490651044222,2.461930345324553,Linear
3504,crop_yield_total,Sorsele,2017.0,0.4369589673886949,-37.08211471528296,Linear
3505,crop_yield_total,Sorsele,2018.0,0.7141249361109738,1.5290063471217097,Linear
3506,crop_yield_total,Sorsele,2019.0,0.8079816394205077,13.44075954313151,Linear
3507,crop_yield_total,Sorsele,2020.0,0.8480829008546369,17.604825211206585,Linear
3508,crop_yield_total,Sorsele,2021.0,0.6470893408513001,-11.35869697138283,Linear
3509,crop_yield_total,Sorsele,2022.0,0.8033160118650817,8.719543514046837,Linear
3510,crop_yield_total,Sotenäs,2005.0,1.0055775540286578,4.854664299363881,Linear
3511,crop_yield_total,Sotenäs,2006.0,0.9190178175231424,-5.45767794494796,Linear
3512,crop_yield_total,Sotenäs,2007.0,1.039546690973581,5.52485468698662,Linear
3513,crop_yield_total,Sotenäs,2008.0,0.9643324682492214,-3.389973889170226,Linear
3514,crop_yield_total,Sotenäs,2009.0,0.9637485848478334,-4.694481199289803,Linear
3515,crop_yield_total,Sotenäs,2010.0,0.991837523461424,-3.1664057875009326,Linear
3516,crop_yield_total,Sotenäs,2011.0,0.973209892013432,-6.1803613154120365,Linear
3517,crop_yield_total,Sotenäs,2012.0,1.0141421672435171,-3.4490510855308756,Linear
3518,crop_yield_total,Sotenäs,2013.0,1.1492429440193683,8.070474555781312,Linear
3519,crop_yield_total,Sotenäs,2014.0,1.1314663550056376,5.1089677148457415,Linear
3520,crop_yield_total,Sotenäs,2015.0,1.1883999248819652,9.075568901381246,Linear
3521,crop_yield_total,Sotenäs,2016.0,1.131833670084348,2.654155792784723,Linear
3522,crop_yield_total,Sotenäs,2017.0,1.2259176374746878,9.886697024965224,Linear
3523,crop_yield_total,Sotenäs,2018.0,0.8499847563868758,-24.69144888409895,Linear
3524,crop_yield_total,Sotenäs,2019.0,1.2750592219829564,11.678842277680355,Linear
3525,crop_yield_total,Sotenäs,2020.0,1.1735438698645833,1.6258076435071667,Linear
3526,crop_yield_total,Sotenäs,2021.0,1.0018857977539108,-14.208847309321277,Linear
3527,crop_yield_total,Sotenäs,2022.0,1.2602610382701056,6.7231485573048015,Linear
3528,crop_yield_total,Staffanstorp,2005.0,1.2715410196614996,5.605403418170274,Linear
3529,crop_yield_total,Staffanstorp,2006.0,0.9880305740330608,-18.39403454443511,Linear
3530,crop_yield_total,Staffanstorp,2007.0,1.2185960287169186,0.09681915867550189,Linear
3531,crop_yield_total,Staffanstorp,2008.0,1.2059848482957567,-1.4799879103758824,Linear
3532,crop_yield_total,Staffanstorp,2009.0,1.361061892098226,10.58481994190143,Linear
3533,crop_yield_total,Staffanstorp,2010.0,1.140333978840678,-7.8495308993354165,Linear
3534,crop_yield_total,Staffanstorp,2011.0,1.2466775863900117,0.20286793466632383,Linear
3535,crop_yield_total,Staffanstorp,2012.0,1.3867330008194048,10.864346476382039,Linear
3536,crop_yield_total,Staffanstorp,2013.0,1.3226697667077745,5.180668965082252,Linear
3537,crop_yield_total,Staffanstorp,2014.0,1.3584686989172954,7.456294300967267,Linear
3538,crop_yield_total,Staffanstorp,2015.0,1.412689982584855,11.157546156667356,Linear
3539,crop_yield_total,Staffanstorp,2016.0,1.1960391112051754,-6.382003623357058,Linear
3540,crop_yield_total,Staffanstorp,2017.0,1.3711336258318008,6.764655970997115,Linear
3541,crop_yield_total,Staffanstorp,2018.0,0.8014914208814181,-37.914221878534846,Linear
3542,crop_yield_total,Staffanstorp,2019.0,1.443761939841756,11.261781440822954,Linear
3543,crop_yield_total,Staffanstorp,2020.0,1.3625103819553428,4.462143660686606,Linear
3544,crop_yield_total,Staffanstorp,2021.0,1.1729326989488174,-10.531057162891646,Linear
3545,crop_yield_total,Staffanstorp,2022.0,1.4348911521578174,8.89540579043737,Linear
3546,crop_yield_total,Stenungsund,2005.0,1.0055775540286578,4.854664299363881,Linear
3547,crop_yield_total,Stenungsund,2006.0,0.9190178175231424,-5.45767794494796,Linear
3548,crop_yield_total,Stenungsund,2007.0,1.039546690973581,5.52485468698662,Linear
3549,crop_yield_total,Stenungsund,2008.0,0.9643324682492214,-3.389973889170226,Linear
3550,crop_yield_total,Stenungsund,2009.0,0.9637485848478334,-4.694481199289803,Linear
3551,crop_yield_total,Stenungsund,2010.0,0.991837523461424,-3.1664057875009326,Linear
3552,crop_yield_total,Stenungsund,2011.0,0.973209892013432,-6.1803613154120365,Linear
3553,crop_yield_total,Stenungsund,2012.0,1.0141421672435171,-3.4490510855308756,Linear
3554,crop_yield_total,Stenungsund,2013.0,1.1492429440193683,8.070474555781312,Linear
3555,crop_yield_total,Stenungsund,2014.0,1.1314663550056376,5.1089677148457415,Linear
3556,crop_yield_total,Stenungsund,2015.0,1.1883999248819652,9.075568901381246,Linear
3557,crop_yield_total,Stenungsund,2016.0,1.131833670084348,2.654155792784723,Linear
3558,crop_yield_total,Stenungsund,2017.0,1.2259176374746878,9.886697024965224,Linear
3559,crop_yield_total,Stenungsund,2018.0,0.8499847563868758,-24.69144888409895,Linear
3560,crop_yield_total,Stenungsund,2019.0,1.2750592219829564,11.678842277680355,Linear
3561,crop_yield_total,Stenungsund,2020.0,1.1735438698645833,1.6258076435071667,Linear
3562,crop_yield_total,Stenungsund,2021.0,1.0018857977539108,-14.208847309321277,Linear
3563,crop_yield_total,Stenungsund,2022.0,1.2602610382701056,6.7231485573048015,Linear
3564,crop_yield_total,Stockholm,2005.0,0.8638851144303435,4.123456601783982,Linear
3565,crop_yield_total,Stockholm,2006.0,0.7961760374702105,-4.3494396240272595,Linear
3566,crop_yield_total,Stockholm,2007.0,0.9447176049289204,13.128191582466911,Linear
3567,crop_yield_total,Stockholm,2008.0,0.8459048215493763,0.968363382519387,Linear
3568,crop_yield_total,Stockholm,2009.0,0.8401403870928377,-0.042545041845959045,Linear
3569,crop_yield_total,Stockholm,2010.0,0.66868847511859,-20.696714874730503,Linear
3570,crop_yield_total,Stockholm,2011.0,0.7119163901465887,-15.840176249982301,Linear
3571,crop_yield_total,Stockholm,2012.0,0.9032651673900608,6.439792293245046,Linear
3572,crop_yield_total,Stockholm,2013.0,0.8608279315284972,1.1165984620435698,Linear
3573,crop_yield_total,Stockholm,2014.0,0.9759322246669364,14.274016858345497,Linear
3574,crop_yield_total,Stockholm,2015.0,0.951615896231716,11.074819791139749,Linear
3575,crop_yield_total,Stockholm,2016.0,0.8869742599784218,3.203724967909985,Linear
3576,crop_yield_total,Stockholm,2017.0,0.9438616965452672,9.478150059240049,Linear
3577,crop_yield_total,Stockholm,2018.0,0.5381786266225995,-37.772186014410934,Linear
3578,crop_yield_total,Stockholm,2019.0,0.924204043442625,6.5293373042533505,Linear
3579,crop_yield_total,Stockholm,2020.0,0.9756170608610664,12.105839466191865,Linear
3580,crop_yield_total,Stockholm,2021.0,0.7661708048626098,-12.234034563915369,Linear
3581,crop_yield_total,Stockholm,2022.0,0.9500751737717342,8.496159350240287,Linear
3582,crop_yield_total,Storfors,2005.0,0.8132780307437152,5.256372138755697,Linear
3583,crop_yield_total,Storfors,2006.0,0.7183648676065323,-8.303958974610172,Linear
3584,crop_yield_total,Storfors,2007.0,0.9569800758639444,20.499823400886502,Linear
3585,crop_yield_total,Storfors,2008.0,0.8325218645715937,3.4276942001298902,Linear
3586,crop_yield_total,Storfors,2009.0,0.7013583325510492,-14.016249047011378,Linear
3587,crop_yield_total,Storfors,2010.0,0.6738968568169861,-18.458141181978498,Linear
3588,crop_yield_total,Storfors,2011.0,0.7449988835912011,-11.01288730957373,Linear
3589,crop_yield_total,Storfors,2012.0,0.8716135379672874,2.7901420327874216,Linear
3590,crop_yield_total,Storfors,2013.0,0.8679411044838969,1.0749747657560649,Linear
3591,crop_yield_total,Storfors,2014.0,0.8789078729499272,1.0859430551976537,Linear
3592,crop_yield_total,Storfors,2015.0,1.0359179092428858,17.688288301747452,Linear
3593,crop_yield_total,Storfors,2016.0,1.0259009231244876,15.143299241369279,Linear
3594,crop_yield_total,Storfors,2017.0,1.003353292246534,11.26940531309137,Linear
3595,crop_yield_total,Storfors,2018.0,0.5573712137171187,-38.917492950183835,Linear
3596,crop_yield_total,Storfors,2019.0,1.117651809251378,21.056920261252525,Linear
3597,crop_yield_total,Storfors,2020.0,0.9507760277121298,1.7960773418132785,Linear
3598,crop_yield_total,Storfors,2021.0,0.798861938640312,-15.442551181338047,Linear
3599,crop_yield_total,Storfors,2022.0,1.0038908478269497,5.063109760024586,Linear
3600,crop_yield_total,Storuman,2005.0,0.5997152914540813,2.0033298419845513,Linear
3601,crop_yield_total,Storuman,2006.0,0.5420010097641708,-9.184642023580958,Linear
3602,crop_yield_total,Storuman,2007.0,0.6802621830803811,12.310834419512577,Linear
3603,crop_yield_total,Storuman,2008.0,0.6360999156635041,3.5023312266729376,Linear
3604,crop_yield_total,Storuman,2009.0,0.6971161896525894,11.815007970441355,Linear
3605,crop_yield_total,Storuman,2010.0,0.5931381304590903,-6.198666036683178,Linear
3606,crop_yield_total,Storuman,2011.0,0.6539314451925182,1.98335121551047,Linear
3607,crop_yield_total,Storuman,2012.0,0.4899514128071317,-24.633690539141078,Linear
3608,crop_yield_total,Storuman,2013.0,0.792572266298926,20.27387808737884,Linear
3609,crop_yield_total,Storuman,2014.0,0.7178294530611921,7.483249163673592,Linear
3610,crop_yield_total,Storuman,2015.0,0.5787659335143877,-14.476331620460645,Linear
3611,crop_yield_total,Storuman,2016.0,0.702490651044222,2.461930345324553,Linear
3612,crop_yield_total,Storuman,2017.0,0.4369589673886949,-37.08211471528296,Linear
3613,crop_yield_total,Storuman,2018.0,0.7141249361109738,1.5290063471217097,Linear
3614,crop_yield_total,Storuman,2019.0,0.8079816394205077,13.44075954313151,Linear
3615,crop_yield_total,Storuman,2020.0,0.8480829008546369,17.604825211206585,Linear
3616,crop_yield_total,Storuman,2021.0,0.6470893408513001,-11.35869697138283,Linear
3617,crop_yield_total,Storuman,2022.0,0.8033160118650817,8.719543514046837,Linear
3618,crop_yield_total,Strängnäs,2005.0,0.9307631680143256,1.7079569972195243,Linear
3619,crop_yield_total,Strängnäs,2006.0,0.8429914883003611,-8.28690097555507,Linear
3620,crop_yield_total,Strängnäs,2007.0,0.9929789779539376,7.559558997714591,Linear
3621,crop_yield_total,Strängnäs,2008.0,0.9863713187967076,6.379622069906193,Linear
3622,crop_yield_total,Strängnäs,2009.0,0.9533205348426596,2.370353276455031,Linear
3623,crop_yield_total,Strängnäs,2010.0,0.6986717556125399,-25.297727362975003,Linear
3624,crop_yield_total,Strängnäs,2011.0,0.8874995763627134,-5.515142506690992,Linear
3625,crop_yield_total,Strängnäs,2012.0,0.9575477174280252,1.506978801155693,Linear
3626,crop_yield_total,Strängnäs,2013.0,0.9447651479078376,-0.2739359156199553,Linear
3627,crop_yield_total,Strängnäs,2014.0,1.074392400619184,12.928857444333609,Linear
3628,crop_yield_total,Strängnäs,2015.0,1.135069034994538,18.803506825012544,Linear
3629,crop_yield_total,Strängnäs,2016.0,1.0546403117123333,9.921855360710746,Linear
3630,crop_yield_total,Strängnäs,2017.0,1.0436038604785798,8.316773410115374,Linear
3631,crop_yield_total,Strängnäs,2018.0,0.6612685665841174,-31.651991659770434,Linear
3632,crop_yield_total,Strängnäs,2019.0,1.0681557633071428,9.945649506140168,Linear
3633,crop_yield_total,Strängnäs,2020.0,0.9141029349645544,-6.2995864296704,Linear
3634,crop_yield_total,Strängnäs,2021.0,0.9055002125016434,-7.563113360571995,Linear
3635,crop_yield_total,Strängnäs,2022.0,1.0370983964731302,5.437332264759273,Linear
3636,crop_yield_total,Strömstad,2005.0,1.0055775540286578,4.854664299363881,Linear
3637,crop_yield_total,Strömstad,2006.0,0.9190178175231424,-5.45767794494796,Linear
3638,crop_yield_total,Strömstad,2007.0,1.039546690973581,5.52485468698662,Linear
3639,crop_yield_total,Strömstad,2008.0,0.9643324682492214,-3.389973889170226,Linear
3640,crop_yield_total,Strömstad,2009.0,0.9637485848478334,-4.694481199289803,Linear
3641,crop_yield_total,Strömstad,2010.0,0.991837523461424,-3.1664057875009326,Linear
3642,crop_yield_total,Strömstad,2011.0,0.973209892013432,-6.1803613154120365,Linear
3643,crop_yield_total,Strömstad,2012.0,1.0141421672435171,-3.4490510855308756,Linear
3644,crop_yield_total,Strömstad,2013.0,1.1492429440193683,8.070474555781312,Linear
3645,crop_yield_total,Strömstad,2014.0,1.1314663550056376,5.1089677148457415,Linear
3646,crop_yield_total,Strömstad,2015.0,1.1883999248819652,9.075568901381246,Linear
3647,crop_yield_total,Strömstad,2016.0,1.131833670084348,2.654155792784723,Linear
3648,crop_yield_total,Strömstad,2017.0,1.2259176374746878,9.886697024965224,Linear
3649,crop_yield_total,Strömstad,2018.0,0.8499847563868758,-24.69144888409895,Linear
3650,crop_yield_total,Strömstad,2019.0,1.2750592219829564,11.678842277680355,Linear
3651,crop_yield_total,Strömstad,2020.0,1.1735438698645833,1.6258076435071667,Linear
3652,crop_yield_total,Strömstad,2021.0,1.0018857977539108,-14.208847309321277,Linear
3653,crop_yield_total,Strömstad,2022.0,1.2602610382701056,6.7231485573048015,Linear
3654,crop_yield_total,Strömsund,2005.0,0.5386685832524567,1.6684031732417788,Linear
3655,crop_yield_total,Strömsund,2006.0,0.5716640255240031,5.296530717507908,Linear
3656,crop_yield_total,Strömsund,2007.0,0.6387991320200345,14.894307060129828,Linear
3657,crop_yield_total,Strömsund,2008.0,0.6133982500520537,7.7899180084831325,Linear
3658,crop_yield_total,Strömsund,2009.0,0.5755726745561547,-1.1295098772375691,Linear
3659,crop_yield_total,Strömsund,2010.0,0.4948392123544244,-16.865587451308155,Linear
3660,crop_yield_total,Strömsund,2011.0,0.6342877031387509,4.270866839610898,Linear
3661,crop_yield_total,Strömsund,2012.0,0.4430765555638761,-28.69561060806209,Linear
3662,crop_yield_total,Strömsund,2013.0,0.6835720052304225,7.739519057898092,Linear
3663,crop_yield_total,Strömsund,2014.0,0.6791930272547687,4.887048515847922,Linear
3664,crop_yield_total,Strömsund,2015.0,0.6173417805900856,-6.5521258297250595,Linear
3665,crop_yield_total,Strömsund,2016.0,0.6843354626431076,1.5776567280311522,Linear
3666,crop_yield_total,Strömsund,2017.0,0.7549444287509498,9.924182880788628,Linear
3667,crop_yield_total,Strömsund,2018.0,0.5465661022631311,-21.904209797292467,Linear
3668,crop_yield_total,Strömsund,2019.0,0.68138574082137,-4.426749682897652,Linear
3669,crop_yield_total,Strömsund,2020.0,0.8396651651231447,15.65223652294534,Linear
3670,crop_yield_total,Strömsund,2021.0,0.7373673597804423,-0.23519183524097217,Linear
3671,crop_yield_total,Strömsund,2022.0,0.8034521703268026,6.8156987409596805,Linear
3672,crop_yield_total,Sundbyberg,2005.0,0.8638851144303435,4.123456601783982,Linear
3673,crop_yield_total,Sundbyberg,2006.0,0.7961760374702105,-4.3494396240272595,Linear
3674,crop_yield_total,Sundbyberg,2007.0,0.9447176049289204,13.128191582466911,Linear
3675,crop_yield_total,Sundbyberg,2008.0,0.8459048215493763,0.968363382519387,Linear
3676,crop_yield_total,Sundbyberg,2009.0,0.8401403870928377,-0.042545041845959045,Linear
3677,crop_yield_total,Sundbyberg,2010.0,0.66868847511859,-20.696714874730503,Linear
3678,crop_yield_total,Sundbyberg,2011.0,0.7119163901465887,-15.840176249982301,Linear
3679,crop_yield_total,Sundbyberg,2012.0,0.9032651673900608,6.439792293245046,Linear
3680,crop_yield_total,Sundbyberg,2013.0,0.8608279315284972,1.1165984620435698,Linear
3681,crop_yield_total,Sundbyberg,2014.0,0.9759322246669364,14.274016858345497,Linear
3682,crop_yield_total,Sundbyberg,2015.0,0.951615896231716,11.074819791139749,Linear
3683,crop_yield_total,Sundbyberg,2016.0,0.8869742599784218,3.203724967909985,Linear
3684,crop_yield_total,Sundbyberg,2017.0,0.9438616965452672,9.478150059240049,Linear
3685,crop_yield_total,Sundbyberg,2018.0,0.5381786266225995,-37.772186014410934,Linear
3686,crop_yield_total,Sundbyberg,2019.0,0.924204043442625,6.5293373042533505,Linear
3687,crop_yield_total,Sundbyberg,2020.0,0.9756170608610664,12.105839466191865,Linear
3688,crop_yield_total,Sundbyberg,2021.0,0.7661708048626098,-12.234034563915369,Linear
3689,crop_yield_total,Sundbyberg,2022.0,0.9500751737717342,8.496159350240287,Linear
3690,crop_yield_total,Sundsvall,2005.0,0.405716124253022,-14.538851730615496,Linear
3691,crop_yield_total,Sundsvall,2006.0,0.4405536903777288,-7.420416325119559,Linear
3692,crop_yield_total,Sundsvall,2007.0,0.5665023239527519,18.765537157933856,Linear
3693,crop_yield_total,Sundsvall,2008.0,0.5851759169971396,22.39113814111378,Linear
3694,crop_yield_total,Sundsvall,2009.0,0.5108171468615413,6.5874808627078965,Linear
3695,crop_yield_total,Sundsvall,2010.0,0.5402141367963924,12.456944936342659,Linear
3696,crop_yield_total,Sundsvall,2011.0,0.3988727225226394,-17.160652302630165,Linear
3697,crop_yield_total,Sundsvall,2012.0,0.3157347872296728,-34.580210093683064,Linear
3698,crop_yield_total,Sundsvall,2013.0,0.5430638340350372,12.259819373869114,Linear
3699,crop_yield_total,Sundsvall,2014.0,0.5241662924701359,8.101483198714824,Linear
3700,crop_yield_total,Sundsvall,2015.0,0.4869763826010071,0.19866052788929683,Linear
3701,crop_yield_total,Sundsvall,2016.0,0.4878102462698445,0.13795653442574904,Linear
3702,crop_yield_total,Sundsvall,2017.0,0.4097093931925203,-16.088817148865495,Linear
3703,crop_yield_total,Sundsvall,2018.0,0.366556152981693,-25.099819012851178,Linear
3704,crop_yield_total,Sundsvall,2019.0,0.4667876411095785,-4.838246150437312,Linear
3705,crop_yield_total,Sundsvall,2020.0,0.7347917460995113,49.45497878376459,Linear
3706,crop_yield_total,Sundsvall,2021.0,0.4492547972519529,-8.831637562409869,Linear
3707,crop_yield_total,Sundsvall,2022.0,0.4850542561779244,-1.7914415626486182,Linear
3708,crop_yield_total,Sunne,2005.0,0.8132780307437152,5.256372138755697,Linear
3709,crop_yield_total,Sunne,2006.0,0.7183648676065323,-8.303958974610172,Linear
3710,crop_yield_total,Sunne,2007.0,0.9569800758639444,20.499823400886502,Linear
3711,crop_yield_total,Sunne,2008.0,0.8325218645715937,3.4276942001298902,Linear
3712,crop_yield_total,Sunne,2009.0,0.7013583325510492,-14.016249047011378,Linear
3713,crop_yield_total,Sunne,2010.0,0.6738968568169861,-18.458141181978498,Linear
3714,crop_yield_total,Sunne,2011.0,0.7449988835912011,-11.01288730957373,Linear
3715,crop_yield_total,Sunne,2012.0,0.8716135379672874,2.7901420327874216,Linear
3716,crop_yield_total,Sunne,2013.0,0.8679411044838969,1.0749747657560649,Linear
3717,crop_yield_total,Sunne,2014.0,0.8789078729499272,1.0859430551976537,Linear
3718,crop_yield_total,Sunne,2015.0,1.0359179092428858,17.688288301747452,Linear
3719,crop_yield_total,Sunne,2016.0,1.0259009231244876,15.143299241369279,Linear
3720,crop_yield_total,Sunne,2017.0,1.003353292246534,11.26940531309137,Linear
3721,crop_yield_total,Sunne,2018.0,0.5573712137171187,-38.917492950183835,Linear
3722,crop_yield_total,Sunne,2019.0,1.117651809251378,21.056920261252525,Linear
3723,crop_yield_total,Sunne,2020.0,0.9507760277121298,1.7960773418132785,Linear
3724,crop_yield_total,Sunne,2021.0,0.798861938640312,-15.442551181338047,Linear
3725,crop_yield_total,Sunne,2022.0,1.0038908478269497,5.063109760024586,Linear
3726,crop_yield_total,Surahammar,2005.0,0.9427607030073076,0.2226226995416576,Linear
3727,crop_yield_total,Surahammar,2006.0,0.8629659142617158,-8.713963460031414,Linear
3728,crop_yield_total,Surahammar,2007.0,1.0704214342140037,12.673698382531729,Linear
3729,crop_yield_total,Surahammar,2008.0,1.0045482589910382,5.221896247751371,Linear
3730,crop_yield_total,Surahammar,2009.0,0.9435524400494516,-1.6488717923999159,Linear
3731,crop_yield_total,Surahammar,2010.0,0.7548250396513732,-21.702498120220742,Linear
3732,crop_yield_total,Surahammar,2011.0,0.9008989559154844,-7.001442454745173,Linear
3733,crop_yield_total,Surahammar,2012.0,0.8734032144686694,-10.272915580899406,Linear
3734,crop_yield_total,Surahammar,2013.0,1.0945607891226798,11.909594031070391,Linear
3735,crop_yield_total,Surahammar,2014.0,1.0646584374642794,8.33438580665245,Linear
3736,crop_yield_total,Surahammar,2015.0,1.2109268595278535,22.634414410976614,Linear
3737,crop_yield_total,Surahammar,2016.0,1.0570271061311196,6.543936244245676,Linear
3738,crop_yield_total,Surahammar,2017.0,1.1537407654846996,15.74671219527765,Linear
3739,crop_yield_total,Surahammar,2018.0,0.6036946074108144,-39.718355337210326,Linear
3740,crop_yield_total,Surahammar,2019.0,1.131142348636754,12.424741548480442,Linear
3741,crop_yield_total,Surahammar,2020.0,1.1228939299893157,11.088624809727666,Linear
3742,crop_yield_total,Surahammar,2021.0,0.8056894916477705,-20.659657480631115,Linear
3743,crop_yield_total,Surahammar,2022.0,1.049741748899704,2.8995714285767233,Linear
3744,crop_yield_total,Svalöv,2005.0,1.2715410196614996,5.605403418170274,Linear
3745,crop_yield_total,Svalöv,2006.0,0.9880305740330608,-18.39403454443511,Linear
3746,crop_yield_total,Svalöv,2007.0,1.2185960287169186,0.09681915867550189,Linear
3747,crop_yield_total,Svalöv,2008.0,1.2059848482957567,-1.4799879103758824,Linear
3748,crop_yield_total,Svalöv,2009.0,1.361061892098226,10.58481994190143,Linear
3749,crop_yield_total,Svalöv,2010.0,1.140333978840678,-7.8495308993354165,Linear
3750,crop_yield_total,Svalöv,2011.0,1.2466775863900117,0.20286793466632383,Linear
3751,crop_yield_total,Svalöv,2012.0,1.3867330008194048,10.864346476382039,Linear
3752,crop_yield_total,Svalöv,2013.0,1.3226697667077745,5.180668965082252,Linear
3753,crop_yield_total,Svalöv,2014.0,1.3584686989172954,7.456294300967267,Linear
3754,crop_yield_total,Svalöv,2015.0,1.412689982584855,11.157546156667356,Linear
3755,crop_yield_total,Svalöv,2016.0,1.1960391112051754,-6.382003623357058,Linear
3756,crop_yield_total,Svalöv,2017.0,1.3711336258318008,6.764655970997115,Linear
3757,crop_yield_total,Svalöv,2018.0,0.8014914208814181,-37.914221878534846,Linear
3758,crop_yield_total,Svalöv,2019.0,1.443761939841756,11.261781440822954,Linear
3759,crop_yield_total,Svalöv,2020.0,1.3625103819553428,4.462143660686606,Linear
3760,crop_yield_total,Svalöv,2021.0,1.1729326989488174,-10.531057162891646,Linear
3761,crop_yield_total,Svalöv,2022.0,1.4348911521578174,8.89540579043737,Linear
3762,crop_yield_total,Svedala,2005.0,1.2715410196614996,5.605403418170274,Linear
3763,crop_yield_total,Svedala,2006.0,0.9880305740330608,-18.39403454443511,Linear
3764,crop_yield_total,Svedala,2007.0,1.2185960287169186,0.09681915867550189,Linear
3765,crop_yield_total,Svedala,2008.0,1.2059848482957567,-1.4799879103758824,Linear
3766,crop_yield_total,Svedala,2009.0,1.361061892098226,10.58481994190143,Linear
3767,crop_yield_total,Svedala,2010.0,1.140333978840678,-7.8495308993354165,Linear
3768,crop_yield_total,Svedala,2011.0,1.2466775863900117,0.20286793466632383,Linear
3769,crop_yield_total,Svedala,2012.0,1.3867330008194048,10.864346476382039,Linear
3770,crop_yield_total,Svedala,2013.0,1.3226697667077745,5.180668965082252,Linear
3771,crop_yield_total,Svedala,2014.0,1.3584686989172954,7.456294300967267,Linear
3772,crop_yield_total,Svedala,2015.0,1.412689982584855,11.157546156667356,Linear
3773,crop_yield_total,Svedala,2016.0,1.1960391112051754,-6.382003623357058,Linear
3774,crop_yield_total,Svedala,2017.0,1.3711336258318008,6.764655970997115,Linear
3775,crop_yield_total,Svedala,2018.0,0.8014914208814181,-37.914221878534846,Linear
3776,crop_yield_total,Svedala,2019.0,1.443761939841756,11.261781440822954,Linear
3777,crop_yield_total,Svedala,2020.0,1.3625103819553428,4.462143660686606,Linear
3778,crop_yield_total,Svedala,2021.0,1.1729326989488174,-10.531057162891646,Linear
3779,crop_yield_total,Svedala,2022.0,1.4348911521578174,8.89540579043737,Linear
3780,crop_yield_total,Svenljunga,2005.0,1.0055775540286578,4.854664299363881,Linear
3781,crop_yield_total,Svenljunga,2006.0,0.9190178175231424,-5.45767794494796,Linear
3782,crop_yield_total,Svenljunga,2007.0,1.039546690973581,5.52485468698662,Linear
3783,crop_yield_total,Svenljunga,2008.0,0.9643324682492214,-3.389973889170226,Linear
3784,crop_yield_total,Svenljunga,2009.0,0.9637485848478334,-4.694481199289803,Linear
3785,crop_yield_total,Svenljunga,2010.0,0.991837523461424,-3.1664057875009326,Linear
3786,crop_yield_total,Svenljunga,2011.0,0.973209892013432,-6.1803613154120365,Linear
3787,crop_yield_total,Svenljunga,2012.0,1.0141421672435171,-3.4490510855308756,Linear
3788,crop_yield_total,Svenljunga,2013.0,1.1492429440193683,8.070474555781312,Linear
3789,crop_yield_total,Svenljunga,2014.0,1.1314663550056376,5.1089677148457415,Linear
3790,crop_yield_total,Svenljunga,2015.0,1.1883999248819652,9.075568901381246,Linear
3791,crop_yield_total,Svenljunga,2016.0,1.131833670084348,2.654155792784723,Linear
3792,crop_yield_total,Svenljunga,2017.0,1.2259176374746878,9.886697024965224,Linear
3793,crop_yield_total,Svenljunga,2018.0,0.8499847563868758,-24.69144888409895,Linear
3794,crop_yield_total,Svenljunga,2019.0,1.2750592219829564,11.678842277680355,Linear
3795,crop_yield_total,Svenljunga,2020.0,1.1735438698645833,1.6258076435071667,Linear
3796,crop_yield_total,Svenljunga,2021.0,1.0018857977539108,-14.208847309321277,Linear
3797,crop_yield_total,Svenljunga,2022.0,1.2602610382701056,6.7231485573048015,Linear
3798,crop_yield_total,Säffle,2005.0,0.8132780307437152,5.256372138755697,Linear
3799,crop_yield_total,Säffle,2006.0,0.7183648676065323,-8.303958974610172,Linear
3800,crop_yield_total,Säffle,2007.0,0.9569800758639444,20.499823400886502,Linear
3801,crop_yield_total,Säffle,2008.0,0.8325218645715937,3.4276942001298902,Linear
3802,crop_yield_total,Säffle,2009.0,0.7013583325510492,-14.016249047011378,Linear
3803,crop_yield_total,Säffle,2010.0,0.6738968568169861,-18.458141181978498,Linear
3804,crop_yield_total,Säffle,2011.0,0.7449988835912011,-11.01288730957373,Linear
3805,crop_yield_total,Säffle,2012.0,0.8716135379672874,2.7901420327874216,Linear
3806,crop_yield_total,Säffle,2013.0,0.8679411044838969,1.0749747657560649,Linear
3807,crop_yield_total,Säffle,2014.0,0.8789078729499272,1.0859430551976537,Linear
3808,crop_yield_total,Säffle,2015.0,1.0359179092428858,17.688288301747452,Linear
3809,crop_yield_total,Säffle,2016.0,1.0259009231244876,15.143299241369279,Linear
3810,crop_yield_total,Säffle,2017.0,1.003353292246534,11.26940531309137,Linear
3811,crop_yield_total,Säffle,2018.0,0.5573712137171187,-38.917492950183835,Linear
3812,crop_yield_total,Säffle,2019.0,1.117651809251378,21.056920261252525,Linear
3813,crop_yield_total,Säffle,2020.0,0.9507760277121298,1.7960773418132785,Linear
3814,crop_yield_total,Säffle,2021.0,0.798861938640312,-15.442551181338047,Linear
3815,crop_yield_total,Säffle,2022.0,1.0038908478269497,5.063109760024586,Linear
3816,crop_yield_total,Säter,2005.0,0.7932935245294663,1.5030905263688548,Linear
3817,crop_yield_total,Säter,2006.0,0.6748350447231509,-14.175038060340519,Linear
3818,crop_yield_total,Säter,2007.0,0.9674290899187774,22.298630137352166,Linear
3819,crop_yield_total,Säter,2008.0,0.7788202824324088,-2.1317559923339537,Linear
3820,crop_yield_total,Säter,2009.0,0.7657746700573635,-4.34160704346819,Linear
3821,crop_yield_total,Säter,2010.0,0.6294649850731975,-21.8324560253873,Linear
3822,crop_yield_total,Säter,2011.0,0.847385917040815,4.612606738756432,Linear
3823,crop_yield_total,Säter,2012.0,0.7162034987169751,-12.097339044497629,Linear
3824,crop_yield_total,Säter,2013.0,0.9642252173328064,17.658039511066008,Linear
3825,crop_yield_total,Säter,2014.0,0.8656623164362899,5.022835480563956,Linear
3826,crop_yield_total,Säter,2015.0,0.8977755207393596,8.29527050555989,Linear
3827,crop_yield_total,Säter,2016.0,0.8694963301478308,4.287011631971183,Linear
3828,crop_yield_total,Säter,2017.0,0.965222153520472,15.113050346299497,Linear
3829,crop_yield_total,Säter,2018.0,0.5989120311880992,-28.97535944958592,Linear
3830,crop_yield_total,Säter,2019.0,1.0269848340393724,21.10791326393559,Linear
3831,crop_yield_total,Säter,2020.0,0.7972889307343404,-6.502432130388589,Linear
3832,crop_yield_total,Säter,2021.0,0.7571545158990021,-11.700419966247683,Linear
3833,crop_yield_total,Säter,2022.0,0.8780550029939568,1.835380286655701,Linear
3834,crop_yield_total,Sävsjö,2005.0,0.8231413872334318,-0.8592640667811631,Linear
3835,crop_yield_total,Sävsjö,2006.0,0.5560034534115266,-33.403070646717566,Linear
3836,crop_yield_total,Sävsjö,2007.0,0.849246796689325,1.163268024879047,Linear
3837,crop_yield_total,Sävsjö,2008.0,0.8648468917627017,2.4597838808112797,Linear
3838,crop_yield_total,Sävsjö,2009.0,0.955737662069078,12.61366550576091,Linear
3839,crop_yield_total,Sävsjö,2010.0,0.8288845316508049,-2.860158140336783,Linear
3840,crop_yield_total,Sävsjö,2011.0,0.8901894713650824,3.7646463757669086,Linear
3841,crop_yield_total,Sävsjö,2012.0,0.8492997598594791,-1.5299722756819134,Linear
3842,crop_yield_total,Sävsjö,2013.0,1.0676717642114328,23.131533216685725,Linear
3843,crop_yield_total,Sävsjö,2014.0,0.9392187438779384,7.7454625369339585,Linear
3844,crop_yield_total,Sävsjö,2015.0,1.0561296846674046,20.52088336744726,Linear
3845,crop_yield_total,Sävsjö,2016.0,0.9372310403709746,6.393848984720966,Linear
3846,crop_yield_total,Sävsjö,2017.0,0.928127329188098,4.812740211630031,Linear
3847,crop_yield_total,Sävsjö,2018.0,0.5631988071121873,-36.72726135017779,Linear
3848,crop_yield_total,Sävsjö,2019.0,0.8093248144173877,-9.54391905029091,Linear
3849,crop_yield_total,Sävsjö,2020.0,1.0847875870141008,20.62327559831385,Linear
3850,crop_yield_total,Sävsjö,2021.0,0.7657378045122996,-15.28713386704277,Linear
3851,crop_yield_total,Sävsjö,2022.0,0.8804225256753493,-3.093129276275071,Linear
3852,crop_yield_total,Söderhamn,2005.0,0.5586267243142916,-3.9353941755930544,Linear
3853,crop_yield_total,Söderhamn,2006.0,0.4486155227270755,-24.893857835944374,Linear
3854,crop_yield_total,Söderhamn,2007.0,0.7177662062564565,17.07050849861118,Linear
3855,crop_yield_total,Söderhamn,2008.0,0.7040390696962168,11.947142529035823,Linear
3856,crop_yield_total,Söderhamn,2009.0,0.685799833142161,6.3749785182911936,Linear
3857,crop_yield_total,Söderhamn,2010.0,0.5336309932472948,-19.207723591415427,Linear
3858,crop_yield_total,Söderhamn,2011.0,0.6333183084233747,-6.354689874114043,Linear
3859,crop_yield_total,Söderhamn,2012.0,0.6051451946268263,-12.562890712888167,Linear
3860,crop_yield_total,Söderhamn,2013.0,0.8419230242673813,18.934301339410588,Linear
3861,crop_yield_total,Söderhamn,2014.0,0.770811628933011,6.511835122819759,Linear
3862,crop_yield_total,Söderhamn,2015.0,0.8711818978205853,17.80949955543279,Linear
3863,crop_yield_total,Söderhamn,2016.0,0.8415857004699163,11.426865412805654,Linear
3864,crop_yield_total,Söderhamn,2017.0,0.7903854407425971,2.5039556244039933,Linear
3865,crop_yield_total,Söderhamn,2018.0,0.6249872143676405,-20.573527300833263,Linear
3866,crop_yield_total,Söderhamn,2019.0,0.7883235623135229,-1.7876338672347365,Linear
3867,crop_yield_total,Söderhamn,2020.0,0.8937253173107546,9.194685044258193,Linear
3868,crop_yield_total,Söderhamn,2021.0,0.7314293378878856,-12.326689917044614,Linear
3869,crop_yield_total,Söderhamn,2022.0,0.8428847387888116,-0.8445588934668187,Linear
3870,crop_yield_total,Söderköping,2005.0,1.054079468326702,4.824488907109136,Linear
3871,crop_yield_total,Söderköping,2006.0,0.9473759046331852,-6.507615610605639,Linear
3872,crop_yield_total,Söderköping,2007.0,1.0961947173319928,7.357287528236063,Linear
3873,crop_yield_total,Söderköping,2008.0,1.0399185958491992,1.078347129715196,Linear
3874,crop_yield_total,Söderköping,2009.0,1.0740680056902232,3.616803622886712,Linear
3875,crop_yield_total,Söderköping,2010.0,0.8305849052082035,-20.467183355935063,Linear
3876,crop_yield_total,Söderköping,2011.0,0.9655274588508276,-8.227024788475939,Linear
3877,crop_yield_total,Söderköping,2012.0,1.0885857289234822,2.7127259193219615,Linear
3878,crop_yield_total,Söderköping,2013.0,1.0852602814823216,1.6553415518023573,Linear
3879,crop_yield_total,Söderköping,2014.0,1.1179924244581017,3.966335194639158,Linear
3880,crop_yield_total,Söderköping,2015.0,1.2138214566192589,12.069862433726604,Linear
3881,crop_yield_total,Söderköping,2016.0,1.1264715682251747,3.2658370510541186,Linear
3882,crop_yield_total,Söderköping,2017.0,1.2308955696899149,12.042292651243706,Linear
3883,crop_yield_total,Söderköping,2018.0,0.8789600225750852,-20.55329806371168,Linear
3884,crop_yield_total,Söderköping,2019.0,1.2372919044802912,11.057072301978126,Linear
3885,crop_yield_total,Söderköping,2020.0,1.1462510719938417,2.1744087202652977,Linear
3886,crop_yield_total,Söderköping,2021.0,1.020583593560406,-9.651690439732137,Linear
3887,crop_yield_total,Söderköping,2022.0,1.1324970309639304,-0.42781244002577506,Linear
3888,crop_yield_total,Södertälje,2005.0,0.8638851144303435,4.123456601783982,Linear
3889,crop_yield_total,Södertälje,2006.0,0.7961760374702105,-4.3494396240272595,Linear
3890,crop_yield_total,Södertälje,2007.0,0.9447176049289204,13.128191582466911,Linear
3891,crop_yield_total,Södertälje,2008.0,0.8459048215493763,0.968363382519387,Linear
3892,crop_yield_total,Södertälje,2009.0,0.8401403870928377,-0.042545041845959045,Linear
3893,crop_yield_total,Södertälje,2010.0,0.66868847511859,-20.696714874730503,Linear
3894,crop_yield_total,Södertälje,2011.0,0.7119163901465887,-15.840176249982301,Linear
3895,crop_yield_total,Södertälje,2012.0,0.9032651673900608,6.439792293245046,Linear
3896,crop_yield_total,Södertälje,2013.0,0.8608279315284972,1.1165984620435698,Linear
3897,crop_yield_total,Södertälje,2014.0,0.9759322246669364,14.274016858345497,Linear
3898,crop_yield_total,Södertälje,2015.0,0.951615896231716,11.074819791139749,Linear
3899,crop_yield_total,Södertälje,2016.0,0.8869742599784218,3.203724967909985,Linear
3900,crop_yield_total,Södertälje,2017.0,0.9438616965452672,9.478150059240049,Linear
3901,crop_yield_total,Södertälje,2018.0,0.5381786266225995,-37.772186014410934,Linear
3902,crop_yield_total,Södertälje,2019.0,0.924204043442625,6.5293373042533505,Linear
3903,crop_yield_total,Södertälje,2020.0,0.9756170608610664,12.105839466191865,Linear
3904,crop_yield_total,Södertälje,2021.0,0.7661708048626098,-12.234034563915369,Linear
3905,crop_yield_total,Södertälje,2022.0,0.9500751737717342,8.496159350240287,Linear
3906,crop_yield_total,Sölvesborg,2005.0,0.8130784399332686,-8.018457910264887,Linear
3907,crop_yield_total,Sölvesborg,2006.0,0.6940506237148958,-22.144453601522617,Linear
3908,crop_yield_total,Sölvesborg,2007.0,0.7753769467815381,-13.747396980940978,Linear
3909,crop_yield_total,Sölvesborg,2008.0,0.8570229368491274,-5.454050270085466,Linear
3910,crop_yield_total,Sölvesborg,2009.0,1.023661581870697,12.00251809865139,Linear
3911,crop_yield_total,Sölvesborg,2010.0,0.9676835827445756,5.015863895671664,Linear
3912,crop_yield_total,Sölvesborg,2011.0,0.9672930569589924,4.125845639157049,Linear
3913,crop_yield_total,Sölvesborg,2012.0,1.1137586020729575,18.932019871692084,Linear
3914,crop_yield_total,Sölvesborg,2013.0,1.0131783033097628,7.331876646447701,Linear
3915,crop_yield_total,Sölvesborg,2014.0,1.0808532700065894,13.598376808648565,Linear
3916,crop_yield_total,Sölvesborg,2015.0,1.106461921050849,15.380228466221654,Linear
3917,crop_yield_total,Sölvesborg,2016.0,1.0599202356689548,9.669084148937676,Linear
3918,crop_yield_total,Sölvesborg,2017.0,1.0775227732322683,10.631745330218155,Linear
3919,crop_yield_total,Sölvesborg,2018.0,0.7201955774087216,-26.6209997179392,Linear
3920,crop_yield_total,Sölvesborg,2019.0,1.0090208826821832,2.026948592330633,Linear
3921,crop_yield_total,Sölvesborg,2020.0,1.0496661302469492,5.337817504657333,Linear
3922,crop_yield_total,Sölvesborg,2021.0,0.8478732153322835,-15.548562376349926,Linear
3923,crop_yield_total,Sölvesborg,2022.0,0.8823121361548788,-12.770049235971854,Linear
3924,crop_yield_total,Tanum,2005.0,1.0055775540286578,4.854664299363881,Linear
3925,crop_yield_total,Tanum,2006.0,0.9190178175231424,-5.45767794494796,Linear
3926,crop_yield_total,Tanum,2007.0,1.039546690973581,5.52485468698662,Linear
3927,crop_yield_total,Tanum,2008.0,0.9643324682492214,-3.389973889170226,Linear
3928,crop_yield_total,Tanum,2009.0,0.9637485848478334,-4.694481199289803,Linear
3929,crop_yield_total,Tanum,2010.0,0.991837523461424,-3.1664057875009326,Linear
3930,crop_yield_total,Tanum,2011.0,0.973209892013432,-6.1803613154120365,Linear
3931,crop_yield_total,Tanum,2012.0,1.0141421672435171,-3.4490510855308756,Linear
3932,crop_yield_total,Tanum,2013.0,1.1492429440193683,8.070474555781312,Linear
3933,crop_yield_total,Tanum,2014.0,1.1314663550056376,5.1089677148457415,Linear
3934,crop_yield_total,Tanum,2015.0,1.1883999248819652,9.075568901381246,Linear
3935,crop_yield_total,Tanum,2016.0,1.131833670084348,2.654155792784723,Linear
3936,crop_yield_total,Tanum,2017.0,1.2259176374746878,9.886697024965224,Linear
3937,crop_yield_total,Tanum,2018.0,0.8499847563868758,-24.69144888409895,Linear
3938,crop_yield_total,Tanum,2019.0,1.2750592219829564,11.678842277680355,Linear
3939,crop_yield_total,Tanum,2020.0,1.1735438698645833,1.6258076435071667,Linear
3940,crop_yield_total,Tanum,2021.0,1.0018857977539108,-14.208847309321277,Linear
3941,crop_yield_total,Tanum,2022.0,1.2602610382701056,6.7231485573048015,Linear
3942,crop_yield_total,Tibro,2005.0,1.0055775540286578,4.854664299363881,Linear
3943,crop_yield_total,Tibro,2006.0,0.9190178175231424,-5.45767794494796,Linear
3944,crop_yield_total,Tibro,2007.0,1.039546690973581,5.52485468698662,Linear
3945,crop_yield_total,Tibro,2008.0,0.9643324682492214,-3.389973889170226,Linear
3946,crop_yield_total,Tibro,2009.0,0.9637485848478334,-4.694481199289803,Linear
3947,crop_yield_total,Tibro,2010.0,0.991837523461424,-3.1664057875009326,Linear
3948,crop_yield_total,Tibro,2011.0,0.973209892013432,-6.1803613154120365,Linear
3949,crop_yield_total,Tibro,2012.0,1.0141421672435171,-3.4490510855308756,Linear
3950,crop_yield_total,Tibro,2013.0,1.1492429440193683,8.070474555781312,Linear
3951,crop_yield_total,Tibro,2014.0,1.1314663550056376,5.1089677148457415,Linear
3952,crop_yield_total,Tibro,2015.0,1.1883999248819652,9.075568901381246,Linear
3953,crop_yield_total,Tibro,2016.0,1.131833670084348,2.654155792784723,Linear
3954,crop_yield_total,Tibro,2017.0,1.2259176374746878,9.886697024965224,Linear
3955,crop_yield_total,Tibro,2018.0,0.8499847563868758,-24.69144888409895,Linear
3956,crop_yield_total,Tibro,2019.0,1.2750592219829564,11.678842277680355,Linear
3957,crop_yield_total,Tibro,2020.0,1.1735438698645833,1.6258076435071667,Linear
3958,crop_yield_total,Tibro,2021.0,1.0018857977539108,-14.208847309321277,Linear
3959,crop_yield_total,Tibro,2022.0,1.2602610382701056,6.7231485573048015,Linear
3960,crop_yield_total,Tidaholm,2005.0,1.0055775540286578,4.854664299363881,Linear
3961,crop_yield_total,Tidaholm,2006.0,0.9190178175231424,-5.45767794494796,Linear
3962,crop_yield_total,Tidaholm,2007.0,1.039546690973581,5.52485468698662,Linear
3963,crop_yield_total,Tidaholm,2008.0,0.9643324682492214,-3.389973889170226,Linear
3964,crop_yield_total,Tidaholm,2009.0,0.9637485848478334,-4.694481199289803,Linear
3965,crop_yield_total,Tidaholm,2010.0,0.991837523461424,-3.1664057875009326,Linear
3966,crop_yield_total,Tidaholm,2011.0,0.973209892013432,-6.1803613154120365,Linear
3967,crop_yield_total,Tidaholm,2012.0,1.0141421672435171,-3.4490510855308756,Linear
3968,crop_yield_total,Tidaholm,2013.0,1.1492429440193683,8.070474555781312,Linear
3969,crop_yield_total,Tidaholm,2014.0,1.1314663550056376,5.1089677148457415,Linear
3970,crop_yield_total,Tidaholm,2015.0,1.1883999248819652,9.075568901381246,Linear
3971,crop_yield_total,Tidaholm,2016.0,1.131833670084348,2.654155792784723,Linear
3972,crop_yield_total,Tidaholm,2017.0,1.2259176374746878,9.886697024965224,Linear
3973,crop_yield_total,Tidaholm,2018.0,0.8499847563868758,-24.69144888409895,Linear
3974,crop_yield_total,Tidaholm,2019.0,1.2750592219829564,11.678842277680355,Linear
3975,crop_yield_total,Tidaholm,2020.0,1.1735438698645833,1.6258076435071667,Linear
3976,crop_yield_total,Tidaholm,2021.0,1.0018857977539108,-14.208847309321277,Linear
3977,crop_yield_total,Tidaholm,2022.0,1.2602610382701056,6.7231485573048015,Linear
3978,crop_yield_total,Tierp,2005.0,1.0053307651718697,3.2220781010226185,Linear
3979,crop_yield_total,Tierp,2006.0,0.9351008356118972,-4.209226183415208,Linear
3980,crop_yield_total,Tierp,2007.0,1.071372009663783,9.498818650240286,Linear
3981,crop_yield_total,Tierp,2008.0,1.0299218561757943,5.021832760656003,Linear
3982,crop_yield_total,Tierp,2009.0,0.9901292402231364,0.7339013992325626,Linear
3983,crop_yield_total,Tierp,2010.0,0.8688880507000445,-11.802088495935818,Linear
3984,crop_yield_total,Tierp,2011.0,0.7868676549133022,-20.309027453518713,Linear
3985,crop_yield_total,Tierp,2012.0,0.9612142936646394,-2.872357221944868,Linear
3986,crop_yield_total,Tierp,2013.0,0.9691109398589391,-2.295729200418359,Linear
3987,crop_yield_total,Tierp,2014.0,1.1044953315212325,11.102434996692768,Linear
3988,crop_yield_total,Tierp,2015.0,1.176399562784826,18.069139054950902,Linear
3989,crop_yield_total,Tierp,2016.0,1.085287334789325,8.680173779040604,Linear
3990,crop_yield_total,Tierp,2017.0,1.0907951359539596,8.987080132144587,Linear
3991,crop_yield_total,Tierp,2018.0,0.5970288556207626,-40.481008901375674,Linear
3992,crop_yield_total,Tierp,2019.0,1.1311635375464586,12.516501255952923,Linear
3993,crop_yield_total,Tierp,2020.0,1.1374119682672146,12.886330839238935,Linear
3994,crop_yield_total,Tierp,2021.0,0.9207329382323431,-8.821564758911776,Linear
3995,crop_yield_total,Tierp,2022.0,1.012797262496733,0.07325018444391168,Linear
3996,crop_yield_total,Timrå,2005.0,0.405716124253022,-14.538851730615496,Linear
3997,crop_yield_total,Timrå,2006.0,0.4405536903777288,-7.420416325119559,Linear
3998,crop_yield_total,Timrå,2007.0,0.5665023239527519,18.765537157933856,Linear
3999,crop_yield_total,Timrå,2008.0,0.5851759169971396,22.39113814111378,Linear
4000,crop_yield_total,Timrå,2009.0,0.5108171468615413,6.5874808627078965,Linear
4001,crop_yield_total,Timrå,2010.0,0.5402141367963924,12.456944936342659,Linear
4002,crop_yield_total,Timrå,2011.0,0.3988727225226394,-17.160652302630165,Linear
4003,crop_yield_total,Timrå,2012.0,0.3157347872296728,-34.580210093683064,Linear
4004,crop_yield_total,Timrå,2013.0,0.5430638340350372,12.259819373869114,Linear
4005,crop_yield_total,Timrå,2014.0,0.5241662924701359,8.101483198714824,Linear
4006,crop_yield_total,Timrå,2015.0,0.4869763826010071,0.19866052788929683,Linear
4007,crop_yield_total,Timrå,2016.0,0.4878102462698445,0.13795653442574904,Linear
4008,crop_yield_total,Timrå,2017.0,0.4097093931925203,-16.088817148865495,Linear
4009,crop_yield_total,Timrå,2018.0,0.366556152981693,-25.099819012851178,Linear
4010,crop_yield_total,Timrå,2019.0,0.4667876411095785,-4.838246150437312,Linear
4011,crop_yield_total,Timrå,2020.0,0.7347917460995113,49.45497878376459,Linear
4012,crop_yield_total,Timrå,2021.0,0.4492547972519529,-8.831637562409869,Linear
4013,crop_yield_total,Timrå,2022.0,0.4850542561779244,-1.7914415626486182,Linear
4014,crop_yield_total,Tingsryd,2005.0,0.9241027939558316,13.295656079271042,Linear
4015,crop_yield_total,Tingsryd,2006.0,0.5090195355740915,-38.23359476205604,Linear
4016,crop_yield_total,Tingsryd,2007.0,0.6282627607964323,-24.537752102687552,Linear
4017,crop_yield_total,Tingsryd,2008.0,0.8528419139946987,1.4080006768280708,Linear
4018,crop_yield_total,Tingsryd,2009.0,0.9414080229293872,10.825748018117128,Linear
4019,crop_yield_total,Tingsryd,2010.0,0.8422435080832097,-1.8246406043347163,Linear
4020,crop_yield_total,Tingsryd,2011.0,0.9218867529432766,6.411011459858389,Linear
4021,crop_yield_total,Tingsryd,2012.0,0.99394093781274,13.620067972014619,Linear
4022,crop_yield_total,Tingsryd,2013.0,1.0114301335155174,14.513405580761868,Linear
4023,crop_yield_total,Tingsryd,2014.0,0.961436714384744,7.821869000716501,Linear
4024,crop_yield_total,Tingsryd,2015.0,1.0685233800176586,18.706603577309625,Linear
4025,crop_yield_total,Tingsryd,2016.0,1.02138481083079,12.414724144673727,Linear
4026,crop_yield_total,Tingsryd,2017.0,0.927722815230048,1.1655261216516506,Linear
4027,crop_yield_total,Tingsryd,2018.0,0.8041108595784098,-13.11444125415563,Linear
4028,crop_yield_total,Tingsryd,2019.0,0.9941882166993494,6.452002824544373,Linear
4029,crop_yield_total,Tingsryd,2020.0,1.0854010147308906,15.17667627380604,Linear
4030,crop_yield_total,Tingsryd,2021.0,0.6351669328902887,-33.198502797654584,Linear
4031,crop_yield_total,Tingsryd,2022.0,0.8513131526625174,-11.254581154621047,Linear
4032,crop_yield_total,Tjörn,2005.0,1.0055775540286578,4.854664299363881,Linear
4033,crop_yield_total,Tjörn,2006.0,0.9190178175231424,-5.45767794494796,Linear
4034,crop_yield_total,Tjörn,2007.0,1.039546690973581,5.52485468698662,Linear
4035,crop_yield_total,Tjörn,2008.0,0.9643324682492214,-3.389973889170226,Linear
4036,crop_yield_total,Tjörn,2009.0,0.9637485848478334,-4.694481199289803,Linear
4037,crop_yield_total,Tjörn,2010.0,0.991837523461424,-3.1664057875009326,Linear
4038,crop_yield_total,Tjörn,2011.0,0.973209892013432,-6.1803613154120365,Linear
4039,crop_yield_total,Tjörn,2012.0,1.0141421672435171,-3.4490510855308756,Linear
4040,crop_yield_total,Tjörn,2013.0,1.1492429440193683,8.070474555781312,Linear
4041,crop_yield_total,Tjörn,2014.0,1.1314663550056376,5.1089677148457415,Linear
4042,crop_yield_total,Tjörn,2015.0,1.1883999248819652,9.075568901381246,Linear
4043,crop_yield_total,Tjörn,2016.0,1.131833670084348,2.654155792784723,Linear
4044,crop_yield_total,Tjörn,2017.0,1.2259176374746878,9.886697024965224,Linear
4045,crop_yield_total,Tjörn,2018.0,0.8499847563868758,-24.69144888409895,Linear
4046,crop_yield_total,Tjörn,2019.0,1.2750592219829564,11.678842277680355,Linear
4047,crop_yield_total,Tjörn,2020.0,1.1735438698645833,1.6258076435071667,Linear
4048,crop_yield_total,Tjörn,2021.0,1.0018857977539108,-14.208847309321277,Linear
4049,crop_yield_total,Tjörn,2022.0,1.2602610382701056,6.7231485573048015,Linear
4050,crop_yield_total,Tomelilla,2005.0,1.2715410196614996,5.605403418170274,Linear
4051,crop_yield_total,Tomelilla,2006.0,0.9880305740330608,-18.39403454443511,Linear
4052,crop_yield_total,Tomelilla,2007.0,1.2185960287169186,0.09681915867550189,Linear
4053,crop_yield_total,Tomelilla,2008.0,1.2059848482957567,-1.4799879103758824,Linear
4054,crop_yield_total,Tomelilla,2009.0,1.361061892098226,10.58481994190143,Linear
4055,crop_yield_total,Tomelilla,2010.0,1.140333978840678,-7.8495308993354165,Linear
4056,crop_yield_total,Tomelilla,2011.0,1.2466775863900117,0.20286793466632383,Linear
4057,crop_yield_total,Tomelilla,2012.0,1.3867330008194048,10.864346476382039,Linear
4058,crop_yield_total,Tomelilla,2013.0,1.3226697667077745,5.180668965082252,Linear
4059,crop_yield_total,Tomelilla,2014.0,1.3584686989172954,7.456294300967267,Linear
4060,crop_yield_total,Tomelilla,2015.0,1.412689982584855,11.157546156667356,Linear
4061,crop_yield_total,Tomelilla,2016.0,1.1960391112051754,-6.382003623357058,Linear
4062,crop_yield_total,Tomelilla,2017.0,1.3711336258318008,6.764655970997115,Linear
4063,crop_yield_total,Tomelilla,2018.0,0.8014914208814181,-37.914221878534846,Linear
4064,crop_yield_total,Tomelilla,2019.0,1.443761939841756,11.261781440822954,Linear
4065,crop_yield_total,Tomelilla,2020.0,1.3625103819553428,4.462143660686606,Linear
4066,crop_yield_total,Tomelilla,2021.0,1.1729326989488174,-10.531057162891646,Linear
4067,crop_yield_total,Tomelilla,2022.0,1.4348911521578174,8.89540579043737,Linear
4068,crop_yield_total,Torsby,2005.0,0.8132780307437152,5.256372138755697,Linear
4069,crop_yield_total,Torsby,2006.0,0.7183648676065323,-8.303958974610172,Linear
4070,crop_yield_total,Torsby,2007.0,0.9569800758639444,20.499823400886502,Linear
4071,crop_yield_total,Torsby,2008.0,0.8325218645715937,3.4276942001298902,Linear
4072,crop_yield_total,Torsby,2009.0,0.7013583325510492,-14.016249047011378,Linear
4073,crop_yield_total,Torsby,2010.0,0.6738968568169861,-18.458141181978498,Linear
4074,crop_yield_total,Torsby,2011.0,0.7449988835912011,-11.01288730957373,Linear
4075,crop_yield_total,Torsby,2012.0,0.8716135379672874,2.7901420327874216,Linear
4076,crop_yield_total,Torsby,2013.0,0.8679411044838969,1.0749747657560649,Linear
4077,crop_yield_total,Torsby,2014.0,0.8789078729499272,1.0859430551976537,Linear
4078,crop_yield_total,Torsby,2015.0,1.0359179092428858,17.688288301747452,Linear
4079,crop_yield_total,Torsby,2016.0,1.0259009231244876,15.143299241369279,Linear
4080,crop_yield_total,Torsby,2017.0,1.003353292246534,11.26940531309137,Linear
4081,crop_yield_total,Torsby,2018.0,0.5573712137171187,-38.917492950183835,Linear
4082,crop_yield_total,Torsby,2019.0,1.117651809251378,21.056920261252525,Linear
4083,crop_yield_total,Torsby,2020.0,0.9507760277121298,1.7960773418132785,Linear
4084,crop_yield_total,Torsby,2021.0,0.798861938640312,-15.442551181338047,Linear
4085,crop_yield_total,Torsby,2022.0,1.0038908478269497,5.063109760024586,Linear
4086,crop_yield_total,Torsås,2005.0,0.8852263816472958,0.7533134834884078,Linear
4087,crop_yield_total,Torsås,2006.0,0.6683618846246893,-24.538964088460197,Linear
4088,crop_yield_total,Torsås,2007.0,0.869308137215771,-2.6314246941760224,Linear
4089,crop_yield_total,Torsås,2008.0,0.917075480489375,1.9087742754838795,Linear
4090,crop_yield_total,Torsås,2009.0,0.994757494108262,9.676138849603683,Linear
4091,crop_yield_total,Torsås,2010.0,0.7579996469843103,-17.07624421026325,Linear
4092,crop_yield_total,Torsås,2011.0,0.8389633990355513,-8.92604812811451,Linear
4093,crop_yield_total,Torsås,2012.0,1.119748109964248,20.62532305474832,Linear
4094,crop_yield_total,Torsås,2013.0,1.059152318367517,13.231938236534141,Linear
4095,crop_yield_total,Torsås,2014.0,1.071787414749727,13.719919367058905,Linear
4096,crop_yield_total,Torsås,2015.0,1.1211363551571136,18.066943729224946,Linear
4097,crop_yield_total,Torsås,2016.0,1.053595829970825,10.131152334156383,Linear
4098,crop_yield_total,Torsås,2017.0,0.998837204675912,3.6384731633330567,Linear
4099,crop_yield_total,Torsås,2018.0,0.7004227096110055,-27.855999767212946,Linear
4100,crop_yield_total,Torsås,2019.0,0.9540398661139998,-2.446369747567467,Linear
4101,crop_yield_total,Torsås,2020.0,1.207105271507816,22.541119097369613,Linear
4102,crop_yield_total,Torsås,2021.0,0.7944150994345057,-19.93061150827489,Linear
4103,crop_yield_total,Torsås,2022.0,0.8888338922649469,-11.050363993283629,Linear
4104,crop_yield_total,Tranemo,2005.0,1.0055775540286578,4.854664299363881,Linear
4105,crop_yield_total,Tranemo,2006.0,0.9190178175231424,-5.45767794494796,Linear
4106,crop_yield_total,Tranemo,2007.0,1.039546690973581,5.52485468698662,Linear
4107,crop_yield_total,Tranemo,2008.0,0.9643324682492214,-3.389973889170226,Linear
4108,crop_yield_total,Tranemo,2009.0,0.9637485848478334,-4.694481199289803,Linear
4109,crop_yield_total,Tranemo,2010.0,0.991837523461424,-3.1664057875009326,Linear
4110,crop_yield_total,Tranemo,2011.0,0.973209892013432,-6.1803613154120365,Linear
4111,crop_yield_total,Tranemo,2012.0,1.0141421672435171,-3.4490510855308756,Linear
4112,crop_yield_total,Tranemo,2013.0,1.1492429440193683,8.070474555781312,Linear
4113,crop_yield_total,Tranemo,2014.0,1.1314663550056376,5.1089677148457415,Linear
4114,crop_yield_total,Tranemo,2015.0,1.1883999248819652,9.075568901381246,Linear
4115,crop_yield_total,Tranemo,2016.0,1.131833670084348,2.654155792784723,Linear
4116,crop_yield_total,Tranemo,2017.0,1.2259176374746878,9.886697024965224,Linear
4117,crop_yield_total,Tranemo,2018.0,0.8499847563868758,-24.69144888409895,Linear
4118,crop_yield_total,Tranemo,2019.0,1.2750592219829564,11.678842277680355,Linear
4119,crop_yield_total,Tranemo,2020.0,1.1735438698645833,1.6258076435071667,Linear
4120,crop_yield_total,Tranemo,2021.0,1.0018857977539108,-14.208847309321277,Linear
4121,crop_yield_total,Tranemo,2022.0,1.2602610382701056,6.7231485573048015,Linear
4122,crop_yield_total,Tranås,2005.0,0.8231413872334318,-0.8592640667811631,Linear
4123,crop_yield_total,Tranås,2006.0,0.5560034534115266,-33.403070646717566,Linear
4124,crop_yield_total,Tranås,2007.0,0.849246796689325,1.163268024879047,Linear
4125,crop_yield_total,Tranås,2008.0,0.8648468917627017,2.4597838808112797,Linear
4126,crop_yield_total,Tranås,2009.0,0.955737662069078,12.61366550576091,Linear
4127,crop_yield_total,Tranås,2010.0,0.8288845316508049,-2.860158140336783,Linear
4128,crop_yield_total,Tranås,2011.0,0.8901894713650824,3.7646463757669086,Linear
4129,crop_yield_total,Tranås,2012.0,0.8492997598594791,-1.5299722756819134,Linear
4130,crop_yield_total,Tranås,2013.0,1.0676717642114328,23.131533216685725,Linear
4131,crop_yield_total,Tranås,2014.0,0.9392187438779384,7.7454625369339585,Linear
4132,crop_yield_total,Tranås,2015.0,1.0561296846674046,20.52088336744726,Linear
4133,crop_yield_total,Tranås,2016.0,0.9372310403709746,6.393848984720966,Linear
4134,crop_yield_total,Tranås,2017.0,0.928127329188098,4.812740211630031,Linear
4135,crop_yield_total,Tranås,2018.0,0.5631988071121873,-36.72726135017779,Linear
4136,crop_yield_total,Tranås,2019.0,0.8093248144173877,-9.54391905029091,Linear
4137,crop_yield_total,Tranås,2020.0,1.0847875870141008,20.62327559831385,Linear
4138,crop_yield_total,Tranås,2021.0,0.7657378045122996,-15.28713386704277,Linear
4139,crop_yield_total,Tranås,2022.0,0.8804225256753493,-3.093129276275071,Linear
4140,crop_yield_total,Trelleborg,2005.0,1.2715410196614996,5.605403418170274,Linear
4141,crop_yield_total,Trelleborg,2006.0,0.9880305740330608,-18.39403454443511,Linear
4142,crop_yield_total,Trelleborg,2007.0,1.2185960287169186,0.09681915867550189,Linear
4143,crop_yield_total,Trelleborg,2008.0,1.2059848482957567,-1.4799879103758824,Linear
4144,crop_yield_total,Trelleborg,2009.0,1.361061892098226,10.58481994190143,Linear
4145,crop_yield_total,Trelleborg,2010.0,1.140333978840678,-7.8495308993354165,Linear
4146,crop_yield_total,Trelleborg,2011.0,1.2466775863900117,0.20286793466632383,Linear
4147,crop_yield_total,Trelleborg,2012.0,1.3867330008194048,10.864346476382039,Linear
4148,crop_yield_total,Trelleborg,2013.0,1.3226697667077745,5.180668965082252,Linear
4149,crop_yield_total,Trelleborg,2014.0,1.3584686989172954,7.456294300967267,Linear
4150,crop_yield_total,Trelleborg,2015.0,1.412689982584855,11.157546156667356,Linear
4151,crop_yield_total,Trelleborg,2016.0,1.1960391112051754,-6.382003623357058,Linear
4152,crop_yield_total,Trelleborg,2017.0,1.3711336258318008,6.764655970997115,Linear
4153,crop_yield_total,Trelleborg,2018.0,0.8014914208814181,-37.914221878534846,Linear
4154,crop_yield_total,Trelleborg,2019.0,1.443761939841756,11.261781440822954,Linear
4155,crop_yield_total,Trelleborg,2020.0,1.3625103819553428,4.462143660686606,Linear
4156,crop_yield_total,Trelleborg,2021.0,1.1729326989488174,-10.531057162891646,Linear
4157,crop_yield_total,Trelleborg,2022.0,1.4348911521578174,8.89540579043737,Linear
4158,crop_yield_total,Trollhättan,2005.0,1.0055775540286578,4.854664299363881,Linear
4159,crop_yield_total,Trollhättan,2006.0,0.9190178175231424,-5.45767794494796,Linear
4160,crop_yield_total,Trollhättan,2007.0,1.039546690973581,5.52485468698662,Linear
4161,crop_yield_total,Trollhättan,2008.0,0.9643324682492214,-3.389973889170226,Linear
4162,crop_yield_total,Trollhättan,2009.0,0.9637485848478334,-4.694481199289803,Linear
4163,crop_yield_total,Trollhättan,2010.0,0.991837523461424,-3.1664057875009326,Linear
4164,crop_yield_total,Trollhättan,2011.0,0.973209892013432,-6.1803613154120365,Linear
4165,crop_yield_total,Trollhättan,2012.0,1.0141421672435171,-3.4490510855308756,Linear
4166,crop_yield_total,Trollhättan,2013.0,1.1492429440193683,8.070474555781312,Linear
4167,crop_yield_total,Trollhättan,2014.0,1.1314663550056376,5.1089677148457415,Linear
4168,crop_yield_total,Trollhättan,2015.0,1.1883999248819652,9.075568901381246,Linear
4169,crop_yield_total,Trollhättan,2016.0,1.131833670084348,2.654155792784723,Linear
4170,crop_yield_total,Trollhättan,2017.0,1.2259176374746878,9.886697024965224,Linear
4171,crop_yield_total,Trollhättan,2018.0,0.8499847563868758,-24.69144888409895,Linear
4172,crop_yield_total,Trollhättan,2019.0,1.2750592219829564,11.678842277680355,Linear
4173,crop_yield_total,Trollhättan,2020.0,1.1735438698645833,1.6258076435071667,Linear
4174,crop_yield_total,Trollhättan,2021.0,1.0018857977539108,-14.208847309321277,Linear
4175,crop_yield_total,Trollhättan,2022.0,1.2602610382701056,6.7231485573048015,Linear
4176,crop_yield_total,Trosa,2005.0,0.9307631680143256,1.7079569972195243,Linear
4177,crop_yield_total,Trosa,2006.0,0.8429914883003611,-8.28690097555507,Linear
4178,crop_yield_total,Trosa,2007.0,0.9929789779539376,7.559558997714591,Linear
4179,crop_yield_total,Trosa,2008.0,0.9863713187967076,6.379622069906193,Linear
4180,crop_yield_total,Trosa,2009.0,0.9533205348426596,2.370353276455031,Linear
4181,crop_yield_total,Trosa,2010.0,0.6986717556125399,-25.297727362975003,Linear
4182,crop_yield_total,Trosa,2011.0,0.8874995763627134,-5.515142506690992,Linear
4183,crop_yield_total,Trosa,2012.0,0.9575477174280252,1.506978801155693,Linear
4184,crop_yield_total,Trosa,2013.0,0.9447651479078376,-0.2739359156199553,Linear
4185,crop_yield_total,Trosa,2014.0,1.074392400619184,12.928857444333609,Linear
4186,crop_yield_total,Trosa,2015.0,1.135069034994538,18.803506825012544,Linear
4187,crop_yield_total,Trosa,2016.0,1.0546403117123333,9.921855360710746,Linear
4188,crop_yield_total,Trosa,2017.0,1.0436038604785798,8.316773410115374,Linear
4189,crop_yield_total,Trosa,2018.0,0.6612685665841174,-31.651991659770434,Linear
4190,crop_yield_total,Trosa,2019.0,1.0681557633071428,9.945649506140168,Linear
4191,crop_yield_total,Trosa,2020.0,0.9141029349645544,-6.2995864296704,Linear
4192,crop_yield_total,Trosa,2021.0,0.9055002125016434,-7.563113360571995,Linear
4193,crop_yield_total,Trosa,2022.0,1.0370983964731302,5.437332264759273,Linear
4194,crop_yield_total,Tyresö,2005.0,0.8638851144303435,4.123456601783982,Linear
4195,crop_yield_total,Tyresö,2006.0,0.7961760374702105,-4.3494396240272595,Linear
4196,crop_yield_total,Tyresö,2007.0,0.9447176049289204,13.128191582466911,Linear
4197,crop_yield_total,Tyresö,2008.0,0.8459048215493763,0.968363382519387,Linear
4198,crop_yield_total,Tyresö,2009.0,0.8401403870928377,-0.042545041845959045,Linear
4199,crop_yield_total,Tyresö,2010.0,0.66868847511859,-20.696714874730503,Linear
4200,crop_yield_total,Tyresö,2011.0,0.7119163901465887,-15.840176249982301,Linear
4201,crop_yield_total,Tyresö,2012.0,0.9032651673900608,6.439792293245046,Linear
4202,crop_yield_total,Tyresö,2013.0,0.8608279315284972,1.1165984620435698,Linear
4203,crop_yield_total,Tyresö,2014.0,0.9759322246669364,14.274016858345497,Linear
4204,crop_yield_total,Tyresö,2015.0,0.951615896231716,11.074819791139749,Linear
4205,crop_yield_total,Tyresö,2016.0,0.8869742599784218,3.203724967909985,Linear
4206,crop_yield_total,Tyresö,2017.0,0.9438616965452672,9.478150059240049,Linear
4207,crop_yield_total,Tyresö,2018.0,0.5381786266225995,-37.772186014410934,Linear
4208,crop_yield_total,Tyresö,2019.0,0.924204043442625,6.5293373042533505,Linear
4209,crop_yield_total,Tyresö,2020.0,0.9756170608610664,12.105839466191865,Linear
4210,crop_yield_total,Tyresö,2021.0,0.7661708048626098,-12.234034563915369,Linear
4211,crop_yield_total,Tyresö,2022.0,0.9500751737717342,8.496159350240287,Linear
4212,crop_yield_total,Täby,2005.0,0.8638851144303435,4.123456601783982,Linear
4213,crop_yield_total,Täby,2006.0,0.7961760374702105,-4.3494396240272595,Linear
4214,crop_yield_total,Täby,2007.0,0.9447176049289204,13.128191582466911,Linear
4215,crop_yield_total,Täby,2008.0,0.8459048215493763,0.968363382519387,Linear
4216,crop_yield_total,Täby,2009.0,0.8401403870928377,-0.042545041845959045,Linear
4217,crop_yield_total,Täby,2010.0,0.66868847511859,-20.696714874730503,Linear
4218,crop_yield_total,Täby,2011.0,0.7119163901465887,-15.840176249982301,Linear
4219,crop_yield_total,Täby,2012.0,0.9032651673900608,6.439792293245046,Linear
4220,crop_yield_total,Täby,2013.0,0.8608279315284972,1.1165984620435698,Linear
4221,crop_yield_total,Täby,2014.0,0.9759322246669364,14.274016858345497,Linear
4222,crop_yield_total,Täby,2015.0,0.951615896231716,11.074819791139749,Linear
4223,crop_yield_total,Täby,2016.0,0.8869742599784218,3.203724967909985,Linear
4224,crop_yield_total,Täby,2017.0,0.9438616965452672,9.478150059240049,Linear
4225,crop_yield_total,Täby,2018.0,0.5381786266225995,-37.772186014410934,Linear
4226,crop_yield_total,Täby,2019.0,0.924204043442625,6.5293373042533505,Linear
4227,crop_yield_total,Täby,2020.0,0.9756170608610664,12.105839466191865,Linear
4228,crop_yield_total,Täby,2021.0,0.7661708048626098,-12.234034563915369,Linear
4229,crop_yield_total,Täby,2022.0,0.9500751737717342,8.496159350240287,Linear
4230,crop_yield_total,Töreboda,2005.0,1.0055775540286578,4.854664299363881,Linear
4231,crop_yield_total,Töreboda,2006.0,0.9190178175231424,-5.45767794494796,Linear
4232,crop_yield_total,Töreboda,2007.0,1.039546690973581,5.52485468698662,Linear
4233,crop_yield_total,Töreboda,2008.0,0.9643324682492214,-3.389973889170226,Linear
4234,crop_yield_total,Töreboda,2009.0,0.9637485848478334,-4.694481199289803,Linear
4235,crop_yield_total,Töreboda,2010.0,0.991837523461424,-3.1664057875009326,Linear
4236,crop_yield_total,Töreboda,2011.0,0.973209892013432,-6.1803613154120365,Linear
4237,crop_yield_total,Töreboda,2012.0,1.0141421672435171,-3.4490510855308756,Linear
4238,crop_yield_total,Töreboda,2013.0,1.1492429440193683,8.070474555781312,Linear
4239,crop_yield_total,Töreboda,2014.0,1.1314663550056376,5.1089677148457415,Linear
4240,crop_yield_total,Töreboda,2015.0,1.1883999248819652,9.075568901381246,Linear
4241,crop_yield_total,Töreboda,2016.0,1.131833670084348,2.654155792784723,Linear
4242,crop_yield_total,Töreboda,2017.0,1.2259176374746878,9.886697024965224,Linear
4243,crop_yield_total,Töreboda,2018.0,0.8499847563868758,-24.69144888409895,Linear
4244,crop_yield_total,Töreboda,2019.0,1.2750592219829564,11.678842277680355,Linear
4245,crop_yield_total,Töreboda,2020.0,1.1735438698645833,1.6258076435071667,Linear
4246,crop_yield_total,Töreboda,2021.0,1.0018857977539108,-14.208847309321277,Linear
4247,crop_yield_total,Töreboda,2022.0,1.2602610382701056,6.7231485573048015,Linear
4248,crop_yield_total,Uddevalla,2005.0,1.0055775540286578,4.854664299363881,Linear
4249,crop_yield_total,Uddevalla,2006.0,0.9190178175231424,-5.45767794494796,Linear
4250,crop_yield_total,Uddevalla,2007.0,1.039546690973581,5.52485468698662,Linear
4251,crop_yield_total,Uddevalla,2008.0,0.9643324682492214,-3.389973889170226,Linear
4252,crop_yield_total,Uddevalla,2009.0,0.9637485848478334,-4.694481199289803,Linear
4253,crop_yield_total,Uddevalla,2010.0,0.991837523461424,-3.1664057875009326,Linear
4254,crop_yield_total,Uddevalla,2011.0,0.973209892013432,-6.1803613154120365,Linear
4255,crop_yield_total,Uddevalla,2012.0,1.0141421672435171,-3.4490510855308756,Linear
4256,crop_yield_total,Uddevalla,2013.0,1.1492429440193683,8.070474555781312,Linear
4257,crop_yield_total,Uddevalla,2014.0,1.1314663550056376,5.1089677148457415,Linear
4258,crop_yield_total,Uddevalla,2015.0,1.1883999248819652,9.075568901381246,Linear
4259,crop_yield_total,Uddevalla,2016.0,1.131833670084348,2.654155792784723,Linear
4260,crop_yield_total,Uddevalla,2017.0,1.2259176374746878,9.886697024965224,Linear
4261,crop_yield_total,Uddevalla,2018.0,0.8499847563868758,-24.69144888409895,Linear
4262,crop_yield_total,Uddevalla,2019.0,1.2750592219829564,11.678842277680355,Linear
4263,crop_yield_total,Uddevalla,2020.0,1.1735438698645833,1.6258076435071667,Linear
4264,crop_yield_total,Uddevalla,2021.0,1.0018857977539108,-14.208847309321277,Linear
4265,crop_yield_total,Uddevalla,2022.0,1.2602610382701056,6.7231485573048015,Linear
4266,crop_yield_total,Ulricehamn,2005.0,1.0055775540286578,4.854664299363881,Linear
4267,crop_yield_total,Ulricehamn,2006.0,0.9190178175231424,-5.45767794494796,Linear
4268,crop_yield_total,Ulricehamn,2007.0,1.039546690973581,5.52485468698662,Linear
4269,crop_yield_total,Ulricehamn,2008.0,0.9643324682492214,-3.389973889170226,Linear
4270,crop_yield_total,Ulricehamn,2009.0,0.9637485848478334,-4.694481199289803,Linear
4271,crop_yield_total,Ulricehamn,2010.0,0.991837523461424,-3.1664057875009326,Linear
4272,crop_yield_total,Ulricehamn,2011.0,0.973209892013432,-6.1803613154120365,Linear
4273,crop_yield_total,Ulricehamn,2012.0,1.0141421672435171,-3.4490510855308756,Linear
4274,crop_yield_total,Ulricehamn,2013.0,1.1492429440193683,8.070474555781312,Linear
4275,crop_yield_total,Ulricehamn,2014.0,1.1314663550056376,5.1089677148457415,Linear
4276,crop_yield_total,Ulricehamn,2015.0,1.1883999248819652,9.075568901381246,Linear
4277,crop_yield_total,Ulricehamn,2016.0,1.131833670084348,2.654155792784723,Linear
4278,crop_yield_total,Ulricehamn,2017.0,1.2259176374746878,9.886697024965224,Linear
4279,crop_yield_total,Ulricehamn,2018.0,0.8499847563868758,-24.69144888409895,Linear
4280,crop_yield_total,Ulricehamn,2019.0,1.2750592219829564,11.678842277680355,Linear
4281,crop_yield_total,Ulricehamn,2020.0,1.1735438698645833,1.6258076435071667,Linear
4282,crop_yield_total,Ulricehamn,2021.0,1.0018857977539108,-14.208847309321277,Linear
4283,crop_yield_total,Ulricehamn,2022.0,1.2602610382701056,6.7231485573048015,Linear
4284,crop_yield_total,Umeå,2005.0,0.5997152914540813,2.0033298419845513,Linear
4285,crop_yield_total,Umeå,2006.0,0.5420010097641708,-9.184642023580958,Linear
4286,crop_yield_total,Umeå,2007.0,0.6802621830803811,12.310834419512577,Linear
4287,crop_yield_total,Umeå,2008.0,0.6360999156635041,3.5023312266729376,Linear
4288,crop_yield_total,Umeå,2009.0,0.6971161896525894,11.815007970441355,Linear
4289,crop_yield_total,Umeå,2010.0,0.5931381304590903,-6.198666036683178,Linear
4290,crop_yield_total,Umeå,2011.0,0.6539314451925182,1.98335121551047,Linear
4291,crop_yield_total,Umeå,2012.0,0.4899514128071317,-24.633690539141078,Linear
4292,crop_yield_total,Umeå,2013.0,0.792572266298926,20.27387808737884,Linear
4293,crop_yield_total,Umeå,2014.0,0.7178294530611921,7.483249163673592,Linear
4294,crop_yield_total,Umeå,2015.0,0.5787659335143877,-14.476331620460645,Linear
4295,crop_yield_total,Umeå,2016.0,0.702490651044222,2.461930345324553,Linear
4296,crop_yield_total,Umeå,2017.0,0.4369589673886949,-37.08211471528296,Linear
4297,crop_yield_total,Umeå,2018.0,0.7141249361109738,1.5290063471217097,Linear
4298,crop_yield_total,Umeå,2019.0,0.8079816394205077,13.44075954313151,Linear
4299,crop_yield_total,Umeå,2020.0,0.8480829008546369,17.604825211206585,Linear
4300,crop_yield_total,Umeå,2021.0,0.6470893408513001,-11.35869697138283,Linear
4301,crop_yield_total,Umeå,2022.0,0.8033160118650817,8.719543514046837,Linear
4302,crop_yield_total,Upplands Väsby,2005.0,0.8638851144303435,4.123456601783982,Linear
4303,crop_yield_total,Upplands Väsby,2006.0,0.7961760374702105,-4.3494396240272595,Linear
4304,crop_yield_total,Upplands Väsby,2007.0,0.9447176049289204,13.128191582466911,Linear
4305,crop_yield_total,Upplands Väsby,2008.0,0.8459048215493763,0.968363382519387,Linear
4306,crop_yield_total,Upplands Väsby,2009.0,0.8401403870928377,-0.042545041845959045,Linear
4307,crop_yield_total,Upplands Väsby,2010.0,0.66868847511859,-20.696714874730503,Linear
4308,crop_yield_total,Upplands Väsby,2011.0,0.7119163901465887,-15.840176249982301,Linear
4309,crop_yield_total,Upplands Väsby,2012.0,0.9032651673900608,6.439792293245046,Linear
4310,crop_yield_total,Upplands Väsby,2013.0,0.8608279315284972,1.1165984620435698,Linear
4311,crop_yield_total,Upplands Väsby,2014.0,0.9759322246669364,14.274016858345497,Linear
4312,crop_yield_total,Upplands Väsby,2015.0,0.951615896231716,11.074819791139749,Linear
4313,crop_yield_total,Upplands Väsby,2016.0,0.8869742599784218,3.203724967909985,Linear
4314,crop_yield_total,Upplands Väsby,2017.0,0.9438616965452672,9.478150059240049,Linear
4315,crop_yield_total,Upplands Väsby,2018.0,0.5381786266225995,-37.772186014410934,Linear
4316,crop_yield_total,Upplands Väsby,2019.0,0.924204043442625,6.5293373042533505,Linear
4317,crop_yield_total,Upplands Väsby,2020.0,0.9756170608610664,12.105839466191865,Linear
4318,crop_yield_total,Upplands Väsby,2021.0,0.7661708048626098,-12.234034563915369,Linear
4319,crop_yield_total,Upplands Väsby,2022.0,0.9500751737717342,8.496159350240287,Linear
4320,crop_yield_total,Upplands-Bro,2005.0,0.8638851144303435,4.123456601783982,Linear
4321,crop_yield_total,Upplands-Bro,2006.0,0.7961760374702105,-4.3494396240272595,Linear
4322,crop_yield_total,Upplands-Bro,2007.0,0.9447176049289204,13.128191582466911,Linear
4323,crop_yield_total,Upplands-Bro,2008.0,0.8459048215493763,0.968363382519387,Linear
4324,crop_yield_total,Upplands-Bro,2009.0,0.8401403870928377,-0.042545041845959045,Linear
4325,crop_yield_total,Upplands-Bro,2010.0,0.66868847511859,-20.696714874730503,Linear
4326,crop_yield_total,Upplands-Bro,2011.0,0.7119163901465887,-15.840176249982301,Linear
4327,crop_yield_total,Upplands-Bro,2012.0,0.9032651673900608,6.439792293245046,Linear
4328,crop_yield_total,Upplands-Bro,2013.0,0.8608279315284972,1.1165984620435698,Linear
4329,crop_yield_total,Upplands-Bro,2014.0,0.9759322246669364,14.274016858345497,Linear
4330,crop_yield_total,Upplands-Bro,2015.0,0.951615896231716,11.074819791139749,Linear
4331,crop_yield_total,Upplands-Bro,2016.0,0.8869742599784218,3.203724967909985,Linear
4332,crop_yield_total,Upplands-Bro,2017.0,0.9438616965452672,9.478150059240049,Linear
4333,crop_yield_total,Upplands-Bro,2018.0,0.5381786266225995,-37.772186014410934,Linear
4334,crop_yield_total,Upplands-Bro,2019.0,0.924204043442625,6.5293373042533505,Linear
4335,crop_yield_total,Upplands-Bro,2020.0,0.9756170608610664,12.105839466191865,Linear
4336,crop_yield_total,Upplands-Bro,2021.0,0.7661708048626098,-12.234034563915369,Linear
4337,crop_yield_total,Upplands-Bro,2022.0,0.9500751737717342,8.496159350240287,Linear
4338,crop_yield_total,Uppsala,2005.0,1.0053307651718697,3.2220781010226185,Linear
4339,crop_yield_total,Uppsala,2006.0,0.9351008356118972,-4.209226183415208,Linear
4340,crop_yield_total,Uppsala,2007.0,1.071372009663783,9.498818650240286,Linear
4341,crop_yield_total,Uppsala,2008.0,1.0299218561757943,5.021832760656003,Linear
4342,crop_yield_total,Uppsala,2009.0,0.9901292402231364,0.7339013992325626,Linear
4343,crop_yield_total,Uppsala,2010.0,0.8688880507000445,-11.802088495935818,Linear
4344,crop_yield_total,Uppsala,2011.0,0.7868676549133022,-20.309027453518713,Linear
4345,crop_yield_total,Uppsala,2012.0,0.9612142936646394,-2.872357221944868,Linear
4346,crop_yield_total,Uppsala,2013.0,0.9691109398589391,-2.295729200418359,Linear
4347,crop_yield_total,Uppsala,2014.0,1.1044953315212325,11.102434996692768,Linear
4348,crop_yield_total,Uppsala,2015.0,1.176399562784826,18.069139054950902,Linear
4349,crop_yield_total,Uppsala,2016.0,1.085287334789325,8.680173779040604,Linear
4350,crop_yield_total,Uppsala,2017.0,1.0907951359539596,8.987080132144587,Linear
4351,crop_yield_total,Uppsala,2018.0,0.5970288556207626,-40.481008901375674,Linear
4352,crop_yield_total,Uppsala,2019.0,1.1311635375464586,12.516501255952923,Linear
4353,crop_yield_total,Uppsala,2020.0,1.1374119682672146,12.886330839238935,Linear
4354,crop_yield_total,Uppsala,2021.0,0.9207329382323431,-8.821564758911776,Linear
4355,crop_yield_total,Uppsala,2022.0,1.012797262496733,0.07325018444391168,Linear
4356,crop_yield_total,Uppvidinge,2005.0,0.9241027939558316,13.295656079271042,Linear
4357,crop_yield_total,Uppvidinge,2006.0,0.5090195355740915,-38.23359476205604,Linear
4358,crop_yield_total,Uppvidinge,2007.0,0.6282627607964323,-24.537752102687552,Linear
4359,crop_yield_total,Uppvidinge,2008.0,0.8528419139946987,1.4080006768280708,Linear
4360,crop_yield_total,Uppvidinge,2009.0,0.9414080229293872,10.825748018117128,Linear
4361,crop_yield_total,Uppvidinge,2010.0,0.8422435080832097,-1.8246406043347163,Linear
4362,crop_yield_total,Uppvidinge,2011.0,0.9218867529432766,6.411011459858389,Linear
4363,crop_yield_total,Uppvidinge,2012.0,0.99394093781274,13.620067972014619,Linear
4364,crop_yield_total,Uppvidinge,2013.0,1.0114301335155174,14.513405580761868,Linear
4365,crop_yield_total,Uppvidinge,2014.0,0.961436714384744,7.821869000716501,Linear
4366,crop_yield_total,Uppvidinge,2015.0,1.0685233800176586,18.706603577309625,Linear
4367,crop_yield_total,Uppvidinge,2016.0,1.02138481083079,12.414724144673727,Linear
4368,crop_yield_total,Uppvidinge,2017.0,0.927722815230048,1.1655261216516506,Linear
4369,crop_yield_total,Uppvidinge,2018.0,0.8041108595784098,-13.11444125415563,Linear
4370,crop_yield_total,Uppvidinge,2019.0,0.9941882166993494,6.452002824544373,Linear
4371,crop_yield_total,Uppvidinge,2020.0,1.0854010147308906,15.17667627380604,Linear
4372,crop_yield_total,Uppvidinge,2021.0,0.6351669328902887,-33.198502797654584,Linear
4373,crop_yield_total,Uppvidinge,2022.0,0.8513131526625174,-11.254581154621047,Linear
4374,crop_yield_total,Vadstena,2005.0,1.054079468326702,4.824488907109136,Linear
4375,crop_yield_total,Vadstena,2006.0,0.9473759046331852,-6.507615610605639,Linear
4376,crop_yield_total,Vadstena,2007.0,1.0961947173319928,7.357287528236063,Linear
4377,crop_yield_total,Vadstena,2008.0,1.0399185958491992,1.078347129715196,Linear
4378,crop_yield_total,Vadstena,2009.0,1.0740680056902232,3.616803622886712,Linear
4379,crop_yield_total,Vadstena,2010.0,0.8305849052082035,-20.467183355935063,Linear
4380,crop_yield_total,Vadstena,2011.0,0.9655274588508276,-8.227024788475939,Linear
4381,crop_yield_total,Vadstena,2012.0,1.0885857289234822,2.7127259193219615,Linear
4382,crop_yield_total,Vadstena,2013.0,1.0852602814823216,1.6553415518023573,Linear
4383,crop_yield_total,Vadstena,2014.0,1.1179924244581017,3.966335194639158,Linear
4384,crop_yield_total,Vadstena,2015.0,1.2138214566192589,12.069862433726604,Linear
4385,crop_yield_total,Vadstena,2016.0,1.1264715682251747,3.2658370510541186,Linear
4386,crop_yield_total,Vadstena,2017.0,1.2308955696899149,12.042292651243706,Linear
4387,crop_yield_total,Vadstena,2018.0,0.8789600225750852,-20.55329806371168,Linear
4388,crop_yield_total,Vadstena,2019.0,1.2372919044802912,11.057072301978126,Linear
4389,crop_yield_total,Vadstena,2020.0,1.1462510719938417,2.1744087202652977,Linear
4390,crop_yield_total,Vadstena,2021.0,1.020583593560406,-9.651690439732137,Linear
4391,crop_yield_total,Vadstena,2022.0,1.1324970309639304,-0.42781244002577506,Linear
4392,crop_yield_total,Vaggeryd,2005.0,0.8231413872334318,-0.8592640667811631,Linear
4393,crop_yield_total,Vaggeryd,2006.0,0.5560034534115266,-33.403070646717566,Linear
4394,crop_yield_total,Vaggeryd,2007.0,0.849246796689325,1.163268024879047,Linear
4395,crop_yield_total,Vaggeryd,2008.0,0.8648468917627017,2.4597838808112797,Linear
4396,crop_yield_total,Vaggeryd,2009.0,0.955737662069078,12.61366550576091,Linear
4397,crop_yield_total,Vaggeryd,2010.0,0.8288845316508049,-2.860158140336783,Linear
4398,crop_yield_total,Vaggeryd,2011.0,0.8901894713650824,3.7646463757669086,Linear
4399,crop_yield_total,Vaggeryd,2012.0,0.8492997598594791,-1.5299722756819134,Linear
4400,crop_yield_total,Vaggeryd,2013.0,1.0676717642114328,23.131533216685725,Linear
4401,crop_yield_total,Vaggeryd,2014.0,0.9392187438779384,7.7454625369339585,Linear
4402,crop_yield_total,Vaggeryd,2015.0,1.0561296846674046,20.52088336744726,Linear
4403,crop_yield_total,Vaggeryd,2016.0,0.9372310403709746,6.393848984720966,Linear
4404,crop_yield_total,Vaggeryd,2017.0,0.928127329188098,4.812740211630031,Linear
4405,crop_yield_total,Vaggeryd,2018.0,0.5631988071121873,-36.72726135017779,Linear
4406,crop_yield_total,Vaggeryd,2019.0,0.8093248144173877,-9.54391905029091,Linear
4407,crop_yield_total,Vaggeryd,2020.0,1.0847875870141008,20.62327559831385,Linear
4408,crop_yield_total,Vaggeryd,2021.0,0.7657378045122996,-15.28713386704277,Linear
4409,crop_yield_total,Vaggeryd,2022.0,0.8804225256753493,-3.093129276275071,Linear
4410,crop_yield_total,Valdemarsvik,2005.0,1.054079468326702,4.824488907109136,Linear
4411,crop_yield_total,Valdemarsvik,2006.0,0.9473759046331852,-6.507615610605639,Linear
4412,crop_yield_total,Valdemarsvik,2007.0,1.0961947173319928,7.357287528236063,Linear
4413,crop_yield_total,Valdemarsvik,2008.0,1.0399185958491992,1.078347129715196,Linear
4414,crop_yield_total,Valdemarsvik,2009.0,1.0740680056902232,3.616803622886712,Linear
4415,crop_yield_total,Valdemarsvik,2010.0,0.8305849052082035,-20.467183355935063,Linear
4416,crop_yield_total,Valdemarsvik,2011.0,0.9655274588508276,-8.227024788475939,Linear
4417,crop_yield_total,Valdemarsvik,2012.0,1.0885857289234822,2.7127259193219615,Linear
4418,crop_yield_total,Valdemarsvik,2013.0,1.0852602814823216,1.6553415518023573,Linear
4419,crop_yield_total,Valdemarsvik,2014.0,1.1179924244581017,3.966335194639158,Linear
4420,crop_yield_total,Valdemarsvik,2015.0,1.2138214566192589,12.069862433726604,Linear
4421,crop_yield_total,Valdemarsvik,2016.0,1.1264715682251747,3.2658370510541186,Linear
4422,crop_yield_total,Valdemarsvik,2017.0,1.2308955696899149,12.042292651243706,Linear
4423,crop_yield_total,Valdemarsvik,2018.0,0.8789600225750852,-20.55329806371168,Linear
4424,crop_yield_total,Valdemarsvik,2019.0,1.2372919044802912,11.057072301978126,Linear
4425,crop_yield_total,Valdemarsvik,2020.0,1.1462510719938417,2.1744087202652977,Linear
4426,crop_yield_total,Valdemarsvik,2021.0,1.020583593560406,-9.651690439732137,Linear
4427,crop_yield_total,Valdemarsvik,2022.0,1.1324970309639304,-0.42781244002577506,Linear
4428,crop_yield_total,Vallentuna,2005.0,0.8638851144303435,4.123456601783982,Linear
4429,crop_yield_total,Vallentuna,2006.0,0.7961760374702105,-4.3494396240272595,Linear
4430,crop_yield_total,Vallentuna,2007.0,0.9447176049289204,13.128191582466911,Linear
4431,crop_yield_total,Vallentuna,2008.0,0.8459048215493763,0.968363382519387,Linear
4432,crop_yield_total,Vallentuna,2009.0,0.8401403870928377,-0.042545041845959045,Linear
4433,crop_yield_total,Vallentuna,2010.0,0.66868847511859,-20.696714874730503,Linear
4434,crop_yield_total,Vallentuna,2011.0,0.7119163901465887,-15.840176249982301,Linear
4435,crop_yield_total,Vallentuna,2012.0,0.9032651673900608,6.439792293245046,Linear
4436,crop_yield_total,Vallentuna,2013.0,0.8608279315284972,1.1165984620435698,Linear
4437,crop_yield_total,Vallentuna,2014.0,0.9759322246669364,14.274016858345497,Linear
4438,crop_yield_total,Vallentuna,2015.0,0.951615896231716,11.074819791139749,Linear
4439,crop_yield_total,Vallentuna,2016.0,0.8869742599784218,3.203724967909985,Linear
4440,crop_yield_total,Vallentuna,2017.0,0.9438616965452672,9.478150059240049,Linear
4441,crop_yield_total,Vallentuna,2018.0,0.5381786266225995,-37.772186014410934,Linear
4442,crop_yield_total,Vallentuna,2019.0,0.924204043442625,6.5293373042533505,Linear
4443,crop_yield_total,Vallentuna,2020.0,0.9756170608610664,12.105839466191865,Linear
4444,crop_yield_total,Vallentuna,2021.0,0.7661708048626098,-12.234034563915369,Linear
4445,crop_yield_total,Vallentuna,2022.0,0.9500751737717342,8.496159350240287,Linear
4446,crop_yield_total,Vansbro,2005.0,0.7932935245294663,1.5030905263688548,Linear
4447,crop_yield_total,Vansbro,2006.0,0.6748350447231509,-14.175038060340519,Linear
4448,crop_yield_total,Vansbro,2007.0,0.9674290899187774,22.298630137352166,Linear
4449,crop_yield_total,Vansbro,2008.0,0.7788202824324088,-2.1317559923339537,Linear
4450,crop_yield_total,Vansbro,2009.0,0.7657746700573635,-4.34160704346819,Linear
4451,crop_yield_total,Vansbro,2010.0,0.6294649850731975,-21.8324560253873,Linear
4452,crop_yield_total,Vansbro,2011.0,0.847385917040815,4.612606738756432,Linear
4453,crop_yield_total,Vansbro,2012.0,0.7162034987169751,-12.097339044497629,Linear
4454,crop_yield_total,Vansbro,2013.0,0.9642252173328064,17.658039511066008,Linear
4455,crop_yield_total,Vansbro,2014.0,0.8656623164362899,5.022835480563956,Linear
4456,crop_yield_total,Vansbro,2015.0,0.8977755207393596,8.29527050555989,Linear
4457,crop_yield_total,Vansbro,2016.0,0.8694963301478308,4.287011631971183,Linear
4458,crop_yield_total,Vansbro,2017.0,0.965222153520472,15.113050346299497,Linear
4459,crop_yield_total,Vansbro,2018.0,0.5989120311880992,-28.97535944958592,Linear
4460,crop_yield_total,Vansbro,2019.0,1.0269848340393724,21.10791326393559,Linear
4461,crop_yield_total,Vansbro,2020.0,0.7972889307343404,-6.502432130388589,Linear
4462,crop_yield_total,Vansbro,2021.0,0.7571545158990021,-11.700419966247683,Linear
4463,crop_yield_total,Vansbro,2022.0,0.8780550029939568,1.835380286655701,Linear
4464,crop_yield_total,Vara,2005.0,1.0055775540286578,4.854664299363881,Linear
4465,crop_yield_total,Vara,2006.0,0.9190178175231424,-5.45767794494796,Linear
4466,crop_yield_total,Vara,2007.0,1.039546690973581,5.52485468698662,Linear
4467,crop_yield_total,Vara,2008.0,0.9643324682492214,-3.389973889170226,Linear
4468,crop_yield_total,Vara,2009.0,0.9637485848478334,-4.694481199289803,Linear
4469,crop_yield_total,Vara,2010.0,0.991837523461424,-3.1664057875009326,Linear
4470,crop_yield_total,Vara,2011.0,0.973209892013432,-6.1803613154120365,Linear
4471,crop_yield_total,Vara,2012.0,1.0141421672435171,-3.4490510855308756,Linear
4472,crop_yield_total,Vara,2013.0,1.1492429440193683,8.070474555781312,Linear
4473,crop_yield_total,Vara,2014.0,1.1314663550056376,5.1089677148457415,Linear
4474,crop_yield_total,Vara,2015.0,1.1883999248819652,9.075568901381246,Linear
4475,crop_yield_total,Vara,2016.0,1.131833670084348,2.654155792784723,Linear
4476,crop_yield_total,Vara,2017.0,1.2259176374746878,9.886697024965224,Linear
4477,crop_yield_total,Vara,2018.0,0.8499847563868758,-24.69144888409895,Linear
4478,crop_yield_total,Vara,2019.0,1.2750592219829564,11.678842277680355,Linear
4479,crop_yield_total,Vara,2020.0,1.1735438698645833,1.6258076435071667,Linear
4480,crop_yield_total,Vara,2021.0,1.0018857977539108,-14.208847309321277,Linear
4481,crop_yield_total,Vara,2022.0,1.2602610382701056,6.7231485573048015,Linear
4482,crop_yield_total,Varberg,2005.0,1.1577165135612075,4.877474974758837,Linear
4483,crop_yield_total,Varberg,2006.0,0.975044813499324,-12.036799293440948,Linear
4484,crop_yield_total,Varberg,2007.0,1.0988267556214115,-1.2789913594343678,Linear
4485,crop_yield_total,Varberg,2008.0,1.0907872901760762,-2.4040634814898545,Linear
4486,crop_yield_total,Varberg,2009.0,1.2035757734970292,7.246653552350304,Linear
4487,crop_yield_total,Varberg,2010.0,1.0972452927501042,-2.626683800476225,Linear
4488,crop_yield_total,Varberg,2011.0,1.014581219143827,-10.328136919533481,Linear
4489,crop_yield_total,Varberg,2012.0,1.1822844169226183,4.0714578795758625,Linear
4490,crop_yield_total,Varberg,2013.0,1.2913923101208742,13.217945325970026,Linear
4491,crop_yield_total,Varberg,2014.0,1.2802134267944956,11.787667667151034,Linear
4492,crop_yield_total,Varberg,2015.0,1.2814206574477416,11.446047457409819,Linear
4493,crop_yield_total,Varberg,2016.0,1.0702544489789712,-7.2896211799999815,Linear
4494,crop_yield_total,Varberg,2017.0,1.232485496257918,6.34042025688114,Linear
4495,crop_yield_total,Varberg,2018.0,0.759244238215366,-34.75005893241479,Linear
4496,crop_yield_total,Varberg,2019.0,1.2630300026411423,8.11877559671261,Linear
4497,crop_yield_total,Varberg,2020.0,1.2857248330404696,9.630408494608114,Linear
4498,crop_yield_total,Varberg,2021.0,0.9937589630136764,-15.595369958205433,Linear
4499,crop_yield_total,Varberg,2022.0,1.2950090389182771,9.563736479113706,Linear
4500,crop_yield_total,Vaxholm,2005.0,0.8638851144303435,4.123456601783982,Linear
4501,crop_yield_total,Vaxholm,2006.0,0.7961760374702105,-4.3494396240272595,Linear
4502,crop_yield_total,Vaxholm,2007.0,0.9447176049289204,13.128191582466911,Linear
4503,crop_yield_total,Vaxholm,2008.0,0.8459048215493763,0.968363382519387,Linear
4504,crop_yield_total,Vaxholm,2009.0,0.8401403870928377,-0.042545041845959045,Linear
4505,crop_yield_total,Vaxholm,2010.0,0.66868847511859,-20.696714874730503,Linear
4506,crop_yield_total,Vaxholm,2011.0,0.7119163901465887,-15.840176249982301,Linear
4507,crop_yield_total,Vaxholm,2012.0,0.9032651673900608,6.439792293245046,Linear
4508,crop_yield_total,Vaxholm,2013.0,0.8608279315284972,1.1165984620435698,Linear
4509,crop_yield_total,Vaxholm,2014.0,0.9759322246669364,14.274016858345497,Linear
4510,crop_yield_total,Vaxholm,2015.0,0.951615896231716,11.074819791139749,Linear
4511,crop_yield_total,Vaxholm,2016.0,0.8869742599784218,3.203724967909985,Linear
4512,crop_yield_total,Vaxholm,2017.0,0.9438616965452672,9.478150059240049,Linear
4513,crop_yield_total,Vaxholm,2018.0,0.5381786266225995,-37.772186014410934,Linear
4514,crop_yield_total,Vaxholm,2019.0,0.924204043442625,6.5293373042533505,Linear
4515,crop_yield_total,Vaxholm,2020.0,0.9756170608610664,12.105839466191865,Linear
4516,crop_yield_total,Vaxholm,2021.0,0.7661708048626098,-12.234034563915369,Linear
4517,crop_yield_total,Vaxholm,2022.0,0.9500751737717342,8.496159350240287,Linear
4518,crop_yield_total,Vellinge,2005.0,1.2715410196614996,5.605403418170274,Linear
4519,crop_yield_total,Vellinge,2006.0,0.9880305740330608,-18.39403454443511,Linear
4520,crop_yield_total,Vellinge,2007.0,1.2185960287169186,0.09681915867550189,Linear
4521,crop_yield_total,Vellinge,2008.0,1.2059848482957567,-1.4799879103758824,Linear
4522,crop_yield_total,Vellinge,2009.0,1.361061892098226,10.58481994190143,Linear
4523,crop_yield_total,Vellinge,2010.0,1.140333978840678,-7.8495308993354165,Linear
4524,crop_yield_total,Vellinge,2011.0,1.2466775863900117,0.20286793466632383,Linear
4525,crop_yield_total,Vellinge,2012.0,1.3867330008194048,10.864346476382039,Linear
4526,crop_yield_total,Vellinge,2013.0,1.3226697667077745,5.180668965082252,Linear
4527,crop_yield_total,Vellinge,2014.0,1.3584686989172954,7.456294300967267,Linear
4528,crop_yield_total,Vellinge,2015.0,1.412689982584855,11.157546156667356,Linear
4529,crop_yield_total,Vellinge,2016.0,1.1960391112051754,-6.382003623357058,Linear
4530,crop_yield_total,Vellinge,2017.0,1.3711336258318008,6.764655970997115,Linear
4531,crop_yield_total,Vellinge,2018.0,0.8014914208814181,-37.914221878534846,Linear
4532,crop_yield_total,Vellinge,2019.0,1.443761939841756,11.261781440822954,Linear
4533,crop_yield_total,Vellinge,2020.0,1.3625103819553428,4.462143660686606,Linear
4534,crop_yield_total,Vellinge,2021.0,1.1729326989488174,-10.531057162891646,Linear
4535,crop_yield_total,Vellinge,2022.0,1.4348911521578174,8.89540579043737,Linear
4536,crop_yield_total,Vetlanda,2005.0,0.8231413872334318,-0.8592640667811631,Linear
4537,crop_yield_total,Vetlanda,2006.0,0.5560034534115266,-33.403070646717566,Linear
4538,crop_yield_total,Vetlanda,2007.0,0.849246796689325,1.163268024879047,Linear
4539,crop_yield_total,Vetlanda,2008.0,0.8648468917627017,2.4597838808112797,Linear
4540,crop_yield_total,Vetlanda,2009.0,0.955737662069078,12.61366550576091,Linear
4541,crop_yield_total,Vetlanda,2010.0,0.8288845316508049,-2.860158140336783,Linear
4542,crop_yield_total,Vetlanda,2011.0,0.8901894713650824,3.7646463757669086,Linear
4543,crop_yield_total,Vetlanda,2012.0,0.8492997598594791,-1.5299722756819134,Linear
4544,crop_yield_total,Vetlanda,2013.0,1.0676717642114328,23.131533216685725,Linear
4545,crop_yield_total,Vetlanda,2014.0,0.9392187438779384,7.7454625369339585,Linear
4546,crop_yield_total,Vetlanda,2015.0,1.0561296846674046,20.52088336744726,Linear
4547,crop_yield_total,Vetlanda,2016.0,0.9372310403709746,6.393848984720966,Linear
4548,crop_yield_total,Vetlanda,2017.0,0.928127329188098,4.812740211630031,Linear
4549,crop_yield_total,Vetlanda,2018.0,0.5631988071121873,-36.72726135017779,Linear
4550,crop_yield_total,Vetlanda,2019.0,0.8093248144173877,-9.54391905029091,Linear
4551,crop_yield_total,Vetlanda,2020.0,1.0847875870141008,20.62327559831385,Linear
4552,crop_yield_total,Vetlanda,2021.0,0.7657378045122996,-15.28713386704277,Linear
4553,crop_yield_total,Vetlanda,2022.0,0.8804225256753493,-3.093129276275071,Linear
4554,crop_yield_total,Vilhelmina,2005.0,0.5997152914540813,2.0033298419845513,Linear
4555,crop_yield_total,Vilhelmina,2006.0,0.5420010097641708,-9.184642023580958,Linear
4556,crop_yield_total,Vilhelmina,2007.0,0.6802621830803811,12.310834419512577,Linear
4557,crop_yield_total,Vilhelmina,2008.0,0.6360999156635041,3.5023312266729376,Linear
4558,crop_yield_total,Vilhelmina,2009.0,0.6971161896525894,11.815007970441355,Linear
4559,crop_yield_total,Vilhelmina,2010.0,0.5931381304590903,-6.198666036683178,Linear
4560,crop_yield_total,Vilhelmina,2011.0,0.6539314451925182,1.98335121551047,Linear
4561,crop_yield_total,Vilhelmina,2012.0,0.4899514128071317,-24.633690539141078,Linear
4562,crop_yield_total,Vilhelmina,2013.0,0.792572266298926,20.27387808737884,Linear
4563,crop_yield_total,Vilhelmina,2014.0,0.7178294530611921,7.483249163673592,Linear
4564,crop_yield_total,Vilhelmina,2015.0,0.5787659335143877,-14.476331620460645,Linear
4565,crop_yield_total,Vilhelmina,2016.0,0.702490651044222,2.461930345324553,Linear
4566,crop_yield_total,Vilhelmina,2017.0,0.4369589673886949,-37.08211471528296,Linear
4567,crop_yield_total,Vilhelmina,2018.0,0.7141249361109738,1.5290063471217097,Linear
4568,crop_yield_total,Vilhelmina,2019.0,0.8079816394205077,13.44075954313151,Linear
4569,crop_yield_total,Vilhelmina,2020.0,0.8480829008546369,17.604825211206585,Linear
4570,crop_yield_total,Vilhelmina,2021.0,0.6470893408513001,-11.35869697138283,Linear
4571,crop_yield_total,Vilhelmina,2022.0,0.8033160118650817,8.719543514046837,Linear
4572,crop_yield_total,Vimmerby,2005.0,0.8852263816472958,0.7533134834884078,Linear
4573,crop_yield_total,Vimmerby,2006.0,0.6683618846246893,-24.538964088460197,Linear
4574,crop_yield_total,Vimmerby,2007.0,0.869308137215771,-2.6314246941760224,Linear
4575,crop_yield_total,Vimmerby,2008.0,0.917075480489375,1.9087742754838795,Linear
4576,crop_yield_total,Vimmerby,2009.0,0.994757494108262,9.676138849603683,Linear
4577,crop_yield_total,Vimmerby,2010.0,0.7579996469843103,-17.07624421026325,Linear
4578,crop_yield_total,Vimmerby,2011.0,0.8389633990355513,-8.92604812811451,Linear
4579,crop_yield_total,Vimmerby,2012.0,1.119748109964248,20.62532305474832,Linear
4580,crop_yield_total,Vimmerby,2013.0,1.059152318367517,13.231938236534141,Linear
4581,crop_yield_total,Vimmerby,2014.0,1.071787414749727,13.719919367058905,Linear
4582,crop_yield_total,Vimmerby,2015.0,1.1211363551571136,18.066943729224946,Linear
4583,crop_yield_total,Vimmerby,2016.0,1.053595829970825,10.131152334156383,Linear
4584,crop_yield_total,Vimmerby,2017.0,0.998837204675912,3.6384731633330567,Linear
4585,crop_yield_total,Vimmerby,2018.0,0.7004227096110055,-27.855999767212946,Linear
4586,crop_yield_total,Vimmerby,2019.0,0.9540398661139998,-2.446369747567467,Linear
4587,crop_yield_total,Vimmerby,2020.0,1.207105271507816,22.541119097369613,Linear
4588,crop_yield_total,Vimmerby,2021.0,0.7944150994345057,-19.93061150827489,Linear
4589,crop_yield_total,Vimmerby,2022.0,0.8888338922649469,-11.050363993283629,Linear
4590,crop_yield_total,Vindeln,2005.0,0.5997152914540813,2.0033298419845513,Linear
4591,crop_yield_total,Vindeln,2006.0,0.5420010097641708,-9.184642023580958,Linear
4592,crop_yield_total,Vindeln,2007.0,0.6802621830803811,12.310834419512577,Linear
4593,crop_yield_total,Vindeln,2008.0,0.6360999156635041,3.5023312266729376,Linear
4594,crop_yield_total,Vindeln,2009.0,0.6971161896525894,11.815007970441355,Linear
4595,crop_yield_total,Vindeln,2010.0,0.5931381304590903,-6.198666036683178,Linear
4596,crop_yield_total,Vindeln,2011.0,0.6539314451925182,1.98335121551047,Linear
4597,crop_yield_total,Vindeln,2012.0,0.4899514128071317,-24.633690539141078,Linear
4598,crop_yield_total,Vindeln,2013.0,0.792572266298926,20.27387808737884,Linear
4599,crop_yield_total,Vindeln,2014.0,0.7178294530611921,7.483249163673592,Linear
4600,crop_yield_total,Vindeln,2015.0,0.5787659335143877,-14.476331620460645,Linear
4601,crop_yield_total,Vindeln,2016.0,0.702490651044222,2.461930345324553,Linear
4602,crop_yield_total,Vindeln,2017.0,0.4369589673886949,-37.08211471528296,Linear
4603,crop_yield_total,Vindeln,2018.0,0.7141249361109738,1.5290063471217097,Linear
4604,crop_yield_total,Vindeln,2019.0,0.8079816394205077,13.44075954313151,Linear
4605,crop_yield_total,Vindeln,2020.0,0.8480829008546369,17.604825211206585,Linear
4606,crop_yield_total,Vindeln,2021.0,0.6470893408513001,-11.35869697138283,Linear
4607,crop_yield_total,Vindeln,2022.0,0.8033160118650817,8.719543514046837,Linear
4608,crop_yield_total,Vingåker,2005.0,0.9307631680143256,1.7079569972195243,Linear
4609,crop_yield_total,Vingåker,2006.0,0.8429914883003611,-8.28690097555507,Linear
4610,crop_yield_total,Vingåker,2007.0,0.9929789779539376,7.559558997714591,Linear
4611,crop_yield_total,Vingåker,2008.0,0.9863713187967076,6.379622069906193,Linear
4612,crop_yield_total,Vingåker,2009.0,0.9533205348426596,2.370353276455031,Linear
4613,crop_yield_total,Vingåker,2010.0,0.6986717556125399,-25.297727362975003,Linear
4614,crop_yield_total,Vingåker,2011.0,0.8874995763627134,-5.515142506690992,Linear
4615,crop_yield_total,Vingåker,2012.0,0.9575477174280252,1.506978801155693,Linear
4616,crop_yield_total,Vingåker,2013.0,0.9447651479078376,-0.2739359156199553,Linear
4617,crop_yield_total,Vingåker,2014.0,1.074392400619184,12.928857444333609,Linear
4618,crop_yield_total,Vingåker,2015.0,1.135069034994538,18.803506825012544,Linear
4619,crop_yield_total,Vingåker,2016.0,1.0546403117123333,9.921855360710746,Linear
4620,crop_yield_total,Vingåker,2017.0,1.0436038604785798,8.316773410115374,Linear
4621,crop_yield_total,Vingåker,2018.0,0.6612685665841174,-31.651991659770434,Linear
4622,crop_yield_total,Vingåker,2019.0,1.0681557633071428,9.945649506140168,Linear
4623,crop_yield_total,Vingåker,2020.0,0.9141029349645544,-6.2995864296704,Linear
4624,crop_yield_total,Vingåker,2021.0,0.9055002125016434,-7.563113360571995,Linear
4625,crop_yield_total,Vingåker,2022.0,1.0370983964731302,5.437332264759273,Linear
4626,crop_yield_total,Vänersborg,2005.0,1.0055775540286578,4.854664299363881,Linear
4627,crop_yield_total,Vänersborg,2006.0,0.9190178175231424,-5.45767794494796,Linear
4628,crop_yield_total,Vänersborg,2007.0,1.039546690973581,5.52485468698662,Linear
4629,crop_yield_total,Vänersborg,2008.0,0.9643324682492214,-3.389973889170226,Linear
4630,crop_yield_total,Vänersborg,2009.0,0.9637485848478334,-4.694481199289803,Linear
4631,crop_yield_total,Vänersborg,2010.0,0.991837523461424,-3.1664057875009326,Linear
4632,crop_yield_total,Vänersborg,2011.0,0.973209892013432,-6.1803613154120365,Linear
4633,crop_yield_total,Vänersborg,2012.0,1.0141421672435171,-3.4490510855308756,Linear
4634,crop_yield_total,Vänersborg,2013.0,1.1492429440193683,8.070474555781312,Linear
4635,crop_yield_total,Vänersborg,2014.0,1.1314663550056376,5.1089677148457415,Linear
4636,crop_yield_total,Vänersborg,2015.0,1.1883999248819652,9.075568901381246,Linear
4637,crop_yield_total,Vänersborg,2016.0,1.131833670084348,2.654155792784723,Linear
4638,crop_yield_total,Vänersborg,2017.0,1.2259176374746878,9.886697024965224,Linear
4639,crop_yield_total,Vänersborg,2018.0,0.8499847563868758,-24.69144888409895,Linear
4640,crop_yield_total,Vänersborg,2019.0,1.2750592219829564,11.678842277680355,Linear
4641,crop_yield_total,Vänersborg,2020.0,1.1735438698645833,1.6258076435071667,Linear
4642,crop_yield_total,Vänersborg,2021.0,1.0018857977539108,-14.208847309321277,Linear
4643,crop_yield_total,Vänersborg,2022.0,1.2602610382701056,6.7231485573048015,Linear
4644,crop_yield_total,Vännäs,2005.0,0.5997152914540813,2.0033298419845513,Linear
4645,crop_yield_total,Vännäs,2006.0,0.5420010097641708,-9.184642023580958,Linear
4646,crop_yield_total,Vännäs,2007.0,0.6802621830803811,12.310834419512577,Linear
4647,crop_yield_total,Vännäs,2008.0,0.6360999156635041,3.5023312266729376,Linear
4648,crop_yield_total,Vännäs,2009.0,0.6971161896525894,11.815007970441355,Linear
4649,crop_yield_total,Vännäs,2010.0,0.5931381304590903,-6.198666036683178,Linear
4650,crop_yield_total,Vännäs,2011.0,0.6539314451925182,1.98335121551047,Linear
4651,crop_yield_total,Vännäs,2012.0,0.4899514128071317,-24.633690539141078,Linear
4652,crop_yield_total,Vännäs,2013.0,0.792572266298926,20.27387808737884,Linear
4653,crop_yield_total,Vännäs,2014.0,0.7178294530611921,7.483249163673592,Linear
4654,crop_yield_total,Vännäs,2015.0,0.5787659335143877,-14.476331620460645,Linear
4655,crop_yield_total,Vännäs,2016.0,0.702490651044222,2.461930345324553,Linear
4656,crop_yield_total,Vännäs,2017.0,0.4369589673886949,-37.08211471528296,Linear
4657,crop_yield_total,Vännäs,2018.0,0.7141249361109738,1.5290063471217097,Linear
4658,crop_yield_total,Vännäs,2019.0,0.8079816394205077,13.44075954313151,Linear
4659,crop_yield_total,Vännäs,2020.0,0.8480829008546369,17.604825211206585,Linear
4660,crop_yield_total,Vännäs,2021.0,0.6470893408513001,-11.35869697138283,Linear
4661,crop_yield_total,Vännäs,2022.0,0.8033160118650817,8.719543514046837,Linear
4662,crop_yield_total,Värmdö,2005.0,0.8638851144303435,4.123456601783982,Linear
4663,crop_yield_total,Värmdö,2006.0,0.7961760374702105,-4.3494396240272595,Linear
4664,crop_yield_total,Värmdö,2007.0,0.9447176049289204,13.128191582466911,Linear
4665,crop_yield_total,Värmdö,2008.0,0.8459048215493763,0.968363382519387,Linear
4666,crop_yield_total,Värmdö,2009.0,0.8401403870928377,-0.042545041845959045,Linear
4667,crop_yield_total,Värmdö,2010.0,0.66868847511859,-20.696714874730503,Linear
4668,crop_yield_total,Värmdö,2011.0,0.7119163901465887,-15.840176249982301,Linear
4669,crop_yield_total,Värmdö,2012.0,0.9032651673900608,6.439792293245046,Linear
4670,crop_yield_total,Värmdö,2013.0,0.8608279315284972,1.1165984620435698,Linear
4671,crop_yield_total,Värmdö,2014.0,0.9759322246669364,14.274016858345497,Linear
4672,crop_yield_total,Värmdö,2015.0,0.951615896231716,11.074819791139749,Linear
4673,crop_yield_total,Värmdö,2016.0,0.8869742599784218,3.203724967909985,Linear
4674,crop_yield_total,Värmdö,2017.0,0.9438616965452672,9.478150059240049,Linear
4675,crop_yield_total,Värmdö,2018.0,0.5381786266225995,-37.772186014410934,Linear
4676,crop_yield_total,Värmdö,2019.0,0.924204043442625,6.5293373042533505,Linear
4677,crop_yield_total,Värmdö,2020.0,0.9756170608610664,12.105839466191865,Linear
4678,crop_yield_total,Värmdö,2021.0,0.7661708048626098,-12.234034563915369,Linear
4679,crop_yield_total,Värmdö,2022.0,0.9500751737717342,8.496159350240287,Linear
4680,crop_yield_total,Värnamo,2005.0,0.8231413872334318,-0.8592640667811631,Linear
4681,crop_yield_total,Värnamo,2006.0,0.5560034534115266,-33.403070646717566,Linear
4682,crop_yield_total,Värnamo,2007.0,0.849246796689325,1.163268024879047,Linear
4683,crop_yield_total,Värnamo,2008.0,0.8648468917627017,2.4597838808112797,Linear
4684,crop_yield_total,Värnamo,2009.0,0.955737662069078,12.61366550576091,Linear
4685,crop_yield_total,Värnamo,2010.0,0.8288845316508049,-2.860158140336783,Linear
4686,crop_yield_total,Värnamo,2011.0,0.8901894713650824,3.7646463757669086,Linear
4687,crop_yield_total,Värnamo,2012.0,0.8492997598594791,-1.5299722756819134,Linear
4688,crop_yield_total,Värnamo,2013.0,1.0676717642114328,23.131533216685725,Linear
4689,crop_yield_total,Värnamo,2014.0,0.9392187438779384,7.7454625369339585,Linear
4690,crop_yield_total,Värnamo,2015.0,1.0561296846674046,20.52088336744726,Linear
4691,crop_yield_total,Värnamo,2016.0,0.9372310403709746,6.393848984720966,Linear
4692,crop_yield_total,Värnamo,2017.0,0.928127329188098,4.812740211630031,Linear
4693,crop_yield_total,Värnamo,2018.0,0.5631988071121873,-36.72726135017779,Linear
4694,crop_yield_total,Värnamo,2019.0,0.8093248144173877,-9.54391905029091,Linear
4695,crop_yield_total,Värnamo,2020.0,1.0847875870141008,20.62327559831385,Linear
4696,crop_yield_total,Värnamo,2021.0,0.7657378045122996,-15.28713386704277,Linear
4697,crop_yield_total,Värnamo,2022.0,0.8804225256753493,-3.093129276275071,Linear
4698,crop_yield_total,Västervik,2005.0,0.8852263816472958,0.7533134834884078,Linear
4699,crop_yield_total,Västervik,2006.0,0.6683618846246893,-24.538964088460197,Linear
4700,crop_yield_total,Västervik,2007.0,0.869308137215771,-2.6314246941760224,Linear
4701,crop_yield_total,Västervik,2008.0,0.917075480489375,1.9087742754838795,Linear
4702,crop_yield_total,Västervik,2009.0,0.994757494108262,9.676138849603683,Linear
4703,crop_yield_total,Västervik,2010.0,0.7579996469843103,-17.07624421026325,Linear
4704,crop_yield_total,Västervik,2011.0,0.8389633990355513,-8.92604812811451,Linear
4705,crop_yield_total,Västervik,2012.0,1.119748109964248,20.62532305474832,Linear
4706,crop_yield_total,Västervik,2013.0,1.059152318367517,13.231938236534141,Linear
4707,crop_yield_total,Västervik,2014.0,1.071787414749727,13.719919367058905,Linear
4708,crop_yield_total,Västervik,2015.0,1.1211363551571136,18.066943729224946,Linear
4709,crop_yield_total,Västervik,2016.0,1.053595829970825,10.131152334156383,Linear
4710,crop_yield_total,Västervik,2017.0,0.998837204675912,3.6384731633330567,Linear
4711,crop_yield_total,Västervik,2018.0,0.7004227096110055,-27.855999767212946,Linear
4712,crop_yield_total,Västervik,2019.0,0.9540398661139998,-2.446369747567467,Linear
4713,crop_yield_total,Västervik,2020.0,1.207105271507816,22.541119097369613,Linear
4714,crop_yield_total,Västervik,2021.0,0.7944150994345057,-19.93061150827489,Linear
4715,crop_yield_total,Västervik,2022.0,0.8888338922649469,-11.050363993283629,Linear
4716,crop_yield_total,Västerås,2005.0,0.9427607030073076,0.2226226995416576,Linear
4717,crop_yield_total,Västerås,2006.0,0.8629659142617158,-8.713963460031414,Linear
4718,crop_yield_total,Västerås,2007.0,1.0704214342140037,12.673698382531729,Linear
4719,crop_yield_total,Västerås,2008.0,1.0045482589910382,5.221896247751371,Linear
4720,crop_yield_total,Västerås,2009.0,0.9435524400494516,-1.6488717923999159,Linear
4721,crop_yield_total,Västerås,2010.0,0.7548250396513732,-21.702498120220742,Linear
4722,crop_yield_total,Västerås,2011.0,0.9008989559154844,-7.001442454745173,Linear
4723,crop_yield_total,Västerås,2012.0,0.8734032144686694,-10.272915580899406,Linear
4724,crop_yield_total,Västerås,2013.0,1.0945607891226798,11.909594031070391,Linear
4725,crop_yield_total,Västerås,2014.0,1.0646584374642794,8.33438580665245,Linear
4726,crop_yield_total,Västerås,2015.0,1.2109268595278535,22.634414410976614,Linear
4727,crop_yield_total,Västerås,2016.0,1.0570271061311196,6.543936244245676,Linear
4728,crop_yield_total,Västerås,2017.0,1.1537407654846996,15.74671219527765,Linear
4729,crop_yield_total,Västerås,2018.0,0.6036946074108144,-39.718355337210326,Linear
4730,crop_yield_total,Västerås,2019.0,1.131142348636754,12.424741548480442,Linear
4731,crop_yield_total,Västerås,2020.0,1.1228939299893157,11.088624809727666,Linear
4732,crop_yield_total,Västerås,2021.0,0.8056894916477705,-20.659657480631115,Linear
4733,crop_yield_total,Västerås,2022.0,1.049741748899704,2.8995714285767233,Linear
4734,crop_yield_total,Växjö,2005.0,0.9241027939558316,13.295656079271042,Linear
4735,crop_yield_total,Växjö,2006.0,0.5090195355740915,-38.23359476205604,Linear
4736,crop_yield_total,Växjö,2007.0,0.6282627607964323,-24.537752102687552,Linear
4737,crop_yield_total,Växjö,2008.0,0.8528419139946987,1.4080006768280708,Linear
4738,crop_yield_total,Växjö,2009.0,0.9414080229293872,10.825748018117128,Linear
4739,crop_yield_total,Växjö,2010.0,0.8422435080832097,-1.8246406043347163,Linear
4740,crop_yield_total,Växjö,2011.0,0.9218867529432766,6.411011459858389,Linear
4741,crop_yield_total,Växjö,2012.0,0.99394093781274,13.620067972014619,Linear
4742,crop_yield_total,Växjö,2013.0,1.0114301335155174,14.513405580761868,Linear
4743,crop_yield_total,Växjö,2014.0,0.961436714384744,7.821869000716501,Linear
4744,crop_yield_total,Växjö,2015.0,1.0685233800176586,18.706603577309625,Linear
4745,crop_yield_total,Växjö,2016.0,1.02138481083079,12.414724144673727,Linear
4746,crop_yield_total,Växjö,2017.0,0.927722815230048,1.1655261216516506,Linear
4747,crop_yield_total,Växjö,2018.0,0.8041108595784098,-13.11444125415563,Linear
4748,crop_yield_total,Växjö,2019.0,0.9941882166993494,6.452002824544373,Linear
4749,crop_yield_total,Växjö,2020.0,1.0854010147308906,15.17667627380604,Linear
4750,crop_yield_total,Växjö,2021.0,0.6351669328902887,-33.198502797654584,Linear
4751,crop_yield_total,Växjö,2022.0,0.8513131526625174,-11.254581154621047,Linear
4752,crop_yield_total,Vårgårda,2005.0,1.0055775540286578,4.854664299363881,Linear
4753,crop_yield_total,Vårgårda,2006.0,0.9190178175231424,-5.45767794494796,Linear
4754,crop_yield_total,Vårgårda,2007.0,1.039546690973581,5.52485468698662,Linear
4755,crop_yield_total,Vårgårda,2008.0,0.9643324682492214,-3.389973889170226,Linear
4756,crop_yield_total,Vårgårda,2009.0,0.9637485848478334,-4.694481199289803,Linear
4757,crop_yield_total,Vårgårda,2010.0,0.991837523461424,-3.1664057875009326,Linear
4758,crop_yield_total,Vårgårda,2011.0,0.973209892013432,-6.1803613154120365,Linear
4759,crop_yield_total,Vårgårda,2012.0,1.0141421672435171,-3.4490510855308756,Linear
4760,crop_yield_total,Vårgårda,2013.0,1.1492429440193683,8.070474555781312,Linear
4761,crop_yield_total,Vårgårda,2014.0,1.1314663550056376,5.1089677148457415,Linear
4762,crop_yield_total,Vårgårda,2015.0,1.1883999248819652,9.075568901381246,Linear
4763,crop_yield_total,Vårgårda,2016.0,1.131833670084348,2.654155792784723,Linear
4764,crop_yield_total,Vårgårda,2017.0,1.2259176374746878,9.886697024965224,Linear
4765,crop_yield_total,Vårgårda,2018.0,0.8499847563868758,-24.69144888409895,Linear
4766,crop_yield_total,Vårgårda,2019.0,1.2750592219829564,11.678842277680355,Linear
4767,crop_yield_total,Vårgårda,2020.0,1.1735438698645833,1.6258076435071667,Linear
4768,crop_yield_total,Vårgårda,2021.0,1.0018857977539108,-14.208847309321277,Linear
4769,crop_yield_total,Vårgårda,2022.0,1.2602610382701056,6.7231485573048015,Linear
4770,crop_yield_total,Ydre,2005.0,1.054079468326702,4.824488907109136,Linear
4771,crop_yield_total,Ydre,2006.0,0.9473759046331852,-6.507615610605639,Linear
4772,crop_yield_total,Ydre,2007.0,1.0961947173319928,7.357287528236063,Linear
4773,crop_yield_total,Ydre,2008.0,1.0399185958491992,1.078347129715196,Linear
4774,crop_yield_total,Ydre,2009.0,1.0740680056902232,3.616803622886712,Linear
4775,crop_yield_total,Ydre,2010.0,0.8305849052082035,-20.467183355935063,Linear
4776,crop_yield_total,Ydre,2011.0,0.9655274588508276,-8.227024788475939,Linear
4777,crop_yield_total,Ydre,2012.0,1.0885857289234822,2.7127259193219615,Linear
4778,crop_yield_total,Ydre,2013.0,1.0852602814823216,1.6553415518023573,Linear
4779,crop_yield_total,Ydre,2014.0,1.1179924244581017,3.966335194639158,Linear
4780,crop_yield_total,Ydre,2015.0,1.2138214566192589,12.069862433726604,Linear
4781,crop_yield_total,Ydre,2016.0,1.1264715682251747,3.2658370510541186,Linear
4782,crop_yield_total,Ydre,2017.0,1.2308955696899149,12.042292651243706,Linear
4783,crop_yield_total,Ydre,2018.0,0.8789600225750852,-20.55329806371168,Linear
4784,crop_yield_total,Ydre,2019.0,1.2372919044802912,11.057072301978126,Linear
4785,crop_yield_total,Ydre,2020.0,1.1462510719938417,2.1744087202652977,Linear
4786,crop_yield_total,Ydre,2021.0,1.020583593560406,-9.651690439732137,Linear
4787,crop_yield_total,Ydre,2022.0,1.1324970309639304,-0.42781244002577506,Linear
4788,crop_yield_total,Ystad,2005.0,1.2715410196614996,5.605403418170274,Linear
4789,crop_yield_total,Ystad,2006.0,0.9880305740330608,-18.39403454443511,Linear
4790,crop_yield_total,Ystad,2007.0,1.2185960287169186,0.09681915867550189,Linear
4791,crop_yield_total,Ystad,2008.0,1.2059848482957567,-1.4799879103758824,Linear
4792,crop_yield_total,Ystad,2009.0,1.361061892098226,10.58481994190143,Linear
4793,crop_yield_total,Ystad,2010.0,1.140333978840678,-7.8495308993354165,Linear
4794,crop_yield_total,Ystad,2011.0,1.2466775863900117,0.20286793466632383,Linear
4795,crop_yield_total,Ystad,2012.0,1.3867330008194048,10.864346476382039,Linear
4796,crop_yield_total,Ystad,2013.0,1.3226697667077745,5.180668965082252,Linear
4797,crop_yield_total,Ystad,2014.0,1.3584686989172954,7.456294300967267,Linear
4798,crop_yield_total,Ystad,2015.0,1.412689982584855,11.157546156667356,Linear
4799,crop_yield_total,Ystad,2016.0,1.1960391112051754,-6.382003623357058,Linear
4800,crop_yield_total,Ystad,2017.0,1.3711336258318008,6.764655970997115,Linear
4801,crop_yield_total,Ystad,2018.0,0.8014914208814181,-37.914221878534846,Linear
4802,crop_yield_total,Ystad,2019.0,1.443761939841756,11.261781440822954,Linear
4803,crop_yield_total,Ystad,2020.0,1.3625103819553428,4.462143660686606,Linear
4804,crop_yield_total,Ystad,2021.0,1.1729326989488174,-10.531057162891646,Linear
4805,crop_yield_total,Ystad,2022.0,1.4348911521578174,8.89540579043737,Linear
4806,crop_yield_total,Älmhult,2005.0,0.9241027939558316,13.295656079271042,Linear
4807,crop_yield_total,Älmhult,2006.0,0.5090195355740915,-38.23359476205604,Linear
4808,crop_yield_total,Älmhult,2007.0,0.6282627607964323,-24.537752102687552,Linear
4809,crop_yield_total,Älmhult,2008.0,0.8528419139946987,1.4080006768280708,Linear
4810,crop_yield_total,Älmhult,2009.0,0.9414080229293872,10.825748018117128,Linear
4811,crop_yield_total,Älmhult,2010.0,0.8422435080832097,-1.8246406043347163,Linear
4812,crop_yield_total,Älmhult,2011.0,0.9218867529432766,6.411011459858389,Linear
4813,crop_yield_total,Älmhult,2012.0,0.99394093781274,13.620067972014619,Linear
4814,crop_yield_total,Älmhult,2013.0,1.0114301335155174,14.513405580761868,Linear
4815,crop_yield_total,Älmhult,2014.0,0.961436714384744,7.821869000716501,Linear
4816,crop_yield_total,Älmhult,2015.0,1.0685233800176586,18.706603577309625,Linear
4817,crop_yield_total,Älmhult,2016.0,1.02138481083079,12.414724144673727,Linear
4818,crop_yield_total,Älmhult,2017.0,0.927722815230048,1.1655261216516506,Linear
4819,crop_yield_total,Älmhult,2018.0,0.8041108595784098,-13.11444125415563,Linear
4820,crop_yield_total,Älmhult,2019.0,0.9941882166993494,6.452002824544373,Linear
4821,crop_yield_total,Älmhult,2020.0,1.0854010147308906,15.17667627380604,Linear
4822,crop_yield_total,Älmhult,2021.0,0.6351669328902887,-33.198502797654584,Linear
4823,crop_yield_total,Älmhult,2022.0,0.8513131526625174,-11.254581154621047,Linear
4824,crop_yield_total,Älvdalen,2005.0,0.7932935245294663,1.5030905263688548,Linear
4825,crop_yield_total,Älvdalen,2006.0,0.6748350447231509,-14.175038060340519,Linear
4826,crop_yield_total,Älvdalen,2007.0,0.9674290899187774,22.298630137352166,Linear
4827,crop_yield_total,Älvdalen,2008.0,0.7788202824324088,-2.1317559923339537,Linear
4828,crop_yield_total,Älvdalen,2009.0,0.7657746700573635,-4.34160704346819,Linear
4829,crop_yield_total,Älvdalen,2010.0,0.6294649850731975,-21.8324560253873,Linear
4830,crop_yield_total,Älvdalen,2011.0,0.847385917040815,4.612606738756432,Linear
4831,crop_yield_total,Älvdalen,2012.0,0.7162034987169751,-12.097339044497629,Linear
4832,crop_yield_total,Älvdalen,2013.0,0.9642252173328064,17.658039511066008,Linear
4833,crop_yield_total,Älvdalen,2014.0,0.8656623164362899,5.022835480563956,Linear
4834,crop_yield_total,Älvdalen,2015.0,0.8977755207393596,8.29527050555989,Linear
4835,crop_yield_total,Älvdalen,2016.0,0.8694963301478308,4.287011631971183,Linear
4836,crop_yield_total,Älvdalen,2017.0,0.965222153520472,15.113050346299497,Linear
4837,crop_yield_total,Älvdalen,2018.0,0.5989120311880992,-28.97535944958592,Linear
4838,crop_yield_total,Älvdalen,2019.0,1.0269848340393724,21.10791326393559,Linear
4839,crop_yield_total,Älvdalen,2020.0,0.7972889307343404,-6.502432130388589,Linear
4840,crop_yield_total,Älvdalen,2021.0,0.7571545158990021,-11.700419966247683,Linear
4841,crop_yield_total,Älvdalen,2022.0,0.8780550029939568,1.835380286655701,Linear
4842,crop_yield_total,Älvkarleby,2005.0,1.0053307651718697,3.2220781010226185,Linear
4843,crop_yield_total,Älvkarleby,2006.0,0.9351008356118972,-4.209226183415208,Linear
4844,crop_yield_total,Älvkarleby,2007.0,1.071372009663783,9.498818650240286,Linear
4845,crop_yield_total,Älvkarleby,2008.0,1.0299218561757943,5.021832760656003,Linear
4846,crop_yield_total,Älvkarleby,2009.0,0.9901292402231364,0.7339013992325626,Linear
4847,crop_yield_total,Älvkarleby,2010.0,0.8688880507000445,-11.802088495935818,Linear
4848,crop_yield_total,Älvkarleby,2011.0,0.7868676549133022,-20.309027453518713,Linear
4849,crop_yield_total,Älvkarleby,2012.0,0.9612142936646394,-2.872357221944868,Linear
4850,crop_yield_total,Älvkarleby,2013.0,0.9691109398589391,-2.295729200418359,Linear
4851,crop_yield_total,Älvkarleby,2014.0,1.1044953315212325,11.102434996692768,Linear
4852,crop_yield_total,Älvkarleby,2015.0,1.176399562784826,18.069139054950902,Linear
4853,crop_yield_total,Älvkarleby,2016.0,1.085287334789325,8.680173779040604,Linear
4854,crop_yield_total,Älvkarleby,2017.0,1.0907951359539596,8.987080132144587,Linear
4855,crop_yield_total,Älvkarleby,2018.0,0.5970288556207626,-40.481008901375674,Linear
4856,crop_yield_total,Älvkarleby,2019.0,1.1311635375464586,12.516501255952923,Linear
4857,crop_yield_total,Älvkarleby,2020.0,1.1374119682672146,12.886330839238935,Linear
4858,crop_yield_total,Älvkarleby,2021.0,0.9207329382323431,-8.821564758911776,Linear
4859,crop_yield_total,Älvkarleby,2022.0,1.012797262496733,0.07325018444391168,Linear
4860,crop_yield_total,Älvsbyn,2005.0,0.4922962630521896,-4.471520669228847,Linear
4861,crop_yield_total,Älvsbyn,2006.0,0.5843836788284416,12.655771708420874,Linear
4862,crop_yield_total,Älvsbyn,2007.0,0.6062698266333174,16.115169373794757,Linear
4863,crop_yield_total,Älvsbyn,2008.0,0.5791900908704196,10.212313219420464,Linear
4864,crop_yield_total,Älvsbyn,2009.0,0.5822199590021587,10.07791355399643,Linear
4865,crop_yield_total,Älvsbyn,2010.0,0.5465485355333007,2.6747902509486643,Linear
4866,crop_yield_total,Älvsbyn,2011.0,0.2751106809097622,-48.6450645593767,Linear
4867,crop_yield_total,Älvsbyn,2012.0,0.3440891592200569,-36.17323895990114,Linear
4868,crop_yield_total,Älvsbyn,2013.0,0.7167427405799807,32.12025844110137,Linear
4869,crop_yield_total,Älvsbyn,2014.0,0.6585647664901455,20.641269722796984,Linear
4870,crop_yield_total,Älvsbyn,2015.0,0.404048769726256,-26.440413133353847,Linear
4871,crop_yield_total,Älvsbyn,2016.0,0.6032614872879074,9.153021301405936,Linear
4872,crop_yield_total,Älvsbyn,2017.0,0.3250606904726549,-41.54311597827825,Linear
4873,crop_yield_total,Älvsbyn,2018.0,0.6279705794816417,12.245188616932843,Linear
4874,crop_yield_total,Älvsbyn,2019.0,0.6143768867828727,9.153211547261158,Linear
4875,crop_yield_total,Älvsbyn,2020.0,0.7459271262863484,31.73071688816067,Linear
4876,crop_yield_total,Älvsbyn,2021.0,0.4608645374282721,-19.09626822128907,Linear
4877,crop_yield_total,Älvsbyn,2022.0,0.628489605680998,9.67645118493726,Linear
4878,crop_yield_total,Ängelholm,2005.0,1.2715410196614996,5.605403418170274,Linear
4879,crop_yield_total,Ängelholm,2006.0,0.9880305740330608,-18.39403454443511,Linear
4880,crop_yield_total,Ängelholm,2007.0,1.2185960287169186,0.09681915867550189,Linear
4881,crop_yield_total,Ängelholm,2008.0,1.2059848482957567,-1.4799879103758824,Linear
4882,crop_yield_total,Ängelholm,2009.0,1.361061892098226,10.58481994190143,Linear
4883,crop_yield_total,Ängelholm,2010.0,1.140333978840678,-7.8495308993354165,Linear
4884,crop_yield_total,Ängelholm,2011.0,1.2466775863900117,0.20286793466632383,Linear
4885,crop_yield_total,Ängelholm,2012.0,1.3867330008194048,10.864346476382039,Linear
4886,crop_yield_total,Ängelholm,2013.0,1.3226697667077745,5.180668965082252,Linear
4887,crop_yield_total,Ängelholm,2014.0,1.3584686989172954,7.456294300967267,Linear
4888,crop_yield_total,Ängelholm,2015.0,1.412689982584855,11.157546156667356,Linear
4889,crop_yield_total,Ängelholm,2016.0,1.1960391112051754,-6.382003623357058,Linear
4890,crop_yield_total,Ängelholm,2017.0,1.3711336258318008,6.764655970997115,Linear
4891,crop_yield_total,Ängelholm,2018.0,0.8014914208814181,-37.914221878534846,Linear
4892,crop_yield_total,Ängelholm,2019.0,1.443761939841756,11.261781440822954,Linear
4893,crop_yield_total,Ängelholm,2020.0,1.3625103819553428,4.462143660686606,Linear
4894,crop_yield_total,Ängelholm,2021.0,1.1729326989488174,-10.531057162891646,Linear
4895,crop_yield_total,Ängelholm,2022.0,1.4348911521578174,8.89540579043737,Linear
4896,crop_yield_total,Åmål,2005.0,1.0055775540286578,4.854664299363881,Linear
4897,crop_yield_total,Åmål,2006.0,0.9190178175231424,-5.45767794494796,Linear
4898,crop_yield_total,Åmål,2007.0,1.039546690973581,5.52485468698662,Linear
4899,crop_yield_total,Åmål,2008.0,0.9643324682492214,-3.389973889170226,Linear
4900,crop_yield_total,Åmål,2009.0,0.9637485848478334,-4.694481199289803,Linear
4901,crop_yield_total,Åmål,2010.0,0.991837523461424,-3.1664057875009326,Linear
4902,crop_yield_total,Åmål,2011.0,0.973209892013432,-6.1803613154120365,Linear
4903,crop_yield_total,Åmål,2012.0,1.0141421672435171,-3.4490510855308756,Linear
4904,crop_yield_total,Åmål,2013.0,1.1492429440193683,8.070474555781312,Linear
4905,crop_yield_total,Åmål,2014.0,1.1314663550056376,5.1089677148457415,Linear
4906,crop_yield_total,Åmål,2015.0,1.1883999248819652,9.075568901381246,Linear
4907,crop_yield_total,Åmål,2016.0,1.131833670084348,2.654155792784723,Linear
4908,crop_yield_total,Åmål,2017.0,1.2259176374746878,9.886697024965224,Linear
4909,crop_yield_total,Åmål,2018.0,0.8499847563868758,-24.69144888409895,Linear
4910,crop_yield_total,Åmål,2019.0,1.2750592219829564,11.678842277680355,Linear
4911,crop_yield_total,Åmål,2020.0,1.1735438698645833,1.6258076435071667,Linear
4912,crop_yield_total,Åmål,2021.0,1.0018857977539108,-14.208847309321277,Linear
4913,crop_yield_total,Åmål,2022.0,1.2602610382701056,6.7231485573048015,Linear
4914,crop_yield_total,Ånge,2005.0,0.405716124253022,-14.538851730615496,Linear
4915,crop_yield_total,Ånge,2006.0,0.4405536903777288,-7.420416325119559,Linear
4916,crop_yield_total,Ånge,2007.0,0.5665023239527519,18.765537157933856,Linear
4917,crop_yield_total,Ånge,2008.0,0.5851759169971396,22.39113814111378,Linear
4918,crop_yield_total,Ånge,2009.0,0.5108171468615413,6.5874808627078965,Linear
4919,crop_yield_total,Ånge,2010.0,0.5402141367963924,12.456944936342659,Linear
4920,crop_yield_total,Ånge,2011.0,0.3988727225226394,-17.160652302630165,Linear
4921,crop_yield_total,Ånge,2012.0,0.3157347872296728,-34.580210093683064,Linear
4922,crop_yield_total,Ånge,2013.0,0.5430638340350372,12.259819373869114,Linear
4923,crop_yield_total,Ånge,2014.0,0.5241662924701359,8.101483198714824,Linear
4924,crop_yield_total,Ånge,2015.0,0.4869763826010071,0.19866052788929683,Linear
4925,crop_yield_total,Ånge,2016.0,0.4878102462698445,0.13795653442574904,Linear
4926,crop_yield_total,Ånge,2017.0,0.4097093931925203,-16.088817148865495,Linear
4927,crop_yield_total,Ånge,2018.0,0.366556152981693,-25.099819012851178,Linear
4928,crop_yield_total,Ånge,2019.0,0.4667876411095785,-4.838246150437312,Linear
4929,crop_yield_total,Ånge,2020.0,0.7347917460995113,49.45497878376459,Linear
4930,crop_yield_total,Ånge,2021.0,0.4492547972519529,-8.831637562409869,Linear
4931,crop_yield_total,Ånge,2022.0,0.4850542561779244,-1.7914415626486182,Linear
4932,crop_yield_total,Åre,2005.0,0.5386685832524567,1.6684031732417788,Linear
4933,crop_yield_total,Åre,2006.0,0.5716640255240031,5.296530717507908,Linear
4934,crop_yield_total,Åre,2007.0,0.6387991320200345,14.894307060129828,Linear
4935,crop_yield_total,Åre,2008.0,0.6133982500520537,7.7899180084831325,Linear
4936,crop_yield_total,Åre,2009.0,0.5755726745561547,-1.1295098772375691,Linear
4937,crop_yield_total,Åre,2010.0,0.4948392123544244,-16.865587451308155,Linear
4938,crop_yield_total,Åre,2011.0,0.6342877031387509,4.270866839610898,Linear
4939,crop_yield_total,Åre,2012.0,0.4430765555638761,-28.69561060806209,Linear
4940,crop_yield_total,Åre,2013.0,0.6835720052304225,7.739519057898092,Linear
4941,crop_yield_total,Åre,2014.0,0.6791930272547687,4.887048515847922,Linear
4942,crop_yield_total,Åre,2015.0,0.6173417805900856,-6.5521258297250595,Linear
4943,crop_yield_total,Åre,2016.0,0.6843354626431076,1.5776567280311522,Linear
4944,crop_yield_total,Åre,2017.0,0.7549444287509498,9.924182880788628,Linear
4945,crop_yield_total,Åre,2018.0,0.5465661022631311,-21.904209797292467,Linear
4946,crop_yield_total,Åre,2019.0,0.68138574082137,-4.426749682897652,Linear
4947,crop_yield_total,Åre,2020.0,0.8396651651231447,15.65223652294534,Linear
4948,crop_yield_total,Åre,2021.0,0.7373673597804423,-0.23519183524097217,Linear
4949,crop_yield_total,Åre,2022.0,0.8034521703268026,6.8156987409596805,Linear
4950,crop_yield_total,Årjäng,2005.0,0.8132780307437152,5.256372138755697,Linear
4951,crop_yield_total,Årjäng,2006.0,0.7183648676065323,-8.303958974610172,Linear
4952,crop_yield_total,Årjäng,2007.0,0.9569800758639444,20.499823400886502,Linear
4953,crop_yield_total,Årjäng,2008.0,0.8325218645715937,3.4276942001298902,Linear
4954,crop_yield_total,Årjäng,2009.0,0.7013583325510492,-14.016249047011378,Linear
4955,crop_yield_total,Årjäng,2010.0,0.6738968568169861,-18.458141181978498,Linear
4956,crop_yield_total,Årjäng,2011.0,0.7449988835912011,-11.01288730957373,Linear
4957,crop_yield_total,Årjäng,2012.0,0.8716135379672874,2.7901420327874216,Linear
4958,crop_yield_total,Årjäng,2013.0,0.8679411044838969,1.0749747657560649,Linear
4959,crop_yield_total,Årjäng,2014.0,0.8789078729499272,1.0859430551976537,Linear
4960,crop_yield_total,Årjäng,2015.0,1.0359179092428858,17.688288301747452,Linear
4961,crop_yield_total,Årjäng,2016.0,1.0259009231244876,15.143299241369279,Linear
4962,crop_yield_total,Årjäng,2017.0,1.003353292246534,11.26940531309137,Linear
4963,crop_yield_total,Årjäng,2018.0,0.5573712137171187,-38.917492950183835,Linear
4964,crop_yield_total,Årjäng,2019.0,1.117651809251378,21.056920261252525,Linear
4965,crop_yield_total,Årjäng,2020.0,0.9507760277121298,1.7960773418132785,Linear
4966,crop_yield_total,Årjäng,2021.0,0.798861938640312,-15.442551181338047,Linear
4967,crop_yield_total,Årjäng,2022.0,1.0038908478269497,5.063109760024586,Linear
4968,crop_yield_total,Åsele,2005.0,0.5997152914540813,2.0033298419845513,Linear
4969,crop_yield_total,Åsele,2006.0,0.5420010097641708,-9.184642023580958,Linear
4970,crop_yield_total,Åsele,2007.0,0.6802621830803811,12.310834419512577,Linear
4971,crop_yield_total,Åsele,2008.0,0.6360999156635041,3.5023312266729376,Linear
4972,crop_yield_total,Åsele,2009.0,0.6971161896525894,11.815007970441355,Linear
4973,crop_yield_total,Åsele,2010.0,0.5931381304590903,-6.198666036683178,Linear
4974,crop_yield_total,Åsele,2011.0,0.6539314451925182,1.98335121551047,Linear
4975,crop_yield_total,Åsele,2012.0,0.4899514128071317,-24.633690539141078,Linear
4976,crop_yield_total,Åsele,2013.0,0.792572266298926,20.27387808737884,Linear
4977,crop_yield_total,Åsele,2014.0,0.7178294530611921,7.483249163673592,Linear
4978,crop_yield_total,Åsele,2015.0,0.5787659335143877,-14.476331620460645,Linear
4979,crop_yield_total,Åsele,2016.0,0.702490651044222,2.461930345324553,Linear
4980,crop_yield_total,Åsele,2017.0,0.4369589673886949,-37.08211471528296,Linear
4981,crop_yield_total,Åsele,2018.0,0.7141249361109738,1.5290063471217097,Linear
4982,crop_yield_total,Åsele,2019.0,0.8079816394205077,13.44075954313151,Linear
4983,crop_yield_total,Åsele,2020.0,0.8480829008546369,17.604825211206585,Linear
4984,crop_yield_total,Åsele,2021.0,0.6470893408513001,-11.35869697138283,Linear
4985,crop_yield_total,Åsele,2022.0,0.8033160118650817,8.719543514046837,Linear
4986,crop_yield_total,Åstorp,2005.0,1.2715410196614996,5.605403418170274,Linear
4987,crop_yield_total,Åstorp,2006.0,0.9880305740330608,-18.39403454443511,Linear
4988,crop_yield_total,Åstorp,2007.0,1.2185960287169186,0.09681915867550189,Linear
4989,crop_yield_total,Åstorp,2008.0,1.2059848482957567,-1.4799879103758824,Linear
4990,crop_yield_total,Åstorp,2009.0,1.361061892098226,10.58481994190143,Linear
4991,crop_yield_total,Åstorp,2010.0,1.140333978840678,-7.8495308993354165,Linear
4992,crop_yield_total,Åstorp,2011.0,1.2466775863900117,0.20286793466632383,Linear
4993,crop_yield_total,Åstorp,2012.0,1.3867330008194048,10.864346476382039,Linear
4994,crop_yield_total,Åstorp,2013.0,1.3226697667077745,5.180668965082252,Linear
4995,crop_yield_total,Åstorp,2014.0,1.3584686989172954,7.456294300967267,Linear
4996,crop_yield_total,Åstorp,2015.0,1.412689982584855,11.157546156667356,Linear
4997,crop_yield_total,Åstorp,2016.0,1.1960391112051754,-6.382003623357058,Linear
4998,crop_yield_total,Åstorp,2017.0,1.3711336258318008,6.764655970997115,Linear
4999,crop_yield_total,Åstorp,2018.0,0.8014914208814181,-37.914221878534846,Linear
5000,crop_yield_total,Åstorp,2019.0,1.443761939841756,11.261781440822954,Linear
5001,crop_yield_total,Åstorp,2020.0,1.3625103819553428,4.462143660686606,Linear
5002,crop_yield_total,Åstorp,2021.0,1.1729326989488174,-10.531057162891646,Linear
5003,crop_yield_total,Åstorp,2022.0,1.4348911521578174,8.89540579043737,Linear
5004,crop_yield_total,Åtvidaberg,2005.0,1.054079468326702,4.824488907109136,Linear
5005,crop_yield_total,Åtvidaberg,2006.0,0.9473759046331852,-6.507615610605639,Linear
5006,crop_yield_total,Åtvidaberg,2007.0,1.0961947173319928,7.357287528236063,Linear
5007,crop_yield_total,Åtvidaberg,2008.0,1.0399185958491992,1.078347129715196,Linear
5008,crop_yield_total,Åtvidaberg,2009.0,1.0740680056902232,3.616803622886712,Linear
5009,crop_yield_total,Åtvidaberg,2010.0,0.8305849052082035,-20.467183355935063,Linear
5010,crop_yield_total,Åtvidaberg,2011.0,0.9655274588508276,-8.227024788475939,Linear
5011,crop_yield_total,Åtvidaberg,2012.0,1.0885857289234822,2.7127259193219615,Linear
5012,crop_yield_total,Åtvidaberg,2013.0,1.0852602814823216,1.6553415518023573,Linear
5013,crop_yield_total,Åtvidaberg,2014.0,1.1179924244581017,3.966335194639158,Linear
5014,crop_yield_total,Åtvidaberg,2015.0,1.2138214566192589,12.069862433726604,Linear
5015,crop_yield_total,Åtvidaberg,2016.0,1.1264715682251747,3.2658370510541186,Linear
5016,crop_yield_total,Åtvidaberg,2017.0,1.2308955696899149,12.042292651243706,Linear
5017,crop_yield_total,Åtvidaberg,2018.0,0.8789600225750852,-20.55329806371168,Linear
5018,crop_yield_total,Åtvidaberg,2019.0,1.2372919044802912,11.057072301978126,Linear
5019,crop_yield_total,Åtvidaberg,2020.0,1.1462510719938417,2.1744087202652977,Linear
5020,crop_yield_total,Åtvidaberg,2021.0,1.020583593560406,-9.651690439732137,Linear
5021,crop_yield_total,Åtvidaberg,2022.0,1.1324970309639304,-0.42781244002577506,Linear
5022,crop_yield_total,Öckerö,2005.0,1.0055775540286578,4.854664299363881,Linear
5023,crop_yield_total,Öckerö,2006.0,0.9190178175231424,-5.45767794494796,Linear
5024,crop_yield_total,Öckerö,2007.0,1.039546690973581,5.52485468698662,Linear
5025,crop_yield_total,Öckerö,2008.0,0.9643324682492214,-3.389973889170226,Linear
5026,crop_yield_total,Öckerö,2009.0,0.9637485848478334,-4.694481199289803,Linear
5027,crop_yield_total,Öckerö,2010.0,0.991837523461424,-3.1664057875009326,Linear
5028,crop_yield_total,Öckerö,2011.0,0.973209892013432,-6.1803613154120365,Linear
5029,crop_yield_total,Öckerö,2012.0,1.0141421672435171,-3.4490510855308756,Linear
5030,crop_yield_total,Öckerö,2013.0,1.1492429440193683,8.070474555781312,Linear
5031,crop_yield_total,Öckerö,2014.0,1.1314663550056376,5.1089677148457415,Linear
5032,crop_yield_total,Öckerö,2015.0,1.1883999248819652,9.075568901381246,Linear
5033,crop_yield_total,Öckerö,2016.0,1.131833670084348,2.654155792784723,Linear
5034,crop_yield_total,Öckerö,2017.0,1.2259176374746878,9.886697024965224,Linear
5035,crop_yield_total,Öckerö,2018.0,0.8499847563868758,-24.69144888409895,Linear
5036,crop_yield_total,Öckerö,2019.0,1.2750592219829564,11.678842277680355,Linear
5037,crop_yield_total,Öckerö,2020.0,1.1735438698645833,1.6258076435071667,Linear
5038,crop_yield_total,Öckerö,2021.0,1.0018857977539108,-14.208847309321277,Linear
5039,crop_yield_total,Öckerö,2022.0,1.2602610382701056,6.7231485573048015,Linear
5040,crop_yield_total,Ödeshög,2005.0,1.054079468326702,4.824488907109136,Linear
5041,crop_yield_total,Ödeshög,2006.0,0.9473759046331852,-6.507615610605639,Linear
5042,crop_yield_total,Ödeshög,2007.0,1.0961947173319928,7.357287528236063,Linear
5043,crop_yield_total,Ödeshög,2008.0,1.0399185958491992,1.078347129715196,Linear
5044,crop_yield_total,Ödeshög,2009.0,1.0740680056902232,3.616803622886712,Linear
5045,crop_yield_total,Ödeshög,2010.0,0.8305849052082035,-20.467183355935063,Linear
5046,crop_yield_total,Ödeshög,2011.0,0.9655274588508276,-8.227024788475939,Linear
5047,crop_yield_total,Ödeshög,2012.0,1.0885857289234822,2.7127259193219615,Linear
5048,crop_yield_total,Ödeshög,2013.0,1.0852602814823216,1.6553415518023573,Linear
5049,crop_yield_total,Ödeshög,2014.0,1.1179924244581017,3.966335194639158,Linear
5050,crop_yield_total,Ödeshög,2015.0,1.2138214566192589,12.069862433726604,Linear
5051,crop_yield_total,Ödeshög,2016.0,1.1264715682251747,3.2658370510541186,Linear
5052,crop_yield_total,Ödeshög,2017.0,1.2308955696899149,12.042292651243706,Linear
5053,crop_yield_total,Ödeshög,2018.0,0.8789600225750852,-20.55329806371168,Linear
5054,crop_yield_total,Ödeshög,2019.0,1.2372919044802912,11.057072301978126,Linear
5055,crop_yield_total,Ödeshög,2020.0,1.1462510719938417,2.1744087202652977,Linear
5056,crop_yield_total,Ödeshög,2021.0,1.020583593560406,-9.651690439732137,Linear
5057,crop_yield_total,Ödeshög,2022.0,1.1324970309639304,-0.42781244002577506,Linear
5058,crop_yield_total,Örebro,2005.0,1.0390841874046493,1.6051947750879678,Linear
5059,crop_yield_total,Örebro,2006.0,0.919756991826129,-10.460396439415378,Linear
5060,crop_yield_total,Örebro,2007.0,1.1438177187633782,10.86239580911901,Linear
5061,crop_yield_total,Örebro,2008.0,1.0857433926340216,4.772765991464095,Linear
5062,crop_yield_total,Örebro,2009.0,1.0306252630804096,-0.9797307542608245,Linear
5063,crop_yield_total,Örebro,2010.0,0.8245625460968465,-21.121746555956395,Linear
5064,crop_yield_total,Örebro,2011.0,1.039654543639088,-0.9758127743044388,Linear
5065,crop_yield_total,Örebro,2012.0,0.972558105409714,-7.765275942646036,Linear
5066,crop_yield_total,Örebro,2013.0,1.192221558312812,12.582419127312036,Linear
5067,crop_yield_total,Örebro,2014.0,1.1046434877667253,3.8672013630448387,Linear
5068,crop_yield_total,Örebro,2015.0,1.1792971653385864,10.415525805229628,Linear
5069,crop_yield_total,Örebro,2016.0,1.156302266459355,7.804454470188704,Linear
5070,crop_yield_total,Örebro,2017.0,1.2263115478110302,13.849823630893464,Linear
5071,crop_yield_total,Örebro,2018.0,0.7593125406396093,-29.801789310265253,Linear
5072,crop_yield_total,Örebro,2019.0,1.2947720576631043,19.201126442801154,Linear
5073,crop_yield_total,Örebro,2020.0,1.1247345627015133,3.1160422414118054,Linear
5074,crop_yield_total,Örebro,2021.0,0.9162023680575028,-16.35032125303297,Linear
5075,crop_yield_total,Örebro,2022.0,1.0928266848247508,-0.6361779379191673,Linear
5076,crop_yield_total,Örkelljunga,2005.0,1.2715410196614996,5.605403418170274,Linear
5077,crop_yield_total,Örkelljunga,2006.0,0.9880305740330608,-18.39403454443511,Linear
5078,crop_yield_total,Örkelljunga,2007.0,1.2185960287169186,0.09681915867550189,Linear
5079,crop_yield_total,Örkelljunga,2008.0,1.2059848482957567,-1.4799879103758824,Linear
5080,crop_yield_total,Örkelljunga,2009.0,1.361061892098226,10.58481994190143,Linear
5081,crop_yield_total,Örkelljunga,2010.0,1.140333978840678,-7.8495308993354165,Linear
5082,crop_yield_total,Örkelljunga,2011.0,1.2466775863900117,0.20286793466632383,Linear
5083,crop_yield_total,Örkelljunga,2012.0,1.3867330008194048,10.864346476382039,Linear
5084,crop_yield_total,Örkelljunga,2013.0,1.3226697667077745,5.180668965082252,Linear
5085,crop_yield_total,Örkelljunga,2014.0,1.3584686989172954,7.456294300967267,Linear
5086,crop_yield_total,Örkelljunga,2015.0,1.412689982584855,11.157546156667356,Linear
5087,crop_yield_total,Örkelljunga,2016.0,1.1960391112051754,-6.382003623357058,Linear
5088,crop_yield_total,Örkelljunga,2017.0,1.3711336258318008,6.764655970997115,Linear
5089,crop_yield_total,Örkelljunga,2018.0,0.8014914208814181,-37.914221878534846,Linear
5090,crop_yield_total,Örkelljunga,2019.0,1.443761939841756,11.261781440822954,Linear
5091,crop_yield_total,Örkelljunga,2020.0,1.3625103819553428,4.462143660686606,Linear
5092,crop_yield_total,Örkelljunga,2021.0,1.1729326989488174,-10.531057162891646,Linear
5093,crop_yield_total,Örkelljunga,2022.0,1.4348911521578174,8.89540579043737,Linear
5094,crop_yield_total,Örnsköldsvik,2005.0,0.405716124253022,-14.538851730615496,Linear
5095,crop_yield_total,Örnsköldsvik,2006.0,0.4405536903777288,-7.420416325119559,Linear
5096,crop_yield_total,Örnsköldsvik,2007.0,0.5665023239527519,18.765537157933856,Linear
5097,crop_yield_total,Örnsköldsvik,2008.0,0.5851759169971396,22.39113814111378,Linear
5098,crop_yield_total,Örnsköldsvik,2009.0,0.5108171468615413,6.5874808627078965,Linear
5099,crop_yield_total,Örnsköldsvik,2010.0,0.5402141367963924,12.456944936342659,Linear
5100,crop_yield_total,Örnsköldsvik,2011.0,0.3988727225226394,-17.160652302630165,Linear
5101,crop_yield_total,Örnsköldsvik,2012.0,0.3157347872296728,-34.580210093683064,Linear
5102,crop_yield_total,Örnsköldsvik,2013.0,0.5430638340350372,12.259819373869114,Linear
5103,crop_yield_total,Örnsköldsvik,2014.0,0.5241662924701359,8.101483198714824,Linear
5104,crop_yield_total,Örnsköldsvik,2015.0,0.4869763826010071,0.19866052788929683,Linear
5105,crop_yield_total,Örnsköldsvik,2016.0,0.4878102462698445,0.13795653442574904,Linear
5106,crop_yield_total,Örnsköldsvik,2017.0,0.4097093931925203,-16.088817148865495,Linear
5107,crop_yield_total,Örnsköldsvik,2018.0,0.366556152981693,-25.099819012851178,Linear
5108,crop_yield_total,Örnsköldsvik,2019.0,0.4667876411095785,-4.838246150437312,Linear
5109,crop_yield_total,Örnsköldsvik,2020.0,0.7347917460995113,49.45497878376459,Linear
5110,crop_yield_total,Örnsköldsvik,2021.0,0.4492547972519529,-8.831637562409869,Linear
5111,crop_yield_total,Örnsköldsvik,2022.0,0.4850542561779244,-1.7914415626486182,Linear
5112,crop_yield_total,Östersund,2005.0,0.5386685832524567,1.6684031732417788,Linear
5113,crop_yield_total,Östersund,2006.0,0.5716640255240031,5.296530717507908,Linear
5114,crop_yield_total,Östersund,2007.0,0.6387991320200345,14.894307060129828,Linear
5115,crop_yield_total,Östersund,2008.0,0.6133982500520537,7.7899180084831325,Linear
5116,crop_yield_total,Östersund,2009.0,0.5755726745561547,-1.1295098772375691,Linear
5117,crop_yield_total,Östersund,2010.0,0.4948392123544244,-16.865587451308155,Linear
5118,crop_yield_total,Östersund,2011.0,0.6342877031387509,4.270866839610898,Linear
5119,crop_yield_total,Östersund,2012.0,0.4430765555638761,-28.69561060806209,Linear
5120,crop_yield_total,Östersund,2013.0,0.6835720052304225,7.739519057898092,Linear
5121,crop_yield_total,Östersund,2014.0,0.6791930272547687,4.887048515847922,Linear
5122,crop_yield_total,Östersund,2015.0,0.6173417805900856,-6.5521258297250595,Linear
5123,crop_yield_total,Östersund,2016.0,0.6843354626431076,1.5776567280311522,Linear
5124,crop_yield_total,Östersund,2017.0,0.7549444287509498,9.924182880788628,Linear
5125,crop_yield_total,Östersund,2018.0,0.5465661022631311,-21.904209797292467,Linear
5126,crop_yield_total,Östersund,2019.0,0.68138574082137,-4.426749682897652,Linear
5127,crop_yield_total,Östersund,2020.0,0.8396651651231447,15.65223652294534,Linear
5128,crop_yield_total,Östersund,2021.0,0.7373673597804423,-0.23519183524097217,Linear
5129,crop_yield_total,Östersund,2022.0,0.8034521703268026,6.8156987409596805,Linear
5130,crop_yield_total,Österåker,2005.0,0.8638851144303435,4.123456601783982,Linear
5131,crop_yield_total,Österåker,2006.0,0.7961760374702105,-4.3494396240272595,Linear
5132,crop_yield_total,Österåker,2007.0,0.9447176049289204,13.128191582466911,Linear
5133,crop_yield_total,Österåker,2008.0,0.8459048215493763,0.968363382519387,Linear
5134,crop_yield_total,Österåker,2009.0,0.8401403870928377,-0.042545041845959045,Linear
5135,crop_yield_total,Österåker,2010.0,0.66868847511859,-20.696714874730503,Linear
5136,crop_yield_total,Österåker,2011.0,0.7119163901465887,-15.840176249982301,Linear
5137,crop_yield_total,Österåker,2012.0,0.9032651673900608,6.439792293245046,Linear
5138,crop_yield_total,Österåker,2013.0,0.8608279315284972,1.1165984620435698,Linear
5139,crop_yield_total,Österåker,2014.0,0.9759322246669364,14.274016858345497,Linear
5140,crop_yield_total,Österåker,2015.0,0.951615896231716,11.074819791139749,Linear
5141,crop_yield_total,Österåker,2016.0,0.8869742599784218,3.203724967909985,Linear
5142,crop_yield_total,Österåker,2017.0,0.9438616965452672,9.478150059240049,Linear
5143,crop_yield_total,Österåker,2018.0,0.5381786266225995,-37.772186014410934,Linear
5144,crop_yield_total,Österåker,2019.0,0.924204043442625,6.5293373042533505,Linear
5145,crop_yield_total,Österåker,2020.0,0.9756170608610664,12.105839466191865,Linear
5146,crop_yield_total,Österåker,2021.0,0.7661708048626098,-12.234034563915369,Linear
5147,crop_yield_total,Österåker,2022.0,0.9500751737717342,8.496159350240287,Linear
5148,crop_yield_total,Östhammar,2005.0,1.0053307651718697,3.2220781010226185,Linear
5149,crop_yield_total,Östhammar,2006.0,0.9351008356118972,-4.209226183415208,Linear
5150,crop_yield_total,Östhammar,2007.0,1.071372009663783,9.498818650240286,Linear
5151,crop_yield_total,Östhammar,2008.0,1.0299218561757943,5.021832760656003,Linear
5152,crop_yield_total,Östhammar,2009.0,0.9901292402231364,0.7339013992325626,Linear
5153,crop_yield_total,Östhammar,2010.0,0.8688880507000445,-11.802088495935818,Linear
5154,crop_yield_total,Östhammar,2011.0,0.7868676549133022,-20.309027453518713,Linear
5155,crop_yield_total,Östhammar,2012.0,0.9612142936646394,-2.872357221944868,Linear
5156,crop_yield_total,Östhammar,2013.0,0.9691109398589391,-2.295729200418359,Linear
5157,crop_yield_total,Östhammar,2014.0,1.1044953315212325,11.102434996692768,Linear
5158,crop_yield_total,Östhammar,2015.0,1.176399562784826,18.069139054950902,Linear
5159,crop_yield_total,Östhammar,2016.0,1.085287334789325,8.680173779040604,Linear
5160,crop_yield_total,Östhammar,2017.0,1.0907951359539596,8.987080132144587,Linear
5161,crop_yield_total,Östhammar,2018.0,0.5970288556207626,-40.481008901375674,Linear
5162,crop_yield_total,Östhammar,2019.0,1.1311635375464586,12.516501255952923,Linear
5163,crop_yield_total,Östhammar,2020.0,1.1374119682672146,12.886330839238935,Linear
5164,crop_yield_total,Östhammar,2021.0,0.9207329382323431,-8.821564758911776,Linear
5165,crop_yield_total,Östhammar,2022.0,1.012797262496733,0.07325018444391168,Linear
5166,crop_yield_total,Östra Göinge,2005.0,1.2715410196614996,5.605403418170274,Linear
5167,crop_yield_total,Östra Göinge,2006.0,0.9880305740330608,-18.39403454443511,Linear
5168,crop_yield_total,Östra Göinge,2007.0,1.2185960287169186,0.09681915867550189,Linear
5169,crop_yield_total,Östra Göinge,2008.0,1.2059848482957567,-1.4799879103758824,Linear
5170,crop_yield_total,Östra Göinge,2009.0,1.361061892098226,10.58481994190143,Linear
5171,crop_yield_total,Östra Göinge,2010.0,1.140333978840678,-7.8495308993354165,Linear
5172,crop_yield_total,Östra Göinge,2011.0,1.2466775863900117,0.20286793466632383,Linear
5173,crop_yield_total,Östra Göinge,2012.0,1.3867330008194048,10.864346476382039,Linear
5174,crop_yield_total,Östra Göinge,2013.0,1.3226697667077745,5.180668965082252,Linear
5175,crop_yield_total,Östra Göinge,2014.0,1.3584686989172954,7.456294300967267,Linear
5176,crop_yield_total,Östra Göinge,2015.0,1.412689982584855,11.157546156667356,Linear
5177,crop_yield_total,Östra Göinge,2016.0,1.1960391112051754,-6.382003623357058,Linear
5178,crop_yield_total,Östra Göinge,2017.0,1.3711336258318008,6.764655970997115,Linear
5179,crop_yield_total,Östra Göinge,2018.0,0.8014914208814181,-37.914221878534846,Linear
5180,crop_yield_total,Östra Göinge,2019.0,1.443761939841756,11.261781440822954,Linear
5181,crop_yield_total,Östra Göinge,2020.0,1.3625103819553428,4.462143660686606,Linear
5182,crop_yield_total,Östra Göinge,2021.0,1.1729326989488174,-10.531057162891646,Linear
5183,crop_yield_total,Östra Göinge,2022.0,1.4348911521578174,8.89540579043737,Linear
5184,crop_yield_total,Överkalix,2005.0,0.4922962630521896,-4.471520669228847,Linear
5185,crop_yield_total,Överkalix,2006.0,0.5843836788284416,12.655771708420874,Linear
5186,crop_yield_total,Överkalix,2007.0,0.6062698266333174,16.115169373794757,Linear
5187,crop_yield_total,Överkalix,2008.0,0.5791900908704196,10.212313219420464,Linear
5188,crop_yield_total,Överkalix,2009.0,0.5822199590021587,10.07791355399643,Linear
5189,crop_yield_total,Överkalix,2010.0,0.5465485355333007,2.6747902509486643,Linear
5190,crop_yield_total,Överkalix,2011.0,0.2751106809097622,-48.6450645593767,Linear
5191,crop_yield_total,Överkalix,2012.0,0.3440891592200569,-36.17323895990114,Linear
5192,crop_yield_total,Överkalix,2013.0,0.7167427405799807,32.12025844110137,Linear
5193,crop_yield_total,Överkalix,2014.0,0.6585647664901455,20.641269722796984,Linear
5194,crop_yield_total,Överkalix,2015.0,0.404048769726256,-26.440413133353847,Linear
5195,crop_yield_total,Överkalix,2016.0,0.6032614872879074,9.153021301405936,Linear
5196,crop_yield_total,Överkalix,2017.0,0.3250606904726549,-41.54311597827825,Linear
5197,crop_yield_total,Överkalix,2018.0,0.6279705794816417,12.245188616932843,Linear
5198,crop_yield_total,Överkalix,2019.0,0.6143768867828727,9.153211547261158,Linear
5199,crop_yield_total,Överkalix,2020.0,0.7459271262863484,31.73071688816067,Linear
5200,crop_yield_total,Överkalix,2021.0,0.4608645374282721,-19.09626822128907,Linear
5201,crop_yield_total,Överkalix,2022.0,0.628489605680998,9.67645118493726,Linear
5202,crop_yield_total,Övertorneå,2005.0,0.4922962630521896,-4.471520669228847,Linear
5203,crop_yield_total,Övertorneå,2006.0,0.5843836788284416,12.655771708420874,Linear
5204,crop_yield_total,Övertorneå,2007.0,0.6062698266333174,16.115169373794757,Linear
5205,crop_yield_total,Övertorneå,2008.0,0.5791900908704196,10.212313219420464,Linear
5206,crop_yield_total,Övertorneå,2009.0,0.5822199590021587,10.07791355399643,Linear
5207,crop_yield_total,Övertorneå,2010.0,0.5465485355333007,2.6747902509486643,Linear
5208,crop_yield_total,Övertorneå,2011.0,0.2751106809097622,-48.6450645593767,Linear
5209,crop_yield_total,Övertorneå,2012.0,0.3440891592200569,-36.17323895990114,Linear
5210,crop_yield_total,Övertorneå,2013.0,0.7167427405799807,32.12025844110137,Linear
5211,crop_yield_total,Övertorneå,2014.0,0.6585647664901455,20.641269722796984,Linear
5212,crop_yield_total,Övertorneå,2015.0,0.404048769726256,-26.440413133353847,Linear
5213,crop_yield_total,Övertorneå,2016.0,0.6032614872879074,9.153021301405936,Linear
5214,crop_yield_total,Övertorneå,2017.0,0.3250606904726549,-41.54311597827825,Linear
5215,crop_yield_total,Övertorneå,2018.0,0.6279705794816417,12.245188616932843,Linear
5216,crop_yield_total,Övertorneå,2019.0,0.6143768867828727,9.153211547261158,Linear
5217,crop_yield_total,Övertorneå,2020.0,0.7459271262863484,31.73071688816067,Linear
5218,crop_yield_total,Övertorneå,2021.0,0.4608645374282721,-19.09626822128907,Linear
5219,crop_yield_total,Övertorneå,2022.0,0.628489605680998,9.67645118493726,Linear
5220,discharge,Alingsås,2005.0,14.305785123966942,-13.631166262306662,Linear
5221,discharge,Alingsås,2006.0,18.257534246575343,11.354973951643613,Linear
5222,discharge,Alingsås,2007.0,19.567123287671237,20.576343188593196,Linear
5223,discharge,Alingsås,2008.0,21.601092896174865,34.50081603045801,Linear
5224,discharge,Alingsås,2009.0,11.081554246575342,-30.271334834346312,Linear
5225,discharge,Alingsås,2010.0,10.401378082191782,-33.85280128924412,Linear
5226,discharge,Alingsås,2011.0,17.265753424657536,10.985301340149771,Linear
5227,discharge,Alingsås,2012.0,18.44204426229508,19.83919396139333,Linear
5228,discharge,Alingsås,2013.0,9.16997808219178,-39.755189326522526,Linear
5229,discharge,Alingsås,2014.0,18.36986301369863,22.03139467058922,Linear
5230,discharge,Alingsås,2015.0,15.865753424657534,6.584643135820204,Linear
5231,discharge,Alingsås,2016.0,13.60656393442623,-7.550222476000032,Linear
5232,discharge,Alingsås,2017.0,12.167123287671233,-16.377097464315675,Linear
5233,discharge,Alingsås,2018.0,11.624657534246577,-19.17323667186871,Linear
5234,discharge,Alingsås,2019.0,13.257534246575345,-6.731585894106057,Linear
5235,discharge,Alingsås,2020.0,18.69672131147541,33.10507964004362,Linear
5236,discharge,Alingsås,2021.0,16.154794520547945,16.399183826327647,Linear
5237,discharge,Alingsås,2022.0,12.635989010989013,-7.840407204047732,Linear
5238,discharge,Alvesta,2005.0,1.367362191780822,-22.81016309449933,Linear
5239,discharge,Alvesta,2006.0,1.7894661643835617,3.330009421497668,Linear
5240,discharge,Alvesta,2007.0,2.184502328767123,29.09499449422624,Linear
5241,discharge,Alvesta,2008.0,1.6967881147540984,2.6778327113598372,Linear
5242,discharge,Alvesta,2009.0,1.2868497260273974,-20.215423109590503,Linear
5243,discharge,Alvesta,2010.0,1.7741839726027395,12.770127595748926,Linear
5244,discharge,Alvesta,2011.0,1.8620338356164383,21.412375718718632,Linear
5245,discharge,Alvesta,2012.0,1.681796174863388,12.569001391326776,Linear
5246,discharge,Alvesta,2013.0,1.0403950684931509,-28.46484903993467,Linear
5247,discharge,Alvesta,2014.0,1.431473287671233,1.1818952314647775,Linear
5248,discharge,Alvesta,2015.0,1.5038593150684931,9.361898944310926,Linear
5249,discharge,Alvesta,2016.0,0.8806808743169399,-34.05565907976739,Linear
5250,discharge,Alvesta,2017.0,1.1981941095890412,-7.536806143906352,Linear
5251,discharge,Alvesta,2018.0,1.0744275342465754,-14.47206961984628,Linear
5252,discharge,Alvesta,2019.0,1.16134698630137,-4.541547090545264,Linear
5253,discharge,Alvesta,2020.0,1.6387322404371585,39.2332747308655,Linear
5254,discharge,Alvesta,2021.0,1.2944794520547944,13.816577646673512,Linear
5255,discharge,Alvesta,2022.0,0.9556471153846152,-12.941562670356438,Linear
5256,discharge,Arjeplog,2005.0,57.56781726027397,14.023876971962165,Linear
5257,discharge,Arjeplog,2006.0,44.97909698630137,-11.675479963185193,Linear
5258,discharge,Arjeplog,2007.0,56.85778232876712,10.699844334552308,Linear
5259,discharge,Arjeplog,2008.0,47.27365054644809,-8.737101672381398,Linear
5260,discharge,Arjeplog,2009.0,50.45537150684932,-3.4101478322120555,Linear
5261,discharge,Arjeplog,2010.0,47.03851068493151,-10.69884617907006,Linear
5262,discharge,Arjeplog,2011.0,67.31561821917809,26.744375185652835,Linear
5263,discharge,Arjeplog,2012.0,52.40795409836066,-2.130165407667038,Linear
5264,discharge,Arjeplog,2013.0,47.09988232876712,-12.75526515942754,Linear
5265,discharge,Arjeplog,2014.0,46.34827767123288,-14.837331961929975,Linear
5266,discharge,Arjeplog,2015.0,66.14867232876712,20.576059126769948,Linear
5267,discharge,Arjeplog,2016.0,47.05247062841531,-14.91083216097365,Linear
5268,discharge,Arjeplog,2017.0,62.33643369863015,11.844040478783887,Linear
5269,discharge,Arjeplog,2018.0,49.66204178082192,-11.590027701642864,Linear
5270,discharge,Arjeplog,2019.0,51.9230894520548,-8.27888647760161,Linear
5271,discharge,Arjeplog,2020.0,62.36399153005465,9.320277005407767,Linear
5272,discharge,Arjeplog,2021.0,52.610146301369866,-8.479185552334577,Linear
5273,discharge,Arjeplog,2022.0,66.2416728021978,14.364263922753661,Linear
5274,discharge,Arvika,2005.0,10.037470958904107,-29.360779557509247,Linear
5275,discharge,Arvika,2006.0,15.497894520547945,10.622181520135507,Linear
5276,discharge,Arvika,2007.0,10.946234520547945,-20.73700646964067,Linear
5277,discharge,Arvika,2008.0,14.81728743169399,8.868311042836813,Linear
5278,discharge,Arvika,2009.0,15.34099205479452,14.39494232699732,Linear
5279,discharge,Arvika,2010.0,13.489188767123288,2.1071508188905597,Linear
5280,discharge,Arvika,2011.0,15.03906383561644,15.5865654670166,Linear
5281,discharge,Arvika,2012.0,16.563593169398906,29.28844088935944,Linear
5282,discharge,Arvika,2013.0,9.539392602739726,-24.360260282280507,Linear
5283,discharge,Arvika,2014.0,15.658703561643836,26.158991392022706,Linear
5284,discharge,Arvika,2015.0,13.73312410958904,12.454627734800635,Linear
5285,discharge,Arvika,2016.0,9.529647540983609,-20.668330203553932,Linear
5286,discharge,Arvika,2017.0,9.59761397260274,-18.751586397766324,Linear
5287,discharge,Arvika,2018.0,8.497884109589041,-26.82403619032842,Linear
5288,discharge,Arvika,2019.0,14.28048794520548,25.122444082100326,Linear
5289,discharge,Arvika,2020.0,13.72813524590164,22.425327090443105,Linear
5290,discharge,Arvika,2021.0,11.74964109589041,6.6816404836496615,Linear
5291,discharge,Arvika,2022.0,7.165104395604396,-33.74238168115899,Linear
5292,discharge,Bjuv,2005.0,1.2261208219178084,-27.32159191524633,Linear
5293,discharge,Bjuv,2006.0,1.7788252054794522,7.024581336451299,Linear
5294,discharge,Bjuv,2007.0,2.183334383561644,33.366494862694964,Linear
5295,discharge,Bjuv,2008.0,2.044798633879781,26.839453331341044,Linear
5296,discharge,Bjuv,2009.0,1.301606575342466,-17.990313554378844,Linear
5297,discharge,Bjuv,2010.0,1.4400505479452057,-7.816682203845636,Linear
5298,discharge,Bjuv,2011.0,1.589190684931507,3.3834059689527516,Linear
5299,discharge,Bjuv,2012.0,1.5866245901639344,4.92136164054748,Linear
5300,discharge,Bjuv,2013.0,1.0686391780821918,-28.145454458089635,Linear
5301,discharge,Bjuv,2014.0,1.3103183561643836,-10.390115472477236,Linear
5302,discharge,Bjuv,2015.0,1.7631041095890412,22.67038558478233,Linear
5303,discharge,Bjuv,2016.0,0.938113387978142,-33.57509024442038,Linear
5304,discharge,Bjuv,2017.0,1.6733613698630136,20.618830467309643,Linear
5305,discharge,Bjuv,2018.0,0.9252983561643836,-32.079995505992784,Linear
5306,discharge,Bjuv,2019.0,1.6961887671232876,26.831362133068247,Linear
5307,discharge,Bjuv,2020.0,1.3778693989071038,4.990163278370908,Linear
5308,discharge,Bjuv,2021.0,1.5222369863013698,18.241044031615175,Linear
5309,discharge,Bjuv,2022.0,1.119576923076923,-11.3152661200749,Linear
5310,discharge,Boden,2005.0,7.404765068493151,8.474363223027177,Linear
5311,discharge,Boden,2006.0,4.463636849315068,-34.827619535441116,Linear
5312,discharge,Boden,2007.0,7.856362191780821,14.329919523231085,Linear
5313,discharge,Boden,2008.0,7.586829508196721,10.044193291237763,Linear
5314,discharge,Boden,2009.0,4.6412810958904105,-32.900731220187225,Linear
5315,discharge,Boden,2010.0,5.84719904109589,-15.743080875137775,Linear
5316,discharge,Boden,2011.0,8.72885301369863,25.371061174914196,Linear
5317,discharge,Boden,2012.0,10.048192896174864,43.851740624680104,Linear
5318,discharge,Boden,2013.0,6.451828219178082,-7.933513082026877,Linear
5319,discharge,Boden,2014.0,4.905828767123288,-30.220583709208114,Linear
5320,discharge,Boden,2015.0,9.18128397260274,30.17244457742529,Linear
5321,discharge,Boden,2016.0,8.844728142076503,24.998648504038975,Linear
5322,discharge,Boden,2017.0,7.490659315068494,5.523825581540056,Linear
5323,discharge,Boden,2018.0,5.4766808219178085,-23.09368478621876,Linear
5324,discharge,Boden,2019.0,5.453356712328767,-23.664425611474783,Linear
5325,discharge,Boden,2020.0,8.185398770491803,14.215696578523627,Linear
5326,discharge,Boden,2021.0,7.831235342465753,8.928985489819622,Linear
5327,discharge,Boden,2022.0,5.946342445054945,-17.5492410441208,Linear
5328,discharge,Borås,2005.0,2.660774109589041,-26.42763108404863,Linear
5329,discharge,Borås,2006.0,3.3583860273972603,-6.178200342505531,Linear
5330,discharge,Borås,2007.0,4.367088082191781,23.27582536582103,Linear
5331,discharge,Borås,2008.0,4.272893442622951,21.890045393265854,Linear
5332,discharge,Borås,2009.0,2.502701780821918,-27.845423873455033,Linear
5333,discharge,Borås,2010.0,3.1395728767123288,-8.50794623017636,Linear
5334,discharge,Borås,2011.0,4.728527123287671,39.298751971583926,Linear
5335,discharge,Borås,2012.0,4.308985109289618,28.33835727590565,Linear
5336,discharge,Borås,2013.0,2.3031200000000003,-30.63970298371909,Linear
5337,discharge,Borås,2014.0,3.5536612328767125,8.227401692331487,Linear
5338,discharge,Borås,2015.0,3.26275397260274,0.5003380237795648,Linear
5339,discharge,Borås,2016.0,2.678300546448088,-16.55104251173723,Linear
5340,discharge,Borås,2017.0,3.1400619178082194,-1.0226188358599626,Linear
5341,discharge,Borås,2018.0,2.4349220547945203,-22.343459909682093,Linear
5342,discharge,Borås,2019.0,3.0271526027397258,-2.3026004763275276,Linear
5343,discharge,Borås,2020.0,3.744760792349727,22.318015840903477,Linear
5344,discharge,Borås,2021.0,3.4509634246575343,14.100568669933528,Linear
5345,discharge,Borås,2022.0,2.5016425824175825,-16.262723841535404,Linear
5346,discharge,Botkyrka,2005.0,0.4956698630136986,-14.283281276849587,Linear
5347,discharge,Botkyrka,2006.0,0.5406098630136986,-5.058153838614857,Linear
5348,discharge,Botkyrka,2007.0,0.4756002739726027,-15.155929842899418,Linear
5349,discharge,Botkyrka,2008.0,0.674536612021858,22.264102990027656,Linear
5350,discharge,Botkyrka,2009.0,0.4260446575342466,-21.517205342317176,Linear
5351,discharge,Botkyrka,2010.0,0.5458635616438355,2.222117084044743,Linear
5352,discharge,Botkyrka,2011.0,0.5143293150684931,-2.0593742909600588,Linear
5353,discharge,Botkyrka,2012.0,0.7756215846994535,50.22968964207751,Linear
5354,discharge,Botkyrka,2013.0,0.5135372602739726,1.2021783248179758,Linear
5355,discharge,Botkyrka,2014.0,0.5380180821917808,7.909335047503655,Linear
5356,discharge,Botkyrka,2015.0,0.6622271232876712,35.22292222718299,Linear
5357,discharge,Botkyrka,2016.0,0.3063060109289617,-36.30255057047101,Linear
5358,discharge,Botkyrka,2017.0,0.5219457534246575,10.57636299800404,Linear
5359,discharge,Botkyrka,2018.0,0.3649904109589041,-21.19720666076824,Linear
5360,discharge,Botkyrka,2019.0,0.4562887671232877,0.4342576195187839,Linear
5361,discharge,Botkyrka,2020.0,0.3494991803278688,-21.54237488318184,Linear
5362,discharge,Botkyrka,2021.0,0.5566852054794521,27.50204824827013,Linear
5363,discharge,Botkyrka,2022.0,0.3364101648351648,-21.354533474063714,Linear
5364,discharge,Boxholm,2005.0,12.635176438356163,-20.54752447044768,Linear
5365,discharge,Boxholm,2006.0,12.556503013698627,-18.773207273685493,Linear
5366,discharge,Boxholm,2007.0,23.03500712328767,53.420089117534985,Linear
5367,discharge,Boxholm,2008.0,13.209190710382511,-9.34041478485307,Linear
5368,discharge,Boxholm,2009.0,11.062555342465751,-21.685797909032946,Linear
5369,discharge,Boxholm,2010.0,15.688123013698627,14.665651943985788,Linear
5370,discharge,Boxholm,2011.0,15.563765479452057,17.574308278872433,Linear
5371,discharge,Boxholm,2012.0,15.745364207650272,23.076531952533,Linear
5372,discharge,Boxholm,2013.0,11.738837534246574,-4.940307597461336,Linear
5373,discharge,Boxholm,2014.0,11.811585479452054,-0.7819530669156268,Linear
5374,discharge,Boxholm,2015.0,13.414250410958903,17.04833119101046,Linear
5375,discharge,Boxholm,2016.0,7.001398907103826,-36.444517871853485,Linear
5376,discharge,Boxholm,2017.0,5.221198082191781,-50.61278282396384,Linear
5377,discharge,Boxholm,2018.0,12.71081205479452,25.505104202176454,Linear
5378,discharge,Boxholm,2019.0,6.802734246575342,-29.749132414751216,Linear
5379,discharge,Boxholm,2020.0,10.15424344262295,9.903323569018168,Linear
5380,discharge,Boxholm,2021.0,10.034444657534246,14.092433656401804,Linear
5381,discharge,Boxholm,2022.0,9.897085714285716,18.516959257672045,Linear
5382,discharge,Bromölla,2005.0,6.413386301369863,-14.164053926520252,Linear
5383,discharge,Bromölla,2006.0,6.798555068493151,-8.782194017215268,Linear
5384,discharge,Bromölla,2007.0,12.675797808219178,70.49914602218895,Linear
5385,discharge,Bromölla,2008.0,8.338765573770491,12.443740484859966,Linear
5386,discharge,Bromölla,2009.0,5.648232876712329,-23.64535650239499,Linear
5387,discharge,Bromölla,2010.0,7.091432602739726,-3.8943504494425496,Linear
5388,discharge,Bromölla,2011.0,7.532731780821917,2.3439735578934626,Linear
5389,discharge,Bromölla,2012.0,6.730010382513661,-8.330871085091179,Linear
5390,discharge,Bromölla,2013.0,5.407647123287672,-26.15585022094262,Linear
5391,discharge,Bromölla,2014.0,6.038630684931507,-17.329722472479823,Linear
5392,discharge,Bromölla,2015.0,7.533090136986302,3.3927471966803506,Linear
5393,discharge,Bromölla,2016.0,5.751251912568306,-20.86144609648445,Linear
5394,discharge,Bromölla,2017.0,7.314952328767124,0.9134064133487398,Linear
5395,discharge,Bromölla,2018.0,7.57365506849315,4.750809439153238,Linear
5396,discharge,Bromölla,2019.0,6.060260547945206,-15.964937251043454,Linear
5397,discharge,Bromölla,2020.0,8.681375136612022,20.691866828193156,Linear
5398,discharge,Bromölla,2021.0,8.008724383561644,11.628727942364321,Linear
5399,discharge,Bromölla,2022.0,8.049273351648353,12.485194211342202,Linear
5400,discharge,Bräcke,2005.0,11.219171506849316,15.181563747886715,Linear
5401,discharge,Bräcke,2006.0,10.078544657534248,4.424840386922584,Linear
5402,discharge,Bräcke,2007.0,6.694942465753424,-29.987829857764233,Linear
5403,discharge,Bräcke,2008.0,7.397575409836066,-21.91378759722708,Linear
5404,discharge,Bräcke,2009.0,10.39423794520548,10.757758534700502,Linear
5405,discharge,Bräcke,2010.0,11.174049315068494,20.206414635630345,Linear
5406,discharge,Bräcke,2011.0,9.282508493150686,0.8225625214013151,Linear
5407,discharge,Bräcke,2012.0,11.974388251366122,31.329278717257015,Linear
5408,discharge,Bräcke,2013.0,7.53429,-16.553576053308646,Linear
5409,discharge,Bräcke,2014.0,7.716121232876713,-13.689475020929368,Linear
5410,discharge,Bräcke,2015.0,11.164554383561644,26.138718550045315,Linear
5411,discharge,Bräcke,2016.0,7.543959836065574,-13.902101813912454,Linear
5412,discharge,Bräcke,2017.0,6.02715904109589,-30.507690541606046,Linear
5413,discharge,Bräcke,2018.0,8.747292465753425,1.9000331235850991,Linear
5414,discharge,Bräcke,2019.0,8.879399178082192,4.521941181666215,Linear
5415,discharge,Bräcke,2020.0,7.809778825136612,-7.096209065568973,Linear
5416,discharge,Bräcke,2021.0,10.334938493150684,24.257333715905915,Linear
5417,discharge,Bräcke,2022.0,7.746729532967033,-5.854053825739167,Linear
5418,discharge,Dals-Ed,2005.0,1.7313567123287672,-28.42016828986035,Linear
5419,discharge,Dals-Ed,2006.0,2.745940273972603,14.102837710182683,Linear
5420,discharge,Dals-Ed,2007.0,2.296269863013699,-4.095112753372181,Linear
5421,discharge,Dals-Ed,2008.0,3.011215846994536,26.41059736801829,Linear
5422,discharge,Dals-Ed,2009.0,2.081998082191781,-12.146887967734656,Linear
5423,discharge,Dals-Ed,2010.0,1.7634419178082192,-25.202896967692762,Linear
5424,discharge,Dals-Ed,2011.0,2.775741917808219,18.34806951353767,Linear
5425,discharge,Dals-Ed,2012.0,2.5739393442622958,10.31909373322074,Linear
5426,discharge,Dals-Ed,2013.0,2.2457246575342467,-3.2410609407765376,Linear
5427,discharge,Dals-Ed,2014.0,2.806667123287672,21.568138694259613,Linear
5428,discharge,Dals-Ed,2015.0,2.829541917808219,23.21155710999607,Linear
5429,discharge,Dals-Ed,2016.0,1.6122598360655738,-29.418787008278613,Linear
5430,discharge,Dals-Ed,2017.0,1.966532876712329,-13.446126301848993,Linear
5431,discharge,Dals-Ed,2018.0,1.7844668493150686,-21.034465595997908,Linear
5432,discharge,Dals-Ed,2019.0,2.9273868493150688,30.246399373494064,Linear
5433,discharge,Dals-Ed,2020.0,2.9795980874316936,33.29463386216408,Linear
5434,discharge,Dals-Ed,2021.0,1.7682265753424655,-20.461891148303827,Linear
5435,discharge,Dals-Ed,2022.0,1.7666972527472529,-20.09112990248822,Linear
5436,discharge,Dorotea,2005.0,8.623266575342466,16.355906281605957,Linear
5437,discharge,Dorotea,2006.0,6.080780136986302,-18.305335242750246,Linear
5438,discharge,Dorotea,2007.0,7.454806986301371,-0.27668825874305697,Linear
5439,discharge,Dorotea,2008.0,6.114533879781421,-18.55628180852423,Linear
5440,discharge,Dorotea,2009.0,8.299810684931506,10.078969314464635,Linear
5441,discharge,Dorotea,2010.0,7.205880410958904,-4.835917381264608,Linear
5442,discharge,Dorotea,2011.0,9.78120205479452,28.62812556840513,Linear
5443,discharge,Dorotea,2012.0,8.641784153005464,13.165123781362064,Linear
5444,discharge,Dorotea,2013.0,7.1349472602739725,-6.9592613298125885,Linear
5445,discharge,Dorotea,2014.0,6.500713424657534,-15.584100993950731,Linear
5446,discharge,Dorotea,2015.0,9.240521643835615,19.4945648217017,Linear
5447,discharge,Dorotea,2016.0,5.515097950819673,-28.976699034255248,Linear
5448,discharge,Dorotea,2017.0,7.6145346575342465,-2.3450159366267207,Linear
5449,discharge,Dorotea,2018.0,7.328033698630136,-6.405715697959999,Linear
5450,discharge,Dorotea,2019.0,7.304872465753425,-7.083536287745494,Linear
5451,discharge,Dorotea,2020.0,9.559243032786885,21.095772859151406,Linear
5452,discharge,Dorotea,2021.0,8.061529178082193,1.7081084057519667,Linear
5453,discharge,Dorotea,2022.0,7.863433241758242,-1.1924385834842164,Linear
5454,discharge,Eksjö,2005.0,1.5469750684931507,-30.153447599092836,Linear
5455,discharge,Eksjö,2006.0,2.0930772602739727,-2.829542022010563,Linear
5456,discharge,Eksjö,2007.0,2.965399726027397,41.66600090610329,Linear
5457,discharge,Eksjö,2008.0,1.9886669398907104,-2.15371993857477,Linear
5458,discharge,Eksjö,2009.0,1.2184309589041096,-38.20237298732902,Linear
5459,discharge,Eksjö,2010.0,2.224533150684932,16.41567249502442,Linear
5460,discharge,Eksjö,2011.0,1.8899706849315068,2.1572365971816416,Linear
5461,discharge,Eksjö,2012.0,2.4343049180327867,36.05037493823482,Linear
5462,discharge,Eksjö,2013.0,1.77777698630137,2.852389682941272,Linear
5463,discharge,Eksjö,2014.0,2.270450684931507,36.144183756658364,Linear
5464,discharge,Eksjö,2015.0,1.637505205479452,1.9053833509857097,Linear
5465,discharge,Eksjö,2016.0,0.7419393442622951,-52.012036440657084,Linear
5466,discharge,Eksjö,2017.0,1.3547441095890411,-8.789958651831638,Linear
5467,discharge,Eksjö,2018.0,1.299517808219178,-8.774292057255337,Linear
5468,discharge,Eksjö,2019.0,1.1731786301369862,-13.971871620302528,Linear
5469,discharge,Eksjö,2020.0,1.2056871584699451,-7.462828639325634,Linear
5470,discharge,Eksjö,2021.0,1.502814794520548,20.98703148573251,Linear
5471,discharge,Eksjö,2022.0,1.2404230769230769,5.001746751143572,Linear
5472,discharge,Enköping,2005.0,1.9626717808219176,-18.19019437216961,Linear
5473,discharge,Enköping,2006.0,2.678391232876712,13.477590757237579,Linear
5474,discharge,Enköping,2007.0,1.9665723287671235,-15.28862950223933,Linear
5475,discharge,Enköping,2008.0,2.941065027322404,28.840777723833572,Linear
5476,discharge,Enköping,2009.0,2.0348046575342464,-9.319532467304697,Linear
5477,discharge,Enköping,2010.0,1.853723561643836,-15.936382096271728,Linear
5478,discharge,Enköping,2011.0,2.064204383561644,-4.715501912843298,Linear
5479,discharge,Enköping,2012.0,3.115481693989071,46.433495414465966,Linear
5480,discharge,Enköping,2013.0,2.0427876712328765,-2.2023384034888367,Linear
5481,discharge,Enköping,2014.0,1.9555750684931508,-4.6063406582689925,Linear
5482,discharge,Enköping,2015.0,2.084792602739726,3.65807214172478,Linear
5483,discharge,Enköping,2016.0,1.3058426229508198,-33.7954409755883,Linear
5484,discharge,Enköping,2017.0,1.8587169863013695,-3.875285573853605,Linear
5485,discharge,Enköping,2018.0,1.8312575342465756,-3.3569308920856336,Linear
5486,discharge,Enköping,2019.0,2.5639465753424657,38.13754714372523,Linear
5487,discharge,Enköping,2020.0,1.6162013661202188,-11.06567981485102,Linear
5488,discharge,Enköping,2021.0,1.9564345205479448,10.003941162725532,Linear
5489,discharge,Enköping,2022.0,1.416687087912088,-18.568496548724937,Linear
5490,discharge,Eskilstuna,2005.0,13.21945205479452,-44.659797698678176,Linear
5491,discharge,Eskilstuna,2006.0,24.56731506849315,4.658019092162401,Linear
5492,discharge,Eskilstuna,2007.0,14.263835616438357,-38.14517417951513,Linear
5493,discharge,Eskilstuna,2008.0,29.001445355191255,28.061670039555626,Linear
5494,discharge,Eskilstuna,2009.0,22.25473698630137,0.09887646736250995,Linear
5495,discharge,Eskilstuna,2010.0,31.226342465753422,43.11510796048788,Linear
5496,discharge,Eskilstuna,2011.0,21.457534246575342,0.24390440018875154,Linear
5497,discharge,Eskilstuna,2012.0,33.64590163934426,60.28260403979752,Linear
5498,discharge,Eskilstuna,2013.0,19.815890410958904,-3.703036223979292,Linear
5499,discharge,Eskilstuna,2014.0,26.172602739726027,29.79748504263395,Linear
5500,discharge,Eskilstuna,2015.0,24.28849315068493,22.976791243033958,Linear
5501,discharge,Eskilstuna,2016.0,13.263387978142076,-31.408408402512777,Linear
5502,discharge,Eskilstuna,2017.0,5.186849315068493,-72.58976835012275,Linear
5503,discharge,Eskilstuna,2018.0,15.89972602739726,-14.098841396475084,Linear
5504,discharge,Eskilstuna,2019.0,18.644657534246576,3.034133586785064,Linear
5505,discharge,Eskilstuna,2020.0,17.940437158469944,1.4621667314855131,Linear
5506,discharge,Eskilstuna,2021.0,24.236986301369864,40.356311144688476,Linear
5507,discharge,Eskilstuna,2022.0,11.593131868131866,-31.216277591656144,Linear
5508,discharge,Eslöv,2005.0,1.4639136986301369,-25.391537650840757,Linear
5509,discharge,Eslöv,2006.0,2.4955764383561645,29.275623703126367,Linear
5510,discharge,Eslöv,2007.0,2.994912602739726,57.73213283499521,Linear
5511,discharge,Eslöv,2008.0,2.031924043715847,8.831546189841886,Linear
5512,discharge,Eslöv,2009.0,1.1254123287671234,-38.680938142217656,Linear
5513,discharge,Eslöv,2010.0,1.3326890410958905,-26.111181625945534,Linear
5514,discharge,Eslöv,2011.0,1.9810586301369864,11.801450513084633,Linear
5515,discharge,Eslöv,2012.0,1.3480915300546448,-22.534433753920126,Linear
5516,discharge,Eslöv,2013.0,1.1808293150684932,-30.886997136963316,Linear
5517,discharge,Eslöv,2014.0,1.7340164383561645,3.4090783853709166,Linear
5518,discharge,Eslöv,2015.0,1.910089315068493,16.103995078969223,Linear
5519,discharge,Eslöv,2016.0,1.256228961748634,-22.140506914489414,Linear
5520,discharge,Eslöv,2017.0,2.160198356164384,36.56937832209208,Linear
5521,discharge,Eslöv,2018.0,1.0994468493150684,-29.07075966301707,Linear
5522,discharge,Eslöv,2019.0,1.6349967123287672,7.681467944405163,Linear
5523,discharge,Eslöv,2020.0,1.41889043715847,-4.558936423311514,Linear
5524,discharge,Eslöv,2021.0,1.9097923287671232,31.259984805906164,Linear
5525,discharge,Eslöv,2022.0,1.3905326923076924,-2.300267033430531,Linear
5526,discharge,Falkenberg,2005.0,7.837434246575342,-21.650419106923067,Linear
5527,discharge,Falkenberg,2006.0,10.430076712328768,5.503333007737975,Linear
5528,discharge,Falkenberg,2007.0,11.49979506849315,17.71875808345727,Linear
5529,discharge,Falkenberg,2008.0,12.4735412568306,29.236350901165213,Linear
5530,discharge,Falkenberg,2009.0,6.682331232876713,-29.91481130633849,Linear
5531,discharge,Falkenberg,2010.0,8.151505753424656,-13.442445407471551,Linear
5532,discharge,Falkenberg,2011.0,10.29516602739726,10.697187910768088,Linear
5533,discharge,Falkenberg,2012.0,11.060041803278688,20.438407476774803,Linear
5534,discharge,Falkenberg,2013.0,6.917964657534246,-23.693373519406155,Linear
5535,discharge,Falkenberg,2014.0,9.479709863013698,5.931995766904136,Linear
5536,discharge,Falkenberg,2015.0,10.265963561643836,16.23969130293418,Linear
5537,discharge,Falkenberg,2016.0,6.215410382513661,-28.677990181777524,Linear
5538,discharge,Falkenberg,2017.0,9.74441205479452,13.340968946212813,Linear
5539,discharge,Falkenberg,2018.0,5.792908767123288,-31.68971109602168,Linear
5540,discharge,Falkenberg,2019.0,10.123339452054797,21.04706528321679,Linear
5541,discharge,Falkenberg,2020.0,10.18988224043716,23.57365131657106,Linear
5542,discharge,Falkenberg,2021.0,9.2171901369863,13.388540673140808,Linear
5543,discharge,Falkenberg,2022.0,5.757169230769232,-28.140577708660913,Linear
5544,discharge,Falköping,2005.0,2.8407364383561644,-18.185108243801302,Linear
5545,discharge,Falköping,2006.0,3.3714134246575345,-0.8752984998390935,Linear
5546,discharge,Falköping,2007.0,3.7947517808219176,13.94908274176328,Linear
5547,discharge,Falköping,2008.0,3.763403005464481,15.468369065800164,Linear
5548,discharge,Falköping,2009.0,2.361203561643836,-25.941224208346057,Linear
5549,discharge,Falköping,2010.0,3.475296438356164,11.483597018112725,Linear
5550,discharge,Falköping,2011.0,4.002967945205479,31.40212395830117,Linear
5551,discharge,Falköping,2012.0,3.50773306010929,17.891831666667855,Linear
5552,discharge,Falköping,2013.0,1.9966076712328769,-31.25613339263137,Linear
5553,discharge,Falköping,2014.0,2.8899405479452054,1.9937438217580392,Linear
5554,discharge,Falköping,2015.0,2.9159638356164383,5.555941689000822,Linear
5555,discharge,Falköping,2016.0,2.312234289617486,-14.091720221875843,Linear
5556,discharge,Falköping,2017.0,2.286505753424658,-12.747043699810263,Linear
5557,discharge,Falköping,2018.0,1.95674301369863,-23.252377802448468,Linear
5558,discharge,Falköping,2019.0,2.334718904109589,-5.805481294648149,Linear
5559,discharge,Falköping,2020.0,2.812607650273224,16.819743600475174,Linear
5560,discharge,Falköping,2021.0,2.713842465753425,16.140923895197194,Linear
5561,discharge,Falköping,2022.0,2.304111263736264,1.6947210101529522,Linear
5562,discharge,Falun,2005.0,10.697942191780822,-40.19200654887921,Linear
5563,discharge,Falun,2006.0,21.11765397260274,18.51365985185922,Linear
5564,discharge,Falun,2007.0,14.330401095890412,-19.26697229093767,Linear
5565,discharge,Falun,2008.0,16.00335655737705,-9.493332036306644,Linear
5566,discharge,Falun,2009.0,23.246246575342465,31.979182451223735,Linear
5567,discharge,Falun,2010.0,23.204684931506847,32.256771384977995,Linear
5568,discharge,Falun,2011.0,17.991708493150686,2.946335683417205,Linear
5569,discharge,Falun,2012.0,24.036914207650277,38.07660418277567,Linear
5570,discharge,Falun,2013.0,14.117884383561645,-18.581966987802335,Linear
5571,discharge,Falun,2014.0,14.751601643835617,-14.590433349732729,Linear
5572,discharge,Falun,2015.0,20.92693287671233,21.645512077266268,Linear
5573,discharge,Falun,2016.0,13.535246721311475,-21.00734376335472,Linear
5574,discharge,Falun,2017.0,10.514963287671232,-38.38800763848026,Linear
5575,discharge,Falun,2018.0,17.422496712328766,2.4971545801259585,Linear
5576,discharge,Falun,2019.0,16.85909068493151,-0.41669828269632364,Linear
5577,discharge,Falun,2020.0,17.211101092896175,2.0749262591922095,Linear
5578,discharge,Falun,2021.0,23.200139726027395,38.15487368349555,Linear
5579,discharge,Falun,2022.0,12.336037637362637,-26.239527590866494,Linear
5580,discharge,Filipstad,2005.0,1.4275394520547946,-42.28015510567074,Linear
5581,discharge,Filipstad,2006.0,2.573257808219178,4.223621680479002,Linear
5582,discharge,Filipstad,2007.0,2.3566772602739725,-4.384108038144352,Linear
5583,discharge,Filipstad,2008.0,3.014801366120219,22.52848636248115,Linear
5584,discharge,Filipstad,2009.0,2.826772876712329,15.085065256323308,Linear
5585,discharge,Filipstad,2010.0,1.9810720547945209,-19.205963060477906,Linear
5586,discharge,Filipstad,2011.0,2.39572794520548,-2.1256658939039097,Linear
5587,discharge,Filipstad,2012.0,3.547569398907104,45.18301522910364,Linear
5588,discharge,Filipstad,2013.0,1.5544446575342463,-36.27423224958255,Linear
5589,discharge,Filipstad,2014.0,3.383126575342466,38.935834221111406,Linear
5590,discharge,Filipstad,2015.0,2.965298904109589,21.989383670205633,Linear
5591,discharge,Filipstad,2016.0,2.012557923497268,-17.06061590443253,Linear
5592,discharge,Filipstad,2017.0,2.374449315068493,-1.975303464526218,Linear
5593,discharge,Filipstad,2018.0,1.7685098630136984,-26.86224797138013,Linear
5594,discharge,Filipstad,2019.0,3.0054432876712327,24.51036748866762,Linear
5595,discharge,Filipstad,2020.0,2.5110245901639345,4.210658908538658,Linear
5596,discharge,Filipstad,2021.0,2.7205953424657534,13.107309528975286,Linear
5597,discharge,Filipstad,2022.0,1.4498299450549452,-39.617556354132965,Linear
5598,discharge,Gagnef,2005.0,111.59920547945204,-11.963364989040665,Linear
5599,discharge,Gagnef,2006.0,139.63142465753424,10.304766452545142,Linear
5600,discharge,Gagnef,2007.0,84.14298630136986,-33.436114494634865,Linear
5601,discharge,Gagnef,2008.0,137.35795081967214,8.814065541390862,Linear
5602,discharge,Gagnef,2009.0,144.0478328767123,14.274495374324383,Linear
5603,discharge,Gagnef,2010.0,136.76280273972603,8.648262873608347,Linear
5604,discharge,Gagnef,2011.0,118.02754246575344,-6.103104251928784,Linear
5605,discharge,Gagnef,2012.0,149.582912568306,19.16913792765927,Linear
5606,discharge,Gagnef,2013.0,90.43947123287673,-27.84695924588932,Linear
5607,discharge,Gagnef,2014.0,164.1885424657534,31.176232789196494,Linear
5608,discharge,Gagnef,2015.0,154.79437808219177,23.84658838442137,Linear
5609,discharge,Gagnef,2016.0,106.68217486338796,-14.52518720536807,Linear
5610,discharge,Gagnef,2017.0,100.81670410958904,-19.109577168880556,Linear
5611,discharge,Gagnef,2018.0,104.05409863013698,-16.392931546858154,Linear
5612,discharge,Gagnef,2019.0,137.65921643835617,10.766689447215102,Linear
5613,discharge,Gagnef,2020.0,149.7857295081967,20.69666954019636,Linear
5614,discharge,Gagnef,2021.0,141.75344657534248,14.387963650361765,Linear
5615,discharge,Gagnef,2022.0,83.2665521978022,-32.711626653292996,Linear
5616,discharge,Gotland,2005.0,0.8860630136986302,-32.37825590862629,Linear
5617,discharge,Gotland,2006.0,0.9876690410958904,-23.77231525994164,Linear
5618,discharge,Gotland,2007.0,1.5335794520547947,19.713339483337602,Linear
5619,discharge,Gotland,2008.0,1.381004918032787,9.049377080397022,Linear
5620,discharge,Gotland,2009.0,1.3141760273972602,4.985965125075708,Linear
5621,discharge,Gotland,2010.0,2.192624520547945,77.2356646823602,Linear
5622,discharge,Gotland,2011.0,1.5013072602739723,22.80792840326459,Linear
5623,discharge,Gotland,2012.0,1.5060997267759562,24.693210336505587,Linear
5624,discharge,Gotland,2013.0,0.7732353424657533,-35.196742836985514,Linear
5625,discharge,Gotland,2014.0,0.7008390410958905,-40.53452812582356,Linear
5626,discharge,Gotland,2015.0,0.6967356164383561,-40.139125844353806,Linear
5627,discharge,Gotland,2016.0,0.6957602459016393,-39.46147627234035,Linear
5628,discharge,Gotland,2017.0,1.6474409589041097,45.19435184131477,Linear
5629,discharge,Gotland,2018.0,0.9259032876712328,-17.33047509356384,Linear
5630,discharge,Gotland,2019.0,1.17015301369863,5.861155825953763,Linear
5631,discharge,Gotland,2020.0,0.9784374316939892,-10.294848912816708,Linear
5632,discharge,Gotland,2021.0,1.3329176712328767,23.867177458740603,Linear
5633,discharge,Gotland,2022.0,1.121975412087912,5.702494780335026,Linear
5634,discharge,Gällivare,2005.0,25.12299931506849,15.562543128026501,Linear
5635,discharge,Gällivare,2006.0,19.28124369863014,-11.906398196500183,Linear
5636,discharge,Gällivare,2007.0,25.543167534246574,15.922439831424537,Linear
5637,discharge,Gällivare,2008.0,22.025073907103828,-0.708280926770808,Linear
5638,discharge,Gällivare,2009.0,17.120150547945205,-23.330024042384125,Linear
5639,discharge,Gällivare,2010.0,18.77642232876712,-16.464393451494743,Linear
5640,discharge,Gällivare,2011.0,25.64395369863014,13.345296918075608,Linear
5641,discharge,Gällivare,2012.0,25.156362158469943,10.47004945639166,Linear
5642,discharge,Gällivare,2013.0,22.692132328767123,-0.992424966863197,Linear
5643,discharge,Gällivare,2014.0,19.168494383561644,-16.901055667612834,Linear
5644,discharge,Gällivare,2015.0,27.94896315068493,20.394139718232633,Linear
5645,discharge,Gällivare,2016.0,23.59833961748634,1.0114869628425156,Linear
5646,discharge,Gällivare,2017.0,26.07991917808219,10.933454411285389,Linear
5647,discharge,Gällivare,2018.0,19.504237397260276,-17.554047460570285,Linear
5648,discharge,Gällivare,2019.0,20.19301424657534,-15.171367437191464,Linear
5649,discharge,Gällivare,2020.0,26.290234699453556,9.762350122038752,Linear
5650,discharge,Gällivare,2021.0,21.523704520547945,-10.687953568582346,Linear
5651,discharge,Gällivare,2022.0,28.21157554945055,16.35115813388803,Linear
5652,discharge,Gävle,2005.0,12.524383561643834,-27.91371489191051,Linear
5653,discharge,Gävle,2006.0,23.764624657534245,36.972084121878275,Linear
5654,discharge,Gävle,2007.0,12.655068493150686,-26.958233684139383,Linear
5655,discharge,Gävle,2008.0,19.666939890710385,13.671100710171974,Linear
5656,discharge,Gävle,2009.0,22.2827397260274,28.970154129799596,Linear
5657,discharge,Gävle,2010.0,18.489315068493152,7.164184000716908,Linear
5658,discharge,Gävle,2011.0,15.764109589041094,-8.50289702395391,Linear
5659,discharge,Gävle,2012.0,23.36120218579235,35.78225017123611,Linear
5660,discharge,Gävle,2013.0,11.15780821917808,-35.056232560738515,Linear
5661,discharge,Gävle,2014.0,11.466575342465754,-33.165000605767304,Linear
5662,discharge,Gävle,2015.0,14.924383561643834,-12.887772848370355,Linear
5663,discharge,Gävle,2016.0,14.947049180327868,-12.632171919432034,Linear
5664,discharge,Gävle,2017.0,14.607616438356164,-14.495364277856481,Linear
5665,discharge,Gävle,2018.0,19.597738630136988,14.876544594059121,Linear
5666,discharge,Gävle,2019.0,21.60957095890411,26.849137185488114,Linear
5667,discharge,Gävle,2020.0,16.673468032786886,-1.9868922332525347,Linear
5668,discharge,Gävle,2021.0,25.7287397260274,51.45878032389278,Linear
5669,discharge,Gävle,2022.0,9.814051923076924,-42.14473386406771,Linear
5670,discharge,Habo,2005.0,0.4809983561643836,-29.860921083602854,Linear
5671,discharge,Habo,2006.0,0.6001616438356164,-10.57966280945357,Linear
5672,discharge,Habo,2007.0,0.87040301369863,32.570184291852186,Linear
5673,discharge,Habo,2008.0,0.7213139344262295,12.36272738738237,Linear
5674,discharge,Habo,2009.0,0.4921934246575342,-21.543088830046745,Linear
5675,discharge,Habo,2010.0,0.567386301369863,-7.400792987877606,Linear
5676,discharge,Habo,2011.0,0.7593213698630138,26.950381879653058,Linear
5677,discharge,Habo,2012.0,0.7389073770491803,26.63026572135892,Linear
5678,discharge,Habo,2013.0,0.544506301369863,-4.28899982676798,Linear
5679,discharge,Habo,2014.0,0.5852920547945205,5.591624942729425,Linear
5680,discharge,Habo,2015.0,0.5436682191780822,0.7373371860259597,Linear
5681,discharge,Habo,2016.0,0.4229245901639344,-19.455206223068267,Linear
5682,discharge,Habo,2017.0,0.5158879452054794,1.0611511665769982,Linear
5683,discharge,Habo,2018.0,0.4956112328767123,-0.05060562128071294,Linear
5684,discharge,Habo,2019.0,0.4287232876712329,-10.915244722552334,Linear
5685,discharge,Habo,2020.0,0.4447844262295082,-4.684493430032511,Linear
5686,discharge,Habo,2021.0,0.4566619178082192,1.0234764032880324,Linear
5687,discharge,Habo,2022.0,0.4400951923076923,0.610081648768457,Linear
5688,discharge,Hallstahammar,2005.0,0.1769106849315068,-41.519061682530044,Linear
5689,discharge,Hallstahammar,2006.0,0.3915657534246575,31.549106309684106,Linear
5690,discharge,Hallstahammar,2007.0,0.2051120547945205,-29.949255511364044,Linear
5691,discharge,Hallstahammar,2008.0,0.3679975409836065,27.79802738602426,Linear
5692,discharge,Hallstahammar,2009.0,0.2998268493150685,5.908488145284193,Linear
5693,discharge,Hallstahammar,2010.0,0.2418942465753424,-13.065048664822237,Linear
5694,discharge,Hallstahammar,2011.0,0.3364120547945206,23.049870571880266,Linear
5695,discharge,Hallstahammar,2012.0,0.3710945355191257,38.18844943653519,Linear
5696,discharge,Hallstahammar,2013.0,0.1914742465753424,-27.386569388872957,Linear
5697,discharge,Hallstahammar,2014.0,0.2900578082191781,12.06181345300054,Linear
5698,discharge,Hallstahammar,2015.0,0.3145931506849315,23.862976718839114,Linear
5699,discharge,Hallstahammar,2016.0,0.1805306010928961,-27.536251037648974,Linear
5700,discharge,Hallstahammar,2017.0,0.2025013698630137,-17.10268760255846,Linear
5701,discharge,Hallstahammar,2018.0,0.1760580821917808,-26.466984924065407,Linear
5702,discharge,Hallstahammar,2019.0,0.301666301369863,28.601357933348588,Linear
5703,discharge,Hallstahammar,2020.0,0.1822368852459016,-20.670763271618174,Linear
5704,discharge,Hallstahammar,2021.0,0.2959583561643835,31.613263803823187,Linear
5705,discharge,Hallstahammar,2022.0,0.1768541208791208,-19.61804223797671,Linear
5706,discharge,Halmstad,2005.0,5.426349589041096,-16.913133529222485,Linear
5707,discharge,Halmstad,2006.0,6.751064383561644,4.293523868236711,Linear
5708,discharge,Halmstad,2007.0,8.07049506849315,25.7999224704825,Linear
5709,discharge,Halmstad,2008.0,7.565335245901639,18.997744786245388,Linear
5710,discharge,Halmstad,2009.0,4.409151232876712,-30.01067597863532,Linear
5711,discharge,Halmstad,2010.0,6.1083090410958905,-2.1410363242014467,Linear
5712,discharge,Halmstad,2011.0,7.151121643835617,15.636202288093223,Linear
5713,discharge,Halmstad,2012.0,6.427976229508197,4.9232890804707266,Linear
5714,discharge,Halmstad,2013.0,4.541283835616438,-25.167041484850056,Linear
5715,discharge,Halmstad,2014.0,5.919026575342466,-1.526224746274355,Linear
5716,discharge,Halmstad,2015.0,6.486168493150685,8.956892921802467,Linear
5717,discharge,Halmstad,2016.0,3.984330601092896,-32.413652606783735,Linear
5718,discharge,Halmstad,2017.0,6.928531506849316,18.692609317759,Linear
5719,discharge,Halmstad,2018.0,4.424581095890411,-23.44455420092948,Linear
5720,discharge,Halmstad,2019.0,6.959803835616438,21.6370311887171,Linear
5721,discharge,Halmstad,2020.0,7.171835519125683,26.621755642928925,Linear
5722,discharge,Halmstad,2021.0,6.176079726027397,10.165427780008237,Linear
5723,discharge,Halmstad,2022.0,4.212485714285714,-24.077332977049064,Linear
5724,discharge,Heby,2005.0,0.0902164383561643,-17.08524799791665,Linear
5725,discharge,Heby,2006.0,0.1189112328767123,10.796652285982503,Linear
5726,discharge,Heby,2007.0,0.1026476712328767,-3.0175056121322563,Linear
5727,discharge,Heby,2008.0,0.1249382513661202,19.71963025693967,Linear
5728,discharge,Heby,2009.0,0.1062531506849315,3.2821084588928677,Linear
5729,discharge,Heby,2010.0,0.0926383561643835,-8.635467247425428,Linear
5730,discharge,Heby,2011.0,0.0912536986301369,-8.665757018786941,Linear
5731,discharge,Heby,2012.0,0.1190177595628415,20.916872263307702,Linear
5732,discharge,Heby,2013.0,0.0857860273972602,-11.512446803409295,Linear
5733,discharge,Heby,2014.0,0.1021967123287671,7.051955466151193,Linear
5734,discharge,Heby,2015.0,0.0932276712328767,-0.8028259072313473,Linear
5735,discharge,Heby,2016.0,0.0771409836065573,-16.604141256982345,Linear
5736,discharge,Heby,2017.0,0.0798486301369863,-12.27099825240891,Linear
5737,discharge,Heby,2018.0,0.0864819178082191,-3.409891344302143,Linear
5738,discharge,Heby,2019.0,0.1064013698630137,20.83848024307855,Linear
5739,discharge,Heby,2020.0,0.0808680327868852,-6.586699395708489,Linear
5740,discharge,Heby,2021.0,0.094485205479452,11.044440041458039,Linear
5741,discharge,Heby,2022.0,0.0793912087912087,-5.040497660488554,Linear
5742,discharge,Helsingborg,2005.0,0.9399421917808218,-34.00188375078371,Linear
5743,discharge,Helsingborg,2006.0,1.876967397260274,33.44742783967133,Linear
5744,discharge,Helsingborg,2007.0,2.0544413698630137,47.92408404623305,Linear
5745,discharge,Helsingborg,2008.0,1.4468672131147542,5.520248065441644,Linear
5746,discharge,Helsingborg,2009.0,0.9571657534246576,-29.28225103287414,Linear
5747,discharge,Helsingborg,2010.0,1.055271780821918,-21.002416990534314,Linear
5748,discharge,Helsingborg,2011.0,1.3179890410958903,-0.012546512000912861,Linear
5749,discharge,Helsingborg,2012.0,1.192712295081967,-8.286828132170132,Linear
5750,discharge,Helsingborg,2013.0,1.0938208219178085,-14.732264613526938,Linear
5751,discharge,Helsingborg,2014.0,1.387516712328767,9.673507307074559,Linear
5752,discharge,Helsingborg,2015.0,1.5367065753424658,23.186803915437775,Linear
5753,discharge,Helsingborg,2016.0,0.7688284153005466,-37.48279213006525,Linear
5754,discharge,Helsingborg,2017.0,1.5467813698630135,27.610289458764104,Linear
5755,discharge,Helsingborg,2018.0,0.7690054794520548,-35.61789835646439,Linear
5756,discharge,Helsingborg,2019.0,1.4137460273972602,20.138210745932696,Linear
5757,discharge,Helsingborg,2020.0,1.0067994535519127,-13.139014722555578,Linear
5758,discharge,Helsingborg,2021.0,1.4864457534246571,30.22784230096494,Linear
5759,discharge,Helsingborg,2022.0,1.0804640109890111,-3.851564954641953,Linear
5760,discharge,Hultsfred,2005.0,0.0373260273972602,-24.03150086537315,Linear
5761,discharge,Hultsfred,2006.0,0.0396356164383561,-16.244006865751157,Linear
5762,discharge,Hultsfred,2007.0,0.0618997260273972,36.00782304481123,Linear
5763,discharge,Hultsfred,2008.0,0.039289344262295,-10.095194287432127,Linear
5764,discharge,Hultsfred,2009.0,0.0278013698630137,-33.632781305464725,Linear
5765,discharge,Hultsfred,2010.0,0.0754468493150685,88.24356525971511,Linear
5766,discharge,Hultsfred,2011.0,0.0458019178082191,19.68555961427926,Linear
5767,discharge,Hultsfred,2012.0,0.0326439890710382,-10.460658263683849,Linear
5768,discharge,Hultsfred,2013.0,0.0335534246575342,-3.155967883650658,Linear
5769,discharge,Hultsfred,2014.0,0.0289819178082191,-11.737455227988331,Linear
5770,discharge,Hultsfred,2015.0,0.032305205479452,4.1257091785681865,Linear
5771,discharge,Hultsfred,2016.0,0.0093423497267759,-68.02137789673552,Linear
5772,discharge,Hultsfred,2017.0,0.0234923287671232,-14.27259802568627,Linear
5773,discharge,Hultsfred,2018.0,0.0403353424657534,57.60495216674871,Linear
5774,discharge,Hultsfred,2019.0,0.0135887671232876,-42.860767392892015,Linear
5775,discharge,Hultsfred,2020.0,0.0161155737704918,-26.65075311336011,Linear
5776,discharge,Hultsfred,2021.0,0.0276649315068493,37.22562884374383,Linear
5777,discharge,Hultsfred,2022.0,0.0221214285714285,20.557066920724846,Linear
5778,discharge,Hylte,2005.0,9.040052602739726,-17.78592051935492,Linear
5779,discharge,Hylte,2006.0,10.494598904109589,-2.7025035301893174,Linear
5780,discharge,Hylte,2007.0,12.491421095890413,18.106109417707582,Linear
5781,discharge,Hylte,2008.0,12.750362568306011,22.9924430690085,Linear
5782,discharge,Hylte,2009.0,6.630976712328768,-34.71604805478618,Linear
5783,discharge,Hylte,2010.0,9.90766,-0.4002747244859799,Linear
5784,discharge,Hylte,2011.0,12.146022191780824,24.730362892696956,Linear
5785,discharge,Hylte,2012.0,11.45888743169399,20.263266541227104,Linear
5786,discharge,Hylte,2013.0,6.741304657534246,-27.656878726947355,Linear
5787,discharge,Hylte,2014.0,10.363743561643837,13.776503409389084,Linear
5788,discharge,Hylte,2015.0,9.042185479452057,1.6066434061429689,Linear
5789,discharge,Hylte,2016.0,6.040952732240437,-30.480281315708012,Linear
5790,discharge,Hylte,2017.0,9.225186575342466,8.78887523299142,Linear
5791,discharge,Hylte,2018.0,5.84399095890411,-29.337146513894446,Linear
5792,discharge,Hylte,2019.0,9.81732493150685,21.794112309319374,Linear
5793,discharge,Hylte,2020.0,10.076438797814207,28.346963054152752,Linear
5794,discharge,Hylte,2021.0,8.281601369863015,8.379728628892066,Linear
5795,discharge,Hylte,2022.0,5.493674175824176,-26.077115847522492,Linear
5796,discharge,Härjedalen,2005.0,5.681899543378996,1.0739356991372142,Linear
5797,discharge,Härjedalen,2006.0,5.166868584474886,-7.6765676906032265,Linear
5798,discharge,Härjedalen,2007.0,4.542777168949772,-18.463220120966835,Linear
5799,discharge,Härjedalen,2008.0,5.494276684881602,-0.9398420064930059,Linear
5800,discharge,Härjedalen,2009.0,6.095426666666667,10.397139943257022,Linear
5801,discharge,Härjedalen,2010.0,5.7461598173515975,4.545553695358385,Linear
5802,discharge,Härjedalen,2011.0,6.496029771689497,18.72961031660693,Linear
5803,discharge,Härjedalen,2012.0,6.038583333333334,10.876208586484637,Linear
5804,discharge,Härjedalen,2013.0,4.5576057534246575,-15.929911240906906,Linear
5805,discharge,Härjedalen,2014.0,6.176568949771689,14.462376851252879,Linear
5806,discharge,Härjedalen,2015.0,6.1464241095890415,14.4347848017058,Linear
5807,discharge,Härjedalen,2016.0,4.3084014571949,-19.409990846051542,Linear
5808,discharge,Härjedalen,2017.0,5.081348675799087,-4.504463313191236,Linear
5809,discharge,Härjedalen,2018.0,4.742971598173516,-10.442233135519068,Linear
5810,discharge,Härjedalen,2019.0,4.699822100456621,-10.835389777425926,Linear
5811,discharge,Härjedalen,2020.0,5.9288514571949,13.018576381446545,Linear
5812,discharge,Härjedalen,2021.0,5.6575691324200905,8.364540826188378,Linear
5813,discharge,Härjedalen,2022.0,4.794603067765568,-7.722028649413828,Linear
5814,discharge,Härnösand,2005.0,1.281998082191781,-14.637050982126459,Linear
5815,discharge,Härnösand,2006.0,2.035354794520548,36.76147222667531,Linear
5816,discharge,Härnösand,2007.0,0.7220172602739725,-51.039151896135124,Linear
5817,discharge,Härnösand,2008.0,1.4445857923497267,-1.1312211720905774,Linear
5818,discharge,Härnösand,2009.0,1.8094279452054796,24.9997250469118,Linear
5819,discharge,Härnösand,2010.0,1.0395512328767125,-27.505717437068483,Linear
5820,discharge,Härnösand,2011.0,1.3434153424657536,-5.420471962640656,Linear
5821,discharge,Härnösand,2012.0,2.0734674863387976,47.38479483766461,Linear
5822,discharge,Härnösand,2013.0,1.5815397260273971,13.512730511352972,Linear
5823,discharge,Härnösand,2014.0,1.6949238356164384,22.847085657019715,Linear
5824,discharge,Härnösand,2015.0,1.206853698630137,-11.6591633650849,Linear
5825,discharge,Härnösand,2016.0,0.9280762295081968,-31.383969923382722,Linear
5826,discharge,Härnösand,2017.0,1.0883457534246574,-18.719271127519974,Linear
5827,discharge,Härnösand,2018.0,1.565126301369863,18.084652316601417,Linear
5828,discharge,Härnösand,2019.0,1.207890410958904,-7.9252647041348405,Linear
5829,discharge,Härnösand,2020.0,1.5493513661202185,19.337849614224876,Linear
5830,discharge,Härnösand,2021.0,1.5486405479452054,20.542917147790618,Linear
5831,discharge,Härnösand,2022.0,0.8361903846153846,-34.21793995691632,Linear
5832,discharge,Högsby,2005.0,4.641229863013699,-33.48084893311889,Linear
5833,discharge,Högsby,2006.0,7.493492328767124,9.739661372761867,Linear
5834,discharge,Högsby,2007.0,8.534170273972602,27.76526986330703,Linear
5835,discharge,Högsby,2008.0,7.404875956284152,13.385418251657551,Linear
5836,discharge,Högsby,2009.0,4.417103698630137,-30.78653199291991,Linear
5837,discharge,Högsby,2010.0,8.486261506849315,36.15053993120306,Linear
5838,discharge,Högsby,2011.0,6.8849161643835615,13.161664765457607,Linear
5839,discharge,Högsby,2012.0,6.421813661202186,8.197227848573895,Linear
5840,discharge,Högsby,2013.0,5.578815890410959,-3.5879125863310324,Linear
5841,discharge,Högsby,2014.0,5.190083287671232,-7.9375959931279825,Linear
5842,discharge,Högsby,2015.0,4.347616438356164,-20.789887994053867,Linear
5843,discharge,Högsby,2016.0,3.600925683060109,-32.565128148784524,Linear
5844,discharge,Högsby,2017.0,4.003780821917808,-22.870721423527993,Linear
5845,discharge,Högsby,2018.0,5.513936301369864,9.35699990210248,Linear
5846,discharge,Högsby,2019.0,4.731964657534247,-3.2967897990820996,Linear
5847,discharge,Högsby,2020.0,4.941075409836065,4.144784802082369,Linear
5848,discharge,Högsby,2021.0,6.448233561643836,40.314056146756094,Linear
5849,discharge,Högsby,2022.0,4.175693269230769,-6.094877026079288,Linear
5850,discharge,Hörby,2005.0,1.465224109589041,-15.642946442752493,Linear
5851,discharge,Hörby,2006.0,1.911531232876712,10.7463746414587,Linear
5852,discharge,Hörby,2007.0,2.671576164383562,55.762795502747956,Linear
5853,discharge,Hörby,2008.0,1.8263560109289616,7.163567699843587,Linear
5854,discharge,Hörby,2009.0,0.9918517808219176,-41.427767294983155,Linear
5855,discharge,Hörby,2010.0,1.2119745205479453,-27.965636990610765,Linear
5856,discharge,Hörby,2011.0,2.00123698630137,19.71929903401098,Linear
5857,discharge,Hörby,2012.0,1.3004707650273224,-21.692370851638785,Linear
5858,discharge,Hörby,2013.0,1.2610131506849314,-23.567229790438272,Linear
5859,discharge,Hörby,2014.0,1.77978301369863,8.593156636749244,Linear
5860,discharge,Hörby,2015.0,1.9364364383561643,18.94144942124315,Linear
5861,discharge,Hörby,2016.0,1.4298964480874317,-11.580395139240087,Linear
5862,discharge,Hörby,2017.0,2.1930942465753427,36.53216107581777,Linear
5863,discharge,Hörby,2018.0,1.234420273972603,-22.626123958326907,Linear
5864,discharge,Hörby,2019.0,1.6429465753424657,3.6880275079152725,Linear
5865,discharge,Hörby,2020.0,1.270606010928962,-19.255965636967424,Linear
5866,discharge,Hörby,2021.0,2.1794378082191783,39.46305592494222,Linear
5867,discharge,Hörby,2022.0,1.2911549450549449,-16.798856291805777,Linear
5868,discharge,Jokkmokk,2005.0,41.10826301369863,23.5266265838152,Linear
5869,discharge,Jokkmokk,2006.0,27.752297397260275,-16.92893680672767,Linear
5870,discharge,Jokkmokk,2007.0,37.12244095890411,10.69122789060057,Linear
5871,discharge,Jokkmokk,2008.0,29.983651639344263,-10.937786630118454,Linear
5872,discharge,Jokkmokk,2009.0,29.537010547945204,-12.599451334452999,Linear
5873,discharge,Jokkmokk,2010.0,28.619224383561644,-15.637299771646331,Linear
5874,discharge,Jokkmokk,2011.0,43.81154315068493,28.656708667514287,Linear
5875,discharge,Jokkmokk,2012.0,35.695444672131146,4.427334516492884,Linear
5876,discharge,Jokkmokk,2013.0,32.6526793150685,-4.833539346721453,Linear
5877,discharge,Jokkmokk,2014.0,27.575477671232875,-19.932184635908907,Linear
5878,discharge,Jokkmokk,2015.0,42.56237369863014,23.122297700672306,Linear
5879,discharge,Jokkmokk,2016.0,31.05488770491803,-10.500044110748911,Linear
5880,discharge,Jokkmokk,2017.0,37.39027260273973,7.359253302761258,Linear
5881,discharge,Jokkmokk,2018.0,31.09752095890411,-11.03881199474388,Linear
5882,discharge,Jokkmokk,2019.0,29.83655561643836,-14.95997835259581,Linear
5883,discharge,Jokkmokk,2020.0,38.83147213114754,10.271752492669977,Linear
5884,discharge,Jokkmokk,2021.0,33.92044082191781,-4.026024417187494,Linear
5885,discharge,Jokkmokk,2022.0,40.209903296703295,13.355446237585664,Linear
5886,discharge,Jönköping,2005.0,2.148594109589041,-35.67564131624331,Linear
5887,discharge,Jönköping,2006.0,2.9215835616438355,-10.441527929092267,Linear
5888,discharge,Jönköping,2007.0,3.963086575342466,24.462300343295297,Linear
5889,discharge,Jönköping,2008.0,3.730414207650273,20.098665558899462,Linear
5890,discharge,Jönköping,2009.0,2.046886575342466,-32.40322003599616,Linear
5891,discharge,Jönköping,2010.0,3.1972145205479454,8.378635612054412,Linear
5892,discharge,Jönköping,2011.0,3.757118219178082,30.8188950702147,Linear
5893,discharge,Jönköping,2012.0,3.8990721311475407,39.55371272062088,Linear
5894,discharge,Jönköping,2013.0,2.078830547945205,-23.45749003378688,Linear
5895,discharge,Jönköping,2014.0,3.396529589041096,28.76008028250874,Linear
5896,discharge,Jönköping,2015.0,2.657747671232877,3.8250391331836155,Linear
5897,discharge,Jönköping,2016.0,1.6474642076502732,-33.61794207435182,Linear
5898,discharge,Jönköping,2017.0,2.213322602739726,-7.922087172570514,Linear
5899,discharge,Jönköping,2018.0,1.9303206849315069,-17.000732699972588,Linear
5900,discharge,Jönköping,2019.0,2.225635205479452,-0.9801830977017633,Linear
5901,discharge,Jönköping,2020.0,2.7400896174863383,26.293247373187313,Linear
5902,discharge,Jönköping,2021.0,1.8218290410958904,-12.897125771008366,Linear
5903,discharge,Jönköping,2022.0,1.8083804945054944,-10.189062673711083,Linear
5904,discharge,Kalmar,2005.0,1.4762013698630136,-29.90744270214191,Linear
5905,discharge,Kalmar,2006.0,2.4671761643835617,18.104363617272533,Linear
5906,discharge,Kalmar,2007.0,2.8170504109589043,35.965576249285235,Linear
5907,discharge,Kalmar,2008.0,2.0274341530054643,-1.3313381122411467,Linear
5908,discharge,Kalmar,2009.0,1.072105205479452,-47.38639302556082,Linear
5909,discharge,Kalmar,2010.0,2.523978904109589,24.91228408247738,Linear
5910,discharge,Kalmar,2011.0,2.3497356164383563,17.28116516514883,Linear
5911,discharge,Kalmar,2012.0,1.7805090163934425,-10.365559722436544,Linear
5912,discharge,Kalmar,2013.0,1.83960301369863,-6.586752092610598,Linear
5913,discharge,Kalmar,2014.0,2.231772602739726,14.319588937130156,Linear
5914,discharge,Kalmar,2015.0,1.6980399999999998,-12.251786643840346,Linear
5915,discharge,Kalmar,2016.0,1.836168306010929,-4.268161605806311,Linear
5916,discharge,Kalmar,2017.0,1.677881095890411,-11.734062419981125,Linear
5917,discharge,Kalmar,2018.0,2.0341408219178083,7.978214375291569,Linear
5918,discharge,Kalmar,2019.0,1.8099824657534247,-3.0409337208718528,Linear
5919,discharge,Kalmar,2020.0,1.675456830601093,-9.41784441642844,Linear
5920,discharge,Kalmar,2021.0,2.5720301369863017,40.351775630492945,Linear
5921,discharge,Kalmar,2022.0,1.4045887362637364,-22.632015746220105,Linear
5922,discharge,Karlsborg,2005.0,0.296638904109589,-33.989414770939334,Linear
5923,discharge,Karlsborg,2006.0,0.4920361643835616,11.514035828737525,Linear
5924,discharge,Karlsborg,2007.0,0.4475293150684931,3.335410237100072,Linear
5925,discharge,Karlsborg,2008.0,0.4626863387978142,8.883804967220879,Linear
5926,discharge,Karlsborg,2009.0,0.3461786301369863,-16.941225702566435,Linear
5927,discharge,Karlsborg,2010.0,0.339084109589041,-17.021156702328344,Linear
5928,discharge,Karlsborg,2011.0,0.4597019178082192,14.784604801739947,Linear
5929,discharge,Karlsborg,2012.0,0.6319672131147541,61.075348158059796,Linear
5930,discharge,Karlsborg,2013.0,0.3848808219178082,0.17869474121987083,Linear
5931,discharge,Karlsborg,2014.0,0.4024523287671233,7.022108871274788,Linear
5932,discharge,Karlsborg,2015.0,0.4835739726027397,31.442526272828207,Linear
5933,discharge,Karlsborg,2016.0,0.2620685792349727,-27.152450287655792,Linear
5934,discharge,Karlsborg,2017.0,0.2293246575342465,-34.77702232884257,Linear
5935,discharge,Karlsborg,2018.0,0.2668457534246575,-22.304950066076092,Linear
5936,discharge,Karlsborg,2019.0,0.3534602739726027,5.414745961123608,Linear
5937,discharge,Karlsborg,2020.0,0.3835420765027322,17.235198487384345,Linear
5938,discharge,Karlsborg,2021.0,0.372078904109589,16.636317026732826,Linear
5939,discharge,Karlsborg,2022.0,0.2281123626373626,-26.618809350412786,Linear
5940,discharge,Karlshamn,2005.0,25.34280465753425,-20.093428303953328,Linear
5941,discharge,Karlshamn,2006.0,30.144706301369865,-3.1677696615978497,Linear
5942,discharge,Karlshamn,2007.0,43.80157041095891,43.394613619659744,Linear
5943,discharge,Karlshamn,2008.0,30.96604207650273,3.35280784685816,Linear
5944,discharge,Karlshamn,2009.0,22.825149315068494,-22.302141403431406,Linear
5945,discharge,Karlshamn,2010.0,31.637720273972604,9.883255058456017,Linear
5946,discharge,Karlshamn,2011.0,34.28990547945206,21.563351356648305,Linear
5947,discharge,Karlshamn,2012.0,31.023581693989076,12.311697253180498,Linear
5948,discharge,Karlshamn,2013.0,20.273678356164385,-25.01801972982628,Linear
5949,discharge,Karlshamn,2014.0,23.032491506849315,-12.93177220084576,Linear
5950,discharge,Karlshamn,2015.0,28.43164684931507,9.907529348189474,Linear
5951,discharge,Karlshamn,2016.0,17.790798907103824,-29.636174883276624,Linear
5952,discharge,Karlshamn,2017.0,17.01136301369863,-31.126212866298914,Linear
5953,discharge,Karlshamn,2018.0,26.079095616438355,8.146301897844694,Linear
5954,discharge,Karlshamn,2019.0,18.282792602739725,-22.299939297633316,Linear
5955,discharge,Karlshamn,2020.0,33.244932786885244,44.887927746030975,Linear
5956,discharge,Karlshamn,2021.0,24.6793794520548,10.369984107457668,Linear
5957,discharge,Karlshamn,2022.0,22.56539148351648,3.6255041191248645,Linear
5958,discharge,Karlskrona,2005.0,3.553755616438356,-26.03208177097034,Linear
5959,discharge,Karlskrona,2006.0,5.045383835616438,6.415973811711581,Linear
5960,discharge,Karlskrona,2007.0,6.671073698630137,42.60753099886317,Linear
5961,discharge,Karlskrona,2008.0,4.741047540983606,2.7388224974118707,Linear
5962,discharge,Karlskrona,2009.0,2.7518712328767125,-39.53785259604288,Linear
5963,discharge,Karlskrona,2010.0,4.9883568493150685,11.145549914520664,Linear
5964,discharge,Karlskrona,2011.0,5.763787534246576,30.25905913885118,Linear
5965,discharge,Karlskrona,2012.0,3.8785774590163937,-11.07443370211303,Linear
5966,discharge,Karlskrona,2013.0,3.2907056164383564,-23.44231670076168,Linear
5967,discharge,Karlskrona,2014.0,4.667460273972603,10.209759318053777,Linear
5968,discharge,Karlskrona,2015.0,4.462800684931507,6.975300200665294,Linear
5969,discharge,Karlskrona,2016.0,3.0011718579234974,-26.952833290501605,Linear
5970,discharge,Karlskrona,2017.0,4.041151506849316,-0.10192517868564645,Linear
5971,discharge,Karlskrona,2018.0,4.497919178082192,12.956010362789359,Linear
5972,discharge,Karlskrona,2019.0,3.6677694520547934,-6.4044769408941855,Linear
5973,discharge,Karlskrona,2020.0,4.318390983606557,12.006587032541939,Linear
5974,discharge,Karlskrona,2021.0,4.014386164383561,5.858628084605567,Linear
5975,discharge,Karlskrona,2022.0,3.4450331043956046,-7.613840628068003,Linear
5976,discharge,Kil,2005.0,0.0470994520547945,-63.163795945246335,Linear
5977,discharge,Kil,2006.0,0.142957808219178,12.525743477755876,Linear
5978,discharge,Kil,2007.0,0.1009860273972602,-19.99663255659797,Linear
5979,discharge,Kil,2008.0,0.158735519125683,26.573349564221388,Linear
5980,discharge,Kil,2009.0,0.1380816438356164,10.826528249349579,Linear
5981,discharge,Kil,2010.0,0.1451947945205479,17.30516623276916,Linear
5982,discharge,Kil,2011.0,0.1463268493150685,19.00559053912804,Linear
5983,discharge,Kil,2012.0,0.16450956284153,34.68862806360812,Linear
5984,discharge,Kil,2013.0,0.0757197260273972,-37.588488509554566,Linear
5985,discharge,Kil,2014.0,0.1757742465753424,45.86345868225706,Linear
5986,discharge,Kil,2015.0,0.1497517808219178,25.117722825144305,Linear
5987,discharge,Kil,2016.0,0.072431693989071,-39.067176363848034,Linear
5988,discharge,Kil,2017.0,0.0904961643835616,-23.34346387850059,Linear
5989,discharge,Kil,2018.0,0.1005994520547945,-14.191204166438931,Linear
5990,discharge,Kil,2019.0,0.1692180821917808,45.35207723459519,Linear
5991,discharge,Kil,2020.0,0.1092404371584699,-5.503093729987247,Linear
5992,discharge,Kil,2021.0,0.1272032876712328,10.818914862175264,Linear
5993,discharge,Kil,2022.0,0.0621376373626373,-45.47775765882491,Linear
5994,discharge,Kinda,2005.0,1.7430986301369862,-23.4174974053796,Linear
5995,discharge,Kinda,2006.0,2.146108493150685,-3.2342564617850544,Linear
5996,discharge,Kinda,2007.0,2.76268794520548,27.927533050106184,Linear
5997,discharge,Kinda,2008.0,1.8402724043715848,-12.422449498353231,Linear
5998,discharge,Kinda,2009.0,1.268886301369863,-37.89223138147697,Linear
5999,discharge,Kinda,2010.0,2.9365972602739725,47.95632199300856,Linear
6000,discharge,Kinda,2011.0,2.12300602739726,10.19978046401926,Linear
6001,discharge,Kinda,2012.0,1.8700937158469944,0.09921814906325051,Linear
6002,discharge,Kinda,2013.0,1.8726482191780824,3.4627377838407436,Linear
6003,discharge,Kinda,2014.0,2.1158309589041098,20.786801964882535,Linear
6004,discharge,Kinda,2015.0,2.2736756164383563,34.26367891205416,Linear
6005,discharge,Kinda,2016.0,0.7554961748633879,-53.79720193276789,Linear
6006,discharge,Kinda,2017.0,1.3309186301369864,-15.599452037838631,Linear
6007,discharge,Kinda,2018.0,1.827353698630137,20.328215627935265,Linear
6008,discharge,Kinda,2019.0,1.243364109589041,-14.85991750711194,Linear
6009,discharge,Kinda,2020.0,1.094570218579235,-21.93396161019699,Linear
6010,discharge,Kinda,2021.0,1.6230241095890412,20.774960195933303,Linear
6011,discharge,Kinda,2022.0,1.2274934065934064,-4.517951006362014,Linear
6012,discharge,Kiruna,2005.0,40.22831052837574,20.12141807715541,Linear
6013,discharge,Kiruna,2006.0,29.966934207436395,-11.575064344150423,Linear
6014,discharge,Kiruna,2007.0,38.47140046966732,12.195313381588354,Linear
6015,discharge,Kiruna,2008.0,34.87221334894614,0.5262799640267989,Linear
6016,discharge,Kiruna,2009.0,27.289081369863016,-22.230351617174936,Linear
6017,discharge,Kiruna,2010.0,30.36336109589041,-14.44436536438049,Linear
6018,discharge,Kiruna,2011.0,39.38564446183953,9.74113573771997,Linear
6019,discharge,Kiruna,2012.0,39.30201022638563,8.301114390036119,Linear
6020,discharge,Kiruna,2013.0,35.12189479452054,-4.27276210545795,Linear
6021,discharge,Kiruna,2014.0,34.71920673189824,-6.390822000630932,Linear
6022,discharge,Kiruna,2015.0,40.55824375733856,8.185569902034626,Linear
6023,discharge,Kiruna,2016.0,40.79725273224044,7.674313664751588,Linear
6024,discharge,Kiruna,2017.0,41.49214559686889,8.364363385881806,Linear
6025,discharge,Kiruna,2018.0,30.73743385518591,-20.553459631156425,Linear
6026,discharge,Kiruna,2019.0,34.26639346379648,-12.338481074502724,Linear
6027,discharge,Kiruna,2020.0,43.18269617486339,9.352580130513994,Linear
6028,discharge,Kiruna,2021.0,34.17758172211351,-14.319132746279703,Linear
6029,discharge,Kiruna,2022.0,49.07995886970173,21.818606009125293,Linear
6030,discharge,Klippan,2005.0,6.62747191780822,-9.110348105454568,Linear
6031,discharge,Klippan,2006.0,7.125617397260274,-1.252729278543048,Linear
6032,discharge,Klippan,2007.0,11.855548356164384,66.03826367025658,Linear
6033,discharge,Klippan,2008.0,7.792472131147541,10.304855426316962,Linear
6034,discharge,Klippan,2009.0,4.351793424657535,-37.73120910643324,Linear
6035,discharge,Klippan,2010.0,4.4243601369863015,-35.99904354027827,Linear
6036,discharge,Klippan,2011.0,7.25355904109589,6.08968124594341,Linear
6037,discharge,Klippan,2012.0,6.459482103825136,-4.465766192392732,Linear
6038,discharge,Klippan,2013.0,4.523817671232877,-32.33559264077508,Linear
6039,discharge,Klippan,2014.0,7.270133150684932,9.988478539785426,Linear
6040,discharge,Klippan,2015.0,8.057304520547945,23.310855053286712,Linear
6041,discharge,Klippan,2016.0,5.611065437158469,-13.119570426035537,Linear
6042,discharge,Klippan,2017.0,8.12615698630137,27.317088852074097,Linear
6043,discharge,Klippan,2018.0,4.941729452054795,-21.645034976361117,Linear
6044,discharge,Klippan,2019.0,6.042805753424657,-3.021618433306492,Linear
6045,discharge,Klippan,2020.0,5.934246174863388,-3.5916144910255166,Linear
6046,discharge,Klippan,2021.0,6.82693205479452,12.293233495934668,Linear
6047,discharge,Klippan,2022.0,6.435655357142856,7.193140173537846,Linear
6048,discharge,Kristianstad,2005.0,1.4873086301369864,-19.735956194918934,Linear
6049,discharge,Kristianstad,2006.0,1.843001917808219,-0.30623961514397774,Linear
6050,discharge,Kristianstad,2007.0,2.92236,58.45303765308662,Linear
6051,discharge,Kristianstad,2008.0,2.044716256830601,11.128893918413588,Linear
6052,discharge,Kristianstad,2009.0,1.0514127397260271,-42.72083228381774,Linear
6053,discharge,Kristianstad,2010.0,1.4075665753424658,-23.13575286217693,Linear
6054,discharge,Kristianstad,2011.0,2.2518464383561647,23.261835320425405,Linear
6055,discharge,Kristianstad,2012.0,1.465588661202186,-19.584669465392533,Linear
6056,discharge,Kristianstad,2013.0,1.2710434246575342,-30.092057381353516,Linear
6057,discharge,Kristianstad,2014.0,2.128508356164384,17.350072836801345,Linear
6058,discharge,Kristianstad,2015.0,2.3047682191780825,27.3736627206123,Linear
6059,discharge,Kristianstad,2016.0,1.7018013661202187,-5.722481499748952,Linear
6060,discharge,Kristianstad,2017.0,2.411642328767124,33.92498201738616,Linear
6061,discharge,Kristianstad,2018.0,1.3940282191780822,-22.398122285923534,Linear
6062,discharge,Kristianstad,2019.0,1.725606575342466,-3.706500128937986,Linear
6063,discharge,Kristianstad,2020.0,1.413550956284153,-20.92781487524312,Linear
6064,discharge,Kristianstad,2021.0,2.288128767123288,28.307605205848986,Linear
6065,discharge,Kristianstad,2022.0,1.5749248626373629,-11.469272089719725,Linear
6066,discharge,Kristinehamn,2005.0,1.3363890410958903,-41.80923827387273,Linear
6067,discharge,Kristinehamn,2006.0,2.508269589041096,9.261699850363996,Linear
6068,discharge,Kristinehamn,2007.0,1.7892802739726028,-22.026902621975772,Linear
6069,discharge,Kristinehamn,2008.0,2.508435519125683,9.355868683407879,Linear
6070,discharge,Kristinehamn,2009.0,2.1772317808219177,-5.04526464290183,Linear
6071,discharge,Kristinehamn,2010.0,2.236960547945205,-2.401494883234282,Linear
6072,discharge,Kristinehamn,2011.0,2.85226301369863,24.493695416502344,Linear
6073,discharge,Kristinehamn,2012.0,2.9773224043715847,30.003986474363455,Linear
6074,discharge,Kristinehamn,2013.0,2.04827698630137,-10.526881438346598,Linear
6075,discharge,Kristinehamn,2014.0,3.319835068493151,45.075324832290434,Linear
6076,discharge,Kristinehamn,2015.0,2.9566484931506847,29.255776856670884,Linear
6077,discharge,Kristinehamn,2016.0,1.7933475409836064,-21.568951582736258,Linear
6078,discharge,Kristinehamn,2017.0,2.257171232876712,-1.244469371311127,Linear
6079,discharge,Kristinehamn,2018.0,1.6478175342465753,-27.876055469582163,Linear
6080,discharge,Kristinehamn,2019.0,3.024428767123288,32.43025370177855,Linear
6081,discharge,Kristinehamn,2020.0,1.9470180327868851,-14.712105339163035,Linear
6082,discharge,Kristinehamn,2021.0,2.231768219178082,-2.1997088669190528,Linear
6083,discharge,Kristinehamn,2022.0,1.586096978021978,-30.466433683911053,Linear
6084,discharge,Krokom,2005.0,54.43027461187214,20.596839995234596,Linear
6085,discharge,Krokom,2006.0,37.78504283105023,-17.100509975826114,Linear
6086,discharge,Krokom,2007.0,49.94288264840183,8.513439901064688,Linear
6087,discharge,Krokom,2008.0,40.19801366120219,-13.496604822035717,Linear
6088,discharge,Krokom,2009.0,48.15945835616439,2.6522949176170063,Linear
6089,discharge,Krokom,2010.0,41.95303050228311,-11.417478721259585,Linear
6090,discharge,Krokom,2011.0,55.78764694063927,16.696750301451907,Linear
6091,discharge,Krokom,2012.0,54.21953333333334,12.369950603431914,Linear
6092,discharge,Krokom,2013.0,44.8732599086758,-7.850556553021419,Linear
6093,discharge,Krokom,2014.0,40.34684794520548,-17.896494561502085,Linear
6094,discharge,Krokom,2015.0,59.90838328767124,20.815411400020526,Linear
6095,discharge,Krokom,2016.0,38.48923633879781,-23.070714314368722,Linear
6096,discharge,Krokom,2017.0,52.66237132420091,4.328961170510934,Linear
6097,discharge,Krokom,2018.0,46.43006374429224,-8.82209424986221,Linear
6098,discharge,Krokom,2019.0,47.959894794520544,-6.634243344550553,Linear
6099,discharge,Krokom,2020.0,61.46339499089253,18.625387441830036,Linear
6100,discharge,Krokom,2021.0,48.92220410958904,-6.383826168080102,Linear
6101,discharge,Krokom,2022.0,57.0070847985348,8.165561227672432,Linear
6102,discharge,Kungsbacka,2005.0,11.38762410958904,-26.03440452246929,Linear
6103,discharge,Kungsbacka,2006.0,17.216303835616436,13.285178360725801,Linear
6104,discharge,Kungsbacka,2007.0,17.04128136986301,13.61772219685135,Linear
6105,discharge,Kungsbacka,2008.0,18.651115846994536,26.018817568656505,Linear
6106,discharge,Kungsbacka,2009.0,9.905909589041096,-32.15937535383207,Linear
6107,discharge,Kungsbacka,2010.0,12.24329890410959,-14.996048357082566,Linear
6108,discharge,Kungsbacka,2011.0,17.581235616438356,23.770674795749557,Linear
6109,discharge,Kungsbacka,2012.0,16.903420218579235,20.685610889756617,Linear
6110,discharge,Kungsbacka,2013.0,9.649161643835615,-30.11720143275813,Linear
6111,discharge,Kungsbacka,2014.0,14.866346849315068,9.238205953822732,Linear
6112,discharge,Kungsbacka,2015.0,15.625397260273974,16.515414502818317,Linear
6113,discharge,Kungsbacka,2016.0,10.167119672131149,-23.04666314094571,Linear
6114,discharge,Kungsbacka,2017.0,13.735654520547945,5.5490069583552515,Linear
6115,discharge,Kungsbacka,2018.0,9.400097534246576,-26.64773865313077,Linear
6116,discharge,Kungsbacka,2019.0,14.084342465753425,11.634470711929925,Linear
6117,discharge,Kungsbacka,2020.0,15.664554098360655,26.144383271730664,Linear
6118,discharge,Kungsbacka,2021.0,13.64250493150685,11.645996087243706,Linear
6119,discharge,Kungsbacka,2022.0,8.985328846153847,-25.252475975425508,Linear
6120,discharge,Kävlinge,2005.0,8.777487945205479,-24.528279184136036,Linear
6121,discharge,Kävlinge,2006.0,12.801306849315068,11.851057021566842,Linear
6122,discharge,Kävlinge,2007.0,17.02092821917808,51.16614790245082,Linear
6123,discharge,Kävlinge,2008.0,11.648398087431692,5.181788703760097,Linear
6124,discharge,Kävlinge,2009.0,6.228453150684932,-42.802232763288195,Linear
6125,discharge,Kävlinge,2010.0,8.698148493150685,-18.740177252692387,Linear
6126,discharge,Kävlinge,2011.0,13.535236164383562,28.675276275616724,Linear
6127,discharge,Kävlinge,2012.0,9.903108196721313,-4.166869788039702,Linear
6128,discharge,Kävlinge,2013.0,8.4135501369863,-17.09554935009332,Linear
6129,discharge,Kävlinge,2014.0,10.46163589041096,5.001919758269804,Linear
6130,discharge,Kävlinge,2015.0,10.6391901369863,8.806637561333545,Linear
6131,discharge,Kävlinge,2016.0,8.351325409836065,-12.94228831946124,Linear
6132,discharge,Kävlinge,2017.0,11.409135068493152,21.27506144087652,Linear
6133,discharge,Kävlinge,2018.0,7.816980547945206,-15.239577779211668,Linear
6134,discharge,Kävlinge,2019.0,7.948388493150684,-12.048418344632308,Linear
6135,discharge,Kävlinge,2020.0,8.331181147540985,-5.883866221266185,Linear
6136,discharge,Kävlinge,2021.0,9.770079726027395,12.729791184850281,Linear
6137,discharge,Kävlinge,2022.0,9.251404395604396,9.076132674359467,Linear
6138,discharge,Köping,2005.0,3.899400684931507,-32.37323200728961,Linear
6139,discharge,Köping,2006.0,6.805732876712328,19.030865416858745,Linear
6140,discharge,Köping,2007.0,4.43689397260274,-21.73657677335441,Linear
6141,discharge,Köping,2008.0,6.713076092896174,19.434051659077646,Linear
6142,discharge,Köping,2009.0,6.516696712328766,16.948099589681796,Linear
6143,discharge,Köping,2010.0,5.262782328767123,-4.726317363710426,Linear
6144,discharge,Köping,2011.0,5.326216438356164,-2.7249103483439474,Linear
6145,discharge,Köping,2012.0,7.575583743169399,39.59125436497376,Linear
6146,discharge,Köping,2013.0,3.8617610958904103,-28.20050505814593,Linear
6147,discharge,Köping,2014.0,6.41745205479452,20.400343881085963,Linear
6148,discharge,Köping,2015.0,6.007326575342466,13.739500566453582,Linear
6149,discharge,Köping,2016.0,4.012605191256831,-23.324252482063606,Linear
6150,discharge,Köping,2017.0,4.057862739726027,-21.734986216371563,Linear
6151,discharge,Köping,2018.0,4.333225616438356,-15.635788494908928,Linear
6152,discharge,Köping,2019.0,6.165949863013699,21.188721808066973,Linear
6153,discharge,Köping,2020.0,4.8647497267759565,-3.466655557290018,Linear
6154,discharge,Köping,2021.0,6.6750741095890405,33.741966874475224,Linear
6155,discharge,Köping,2022.0,3.445276923076923,-30.293797315332878,Linear
6156,discharge,Laholm,2005.0,1.8039468493150683,-17.276342045813607,Linear
6157,discharge,Laholm,2006.0,2.214485205479452,2.3618902957270156,Linear
6158,discharge,Laholm,2007.0,2.787781095890411,29.900697724814822,Linear
6159,discharge,Laholm,2008.0,2.355043989071038,10.628587813193354,Linear
6160,discharge,Laholm,2009.0,1.5021090410958906,-28.859973091034014,Linear
6161,discharge,Laholm,2010.0,1.8504120547945204,-11.640266751248367,Linear
6162,discharge,Laholm,2011.0,2.523186575342466,21.4893868908184,Linear
6163,discharge,Laholm,2012.0,2.3110699453551917,12.210948845252794,Linear
6164,discharge,Laholm,2013.0,1.4824454794520547,-27.412022562631034,Linear
6165,discharge,Laholm,2014.0,1.9249090410958904,-4.941453279007206,Linear
6166,discharge,Laholm,2015.0,2.281022465753425,13.615404859501195,Linear
6167,discharge,Laholm,2016.0,1.480903825136612,-25.596482409912564,Linear
6168,discharge,Laholm,2017.0,2.5807668493150686,30.799824010835437,Linear
6169,discharge,Laholm,2018.0,1.3725312328767123,-29.821222875313993,Linear
6170,discharge,Laholm,2019.0,2.4694350684931505,27.391465806687908,Linear
6171,discharge,Laholm,2020.0,2.315292349726776,20.51533817405616,Linear
6172,discharge,Laholm,2021.0,2.016152876712329,5.898287421570623,Linear
6173,discharge,Laholm,2022.0,1.333721978021978,-29.303869369021378,Linear
6174,discharge,Lerum,2005.0,0.078418904109589,-27.041647280505778,Linear
6175,discharge,Lerum,2006.0,0.1414950684931507,32.416372200004744,Linear
6176,discharge,Lerum,2007.0,0.1329536986301369,25.15896152376891,Linear
6177,discharge,Lerum,2008.0,0.1303841530054644,23.47034936572517,Linear
6178,discharge,Lerum,2009.0,0.0654504109589041,-37.64921024938394,Linear
6179,discharge,Lerum,2010.0,0.077258904109589,-25.95676283578321,Linear
6180,discharge,Lerum,2011.0,0.1215542465753424,17.200647406468498,Linear
6181,discharge,Lerum,2012.0,0.1116584699453551,8.315474500814311,Linear
6182,discharge,Lerum,2013.0,0.0650495890410958,-36.51100036713272,Linear
6183,discharge,Lerum,2014.0,0.1059021917808219,3.9992722419339475,Linear
6184,discharge,Lerum,2015.0,0.118631506849315,17.223141922313047,Linear
6185,discharge,Lerum,2016.0,0.0784248633879781,-22.022055910113146,Linear
6186,discharge,Lerum,2017.0,0.1171630136986301,17.22768619633912,Linear
6187,discharge,Lerum,2018.0,0.0701205479452054,-29.396899573822026,Linear
6188,discharge,Lerum,2019.0,0.1072309589041095,8.656285860536007,Linear
6189,discharge,Lerum,2020.0,0.1239773224043715,26.430168422751372,Linear
6190,discharge,Lerum,2021.0,0.1144810958904109,17.498918722355498,Linear
6191,discharge,Lerum,2022.0,0.0784351648351648,-18.97471001386028,Linear
6192,discharge,Lidköping,2005.0,0.4736764383561643,-47.250018094233845,Linear
6193,discharge,Lidköping,2006.0,0.824125205479452,-6.175389649792789,Linear
6194,discharge,Lidköping,2007.0,1.1115791780821918,29.438434896586006,Linear
6195,discharge,Lidköping,2008.0,1.1017483606557377,31.289732172652613,Linear
6196,discharge,Lidköping,2009.0,0.4676295890410958,-42.94249905939754,Linear
6197,discharge,Lidköping,2010.0,0.9401342465753424,17.5199052022587,Linear
6198,discharge,Lidköping,2011.0,1.32162,69.35563936635877,Linear
6199,discharge,Lidköping,2012.0,0.9420352459016392,23.824242933019242,Linear
6200,discharge,Lidköping,2013.0,0.4898764383561644,-33.906489749043,Linear
6201,discharge,Lidköping,2014.0,0.9362734246575344,29.75150951583413,Linear
6202,discharge,Lidköping,2015.0,0.5590087671232876,-20.36825284664134,Linear
6203,discharge,Lidköping,2016.0,0.4576491803278688,-32.934863679651194,Linear
6204,discharge,Lidköping,2017.0,0.4903339726027397,-26.020577869596707,Linear
6205,discharge,Lidköping,2018.0,0.3939394520547945,-38.75324311870556,Linear
6206,discharge,Lidköping,2019.0,0.593812602739726,-4.777176748769003,Linear
6207,discharge,Lidköping,2020.0,0.790077868852459,30.806304841740932,Linear
6208,discharge,Lidköping,2021.0,0.7945961643835616,35.96583988622474,Linear
6209,discharge,Lidköping,2022.0,0.4768725274725275,-15.569599134020079,Linear
6210,discharge,Lindesberg,2005.0,10.783033698630136,-28.27907492280348,Linear
6211,discharge,Lindesberg,2006.0,17.862493150684934,19.786392137887418,Linear
6212,discharge,Lindesberg,2007.0,12.394700273972605,-16.190864838138182,Linear
6213,discharge,Lindesberg,2008.0,17.610290710382515,20.071987137204044,Linear
6214,discharge,Lindesberg,2009.0,15.85437589041096,9.012071226000112,Linear
6215,discharge,Lindesberg,2010.0,12.598863835616438,-12.634889249230378,Linear
6216,discharge,Lindesberg,2011.0,13.700181917808218,-4.182317544494252,Linear
6217,discharge,Lindesberg,2012.0,18.647650546448087,31.549178965131375,Linear
6218,discharge,Lindesberg,2013.0,9.529923835616438,-32.18422790645224,Linear
6219,discharge,Lindesberg,2014.0,17.916257534246576,28.61717890163027,Linear
6220,discharge,Lindesberg,2015.0,16.126362739726027,16.79714775964061,Linear
6221,discharge,Lindesberg,2016.0,11.653698360655738,-14.839530788429897,Linear
6222,discharge,Lindesberg,2017.0,11.784001369863011,-13.107865454969733,Linear
6223,discharge,Lindesberg,2018.0,10.254123287671232,-23.698125078956842,Linear
6224,discharge,Lindesberg,2019.0,16.589891780821915,24.584914612752033,Linear
6225,discharge,Lindesberg,2020.0,12.73558907103825,-3.4698273338318373,Linear
6226,discharge,Lindesberg,2021.0,17.01091397260274,30.14618201396538,Linear
6227,discharge,Lindesberg,2022.0,8.790832417582417,-32.105931899455044,Linear
6228,discharge,Ljusdal,2005.0,0.5785515068493151,-15.056299985269245,Linear
6229,discharge,Ljusdal,2006.0,0.8526397260273972,26.000417995793672,Linear
6230,discharge,Ljusdal,2007.0,0.5136216438356165,-23.601398033516023,Linear
6231,discharge,Ljusdal,2008.0,0.7516327868852459,12.538758666383504,Linear
6232,discharge,Ljusdal,2009.0,0.7732802739726027,16.548457173526064,Linear
6233,discharge,Ljusdal,2010.0,0.6013145205479452,-8.764550421261076,Linear
6234,discharge,Ljusdal,2011.0,0.6126309589041096,-6.422253061427381,Linear
6235,discharge,Ljusdal,2012.0,0.7230374316939892,11.190017612227479,Linear
6236,discharge,Ljusdal,2013.0,0.5892583561643835,-8.764877166616202,Linear
6237,discharge,Ljusdal,2014.0,0.7031068493150685,9.609734673541299,Linear
6238,discharge,Ljusdal,2015.0,0.7277600000000001,14.237301984177176,Linear
6239,discharge,Ljusdal,2016.0,0.4389398907103825,-30.619484811660048,Linear
6240,discharge,Ljusdal,2017.0,0.4687427397260274,-25.389357130285518,Linear
6241,discharge,Ljusdal,2018.0,0.6726816438356165,7.827839850888915,Linear
6242,discharge,Ljusdal,2019.0,0.7050276712328768,13.816240154061783,Linear
6243,discharge,Ljusdal,2020.0,0.6143983606557377,-0.10429478699695252,Linear
6244,discharge,Ljusdal,2021.0,0.6376350684931507,4.421500146494551,Linear
6245,discharge,Ljusdal,2022.0,0.6217263736263736,2.5558833987657357,Linear
6246,discharge,Luleå,2005.0,57.32893232876712,14.962337909818867,Linear
6247,discharge,Luleå,2006.0,33.427585479452055,-33.13710008154563,Linear
6248,discharge,Luleå,2007.0,54.70620849315069,9.148575128982477,Linear
6249,discharge,Luleå,2008.0,53.937828142076505,7.344287110634222,Linear
6250,discharge,Luleå,2009.0,33.910795342465754,-32.68214919725332,Linear
6251,discharge,Luleå,2010.0,45.5075791780822,-9.887397996715439,Linear
6252,discharge,Luleå,2011.0,61.81392520547945,22.095703243495844,Linear
6253,discharge,Luleå,2012.0,68.73401857923497,35.42560157112565,Linear
6254,discharge,Luleå,2013.0,49.68059643835616,-2.358707030370367,Linear
6255,discharge,Luleå,2014.0,39.16999671232877,-23.207177646043846,Linear
6256,discharge,Luleå,2015.0,64.41282438356164,25.96865371157118,Linear
6257,discharge,Luleå,2016.0,59.0228174863388,15.142537758868455,Linear
6258,discharge,Luleå,2017.0,53.86685671232876,4.825238668148966,Linear
6259,discharge,Luleå,2018.0,40.55709178082192,-21.26967666194638,Linear
6260,discharge,Luleå,2019.0,42.68569095890411,-17.34080458791427,Linear
6261,discharge,Luleå,2020.0,55.71639617486339,7.628705281091773,Linear
6262,discharge,Luleå,2021.0,57.135112054794526,10.099924500274927,Linear
6263,discharge,Luleå,2022.0,45.37856016483517,-12.767950629342707,Linear
6264,discharge,Lund,2005.0,3.1567123287671235,-6.752868874439417,Linear
6265,discharge,Lund,2006.0,3.2147945205479456,-5.319992649999302,Linear
6266,discharge,Lund,2007.0,5.82931506849315,71.17133430584823,Linear
6267,discharge,Lund,2008.0,3.30327868852459,-3.2900863743827085,Linear
6268,discharge,Lund,2009.0,1.5493150684931507,-54.77468455827194,Linear
6269,discharge,Lund,2010.0,2.4945205479452053,-27.397962308751612,Linear
6270,discharge,Lund,2011.0,4.07041095890411,18.12004669869835,Linear
6271,discharge,Lund,2012.0,3.4685792349726774,0.36085161036534535,Linear
6272,discharge,Lund,2013.0,3.3961643835616435,-2.0211119344955066,Linear
6273,discharge,Lund,2014.0,3.66027397260274,5.291225139028735,Linear
6274,discharge,Lund,2015.0,3.655342465753425,4.844370010654561,Linear
6275,discharge,Lund,2016.0,2.6065573770491803,-25.45363986715418,Linear
6276,discharge,Lund,2017.0,4.689589041095891,33.73333774038321,Linear
6277,discharge,Lund,2018.0,3.5654794520547948,1.3846465740690783,Linear
6278,discharge,Lund,2019.0,2.789041095890411,-20.9208278497887,Linear
6279,discharge,Lund,2020.0,3.4557377049180324,-2.297766972216095,Linear
6280,discharge,Lund,2021.0,3.8207605479452056,7.714360374162144,Linear
6281,discharge,Lund,2022.0,3.757112912087912,5.618897799414296,Linear
6282,discharge,Malung,2005.0,47.12115876712329,-0.46921189374167677,Linear
6283,discharge,Malung,2006.0,50.73722424657534,7.651801724633521,Linear
6284,discharge,Malung,2007.0,32.303832739726026,-31.148946033422543,Linear
6285,discharge,Malung,2008.0,51.57250601092896,10.419460110222307,Linear
6286,discharge,Malung,2009.0,47.19487342465754,1.508413180315354,Linear
6287,discharge,Malung,2010.0,45.43759465753424,-1.8226191786058505,Linear
6288,discharge,Malung,2011.0,44.40004712328768,-3.6220718616183514,Linear
6289,discharge,Malung,2012.0,52.67367759562841,14.866946644321002,Linear
6290,discharge,Malung,2013.0,37.187343835616446,-18.527095985085413,Linear
6291,discharge,Malung,2014.0,60.136981095890405,32.368811310143606,Linear
6292,discharge,Malung,2015.0,56.96262835616439,25.970708324166637,Linear
6293,discharge,Malung,2016.0,37.147014344262296,-17.4630236952763,Linear
6294,discharge,Malung,2017.0,38.81042273972603,-13.35813732357355,Linear
6295,discharge,Malung,2018.0,37.16815452054794,-16.629013777084516,Linear
6296,discharge,Malung,2019.0,46.2743394520548,4.2938174336846116,Linear
6297,discharge,Malung,2020.0,55.29133989071039,25.21599282887169,Linear
6298,discharge,Malung,2021.0,47.29516424657534,7.625164362410914,Linear
6299,discharge,Malung,2022.0,31.96250013736264,-26.912621534573454,Linear
6300,discharge,Malå,2005.0,8.943526301369863,0.8231603181749523,Linear
6301,discharge,Malå,2006.0,6.799255616438357,-22.564292277490754,Linear
6302,discharge,Malå,2007.0,9.28275205479452,6.8146101599293605,Linear
6303,discharge,Malå,2008.0,9.129785792349727,6.153684761165524,Linear
6304,discharge,Malå,2009.0,8.28524410958904,-2.6473178930268255,Linear
6305,discharge,Malå,2010.0,8.705657808219177,3.385799950525404,Linear
6306,discharge,Malå,2011.0,9.45155890410959,13.456410050104642,Linear
6307,discharge,Malå,2012.0,11.89898087431694,44.395059260654705,Linear
6308,discharge,Malå,2013.0,7.319356164383562,-10.198370490938828,Linear
6309,discharge,Malå,2014.0,5.582242465753424,-30.74649667712724,Linear
6310,discharge,Malå,2015.0,8.995677808219178,12.860713952136935,Linear
6311,discharge,Malå,2016.0,6.346512021857924,-19.466750888348734,Linear
6312,discharge,Malå,2017.0,7.038554246575342,-9.653480944522094,Linear
6313,discharge,Malå,2018.0,6.5881276712328765,-14.446896463614364,Linear
6314,discharge,Malå,2019.0,7.106374794520548,-6.625780610322438,Linear
6315,discharge,Malå,2020.0,8.74567131147541,16.28879358970687,Linear
6316,discharge,Malå,2021.0,8.799289315068494,18.4187129204019,Linear
6317,discharge,Malå,2022.0,6.882007417582417,-6.248202449507875,Linear
6318,discharge,Mellerud,2005.0,6.282976712328766,-30.38214488005074,Linear
6319,discharge,Mellerud,2006.0,10.14716589041096,13.702013123227108,Linear
6320,discharge,Mellerud,2007.0,8.14623684931507,-7.67829415865192,Linear
6321,discharge,Mellerud,2008.0,10.928914480874315,25.286323126852295,Linear
6322,discharge,Mellerud,2009.0,7.676190273972603,-10.975410279942556,Linear
6323,discharge,Mellerud,2010.0,7.113696301369863,-16.52502386193095,Linear
6324,discharge,Mellerud,2011.0,9.773365753424658,16.05460918667278,Linear
6325,discharge,Mellerud,2012.0,9.875047540983603,18.679764055402096,Linear
6326,discharge,Mellerud,2013.0,6.295183150684932,-23.41767030625568,Linear
6327,discharge,Mellerud,2014.0,11.677046438356165,43.813940712777445,Linear
6328,discharge,Mellerud,2015.0,9.552706164383562,19.12662750313704,Linear
6329,discharge,Mellerud,2016.0,6.331738114754098,-20.03716630644315,Linear
6330,discharge,Mellerud,2017.0,5.961697123287671,-23.741536674656093,Linear
6331,discharge,Mellerud,2018.0,5.90554698630137,-23.47504205471446,Linear
6332,discharge,Mellerud,2019.0,9.37610794520548,23.101744090026067,Linear
6333,discharge,Mellerud,2020.0,9.678807786885246,28.776874454535267,Linear
6334,discharge,Mellerud,2021.0,7.10291410958904,-4.213391134474136,Linear
6335,discharge,Mellerud,2022.0,5.23197760989011,-28.47361590237912,Linear
6336,discharge,Mjölby,2005.0,0.0448504109589041,-52.21977530643881,Linear
6337,discharge,Mjölby,2006.0,0.0889860273972602,-2.974083567627194,Linear
6338,discharge,Mjölby,2007.0,0.1228339726027397,37.15395458850203,Linear
6339,discharge,Mjölby,2008.0,0.0936172131147541,7.107739057486803,Linear
6340,discharge,Mjölby,2009.0,0.0823764383561643,-3.3710153129855405,Linear
6341,discharge,Mjölby,2010.0,0.1192684931506849,43.531383079927174,Linear
6342,discharge,Mjölby,2011.0,0.0870695890410959,7.571299081317741,Linear
6343,discharge,Mjölby,2012.0,0.0915505464480874,16.200353799931108,Linear
6344,discharge,Mjölby,2013.0,0.0602865753424657,-21.330100639329107,Linear
6345,discharge,Mjölby,2014.0,0.081752602739726,9.767671650965342,Linear
6346,discharge,Mjölby,2015.0,0.0906230136986301,25.302525564364664,Linear
6347,discharge,Mjölby,2016.0,0.0390551912568306,-44.34116358221304,Linear
6348,discharge,Mjölby,2017.0,0.0453676712328767,-33.296980574513206,Linear
6349,discharge,Mjölby,2018.0,0.0625953424657534,-4.956881822918098,Linear
6350,discharge,Mjölby,2019.0,0.0568961643835616,-10.68872252294529,Linear
6351,discharge,Mjölby,2020.0,0.0588081967213114,-4.456128025277984,Linear
6352,discharge,Mjölby,2021.0,0.0581854794520547,-2.0388922723940874,Linear
6353,discharge,Mjölby,2022.0,0.0758686813186813,32.54015836970206,Linear
6354,discharge,Motala,2005.0,33.89060273972603,-31.355819305695093,Linear
6355,discharge,Motala,2006.0,33.56339726027397,-29.942254405703917,Linear
6356,discharge,Motala,2007.0,59.28002739726027,27.634994512612664,Linear
6357,discharge,Motala,2008.0,49.06617486338798,9.080208658464512,Linear
6358,discharge,Motala,2009.0,41.79126027397261,-3.9690091449586227,Linear
6359,discharge,Motala,2010.0,39.976520547945206,-4.942941917954704,Linear
6360,discharge,Motala,2011.0,50.109178082191775,23.44575045676521,Linear
6361,discharge,Motala,2012.0,53.27710382513661,36.1581512619382,Linear
6362,discharge,Motala,2013.0,45.054410958904114,19.61682332258622,Linear
6363,discharge,Motala,2014.0,41.20232876712329,13.811076889566618,Linear
6364,discharge,Motala,2015.0,43.27717808219178,24.577488736510926,Linear
6365,discharge,Motala,2016.0,31.18377049180328,-6.287331106023782,Linear
6366,discharge,Motala,2017.0,13.990164383561645,-56.02335464882914,Linear
6367,discharge,Motala,2018.0,30.89698630136986,1.8039756327768215,Linear
6368,discharge,Motala,2019.0,18.310328767123288,-36.612333006133944,Linear
6369,discharge,Motala,2020.0,31.013032786885248,13.091160033622087,Linear
6370,discharge,Motala,2021.0,27.92964383561644,7.587997290635179,Linear
6371,discharge,Motala,2022.0,20.999917582417584,-14.27411499964537,Linear
6372,discharge,Munkedal,2005.0,19.79675506849315,-25.09826205106121,Linear
6373,discharge,Munkedal,2006.0,30.73506767123288,17.324684118538098,Linear
6374,discharge,Munkedal,2007.0,25.09825753424657,-3.3302281136771605,Linear
6375,discharge,Munkedal,2008.0,33.52594836065574,30.303262445120705,Linear
6376,discharge,Munkedal,2009.0,22.198356438356164,-12.932120332661915,Linear
6377,discharge,Munkedal,2010.0,17.56921780821918,-30.451302697303294,Linear
6378,discharge,Munkedal,2011.0,26.864520547945204,7.337695129605636,Linear
6379,discharge,Munkedal,2012.0,28.294028142076503,14.114917806381305,Linear
6380,discharge,Munkedal,2013.0,20.87655397260274,-14.999885490102718,Linear
6381,discharge,Munkedal,2014.0,33.26753369863013,36.75200022021869,Linear
6382,discharge,Munkedal,2015.0,28.58940410958904,18.6617241574963,Linear
6383,discharge,Munkedal,2016.0,17.337191530054643,-27.336278955864262,Linear
6384,discharge,Munkedal,2017.0,19.8571202739726,-15.951462527746466,Linear
6385,discharge,Munkedal,2018.0,18.443778356164383,-21.15370394525271,Linear
6386,discharge,Munkedal,2019.0,28.9143994520548,24.85514385327635,Linear
6387,discharge,Munkedal,2020.0,31.72330245901639,38.380771916074465,Linear
6388,discharge,Munkedal,2021.0,19.697406301369863,-13.19262295937408,Linear
6389,discharge,Munkedal,2022.0,17.198900824175826,-23.41484588038909,Linear
6390,discharge,Nora,2005.0,5.163195068493151,-28.814336031486082,Linear
6391,discharge,Nora,2006.0,8.272667808219179,15.444909231462761,Linear
6392,discharge,Nora,2007.0,6.093982328767123,-13.910545427395615,Linear
6393,discharge,Nora,2008.0,9.063068852459017,29.63121053372582,Linear
6394,discharge,Nora,2009.0,7.264611780821917,5.220379273562843,Linear
6395,discharge,Nora,2010.0,5.4889698630137,-19.480550519779467,Linear
6396,discharge,Nora,2011.0,5.868684109589041,-12.794412504276298,Linear
6397,discharge,Nora,2012.0,8.494540027322405,27.882188429039118,Linear
6398,discharge,Nora,2013.0,4.834233561643835,-26.25385018081555,Linear
6399,discharge,Nora,2014.0,8.751749452054796,35.308491136011874,Linear
6400,discharge,Nora,2015.0,7.594065753424657,19.01508017308284,Linear
6401,discharge,Nora,2016.0,5.349012431693989,-15.00763762160983,Linear
6402,discharge,Nora,2017.0,6.122212328767123,-1.3546112486081194,Linear
6403,discharge,Nora,2018.0,4.964983835616438,-18.8601566491849,Linear
6404,discharge,Nora,2019.0,7.656902191780822,26.94208652240097,Linear
6405,discharge,Nora,2020.0,5.669181557377049,-4.632596212901385,Linear
6406,discharge,Nora,2021.0,6.751155616438357,15.259920350743691,Linear
6407,discharge,Nora,2022.0,3.805875137362637,-34.04136146449847,Linear
6408,discharge,Nordanstig,2005.0,6.839570136986302,-4.595431463030198,Linear
6409,discharge,Nordanstig,2006.0,9.307416438356164,29.88397326666088,Linear
6410,discharge,Nordanstig,2007.0,4.097981643835617,-42.78860154160861,Linear
6411,discharge,Nordanstig,2008.0,7.4280379781420764,3.7463641205559663,Linear
6412,discharge,Nordanstig,2009.0,8.417499726027398,17.61647942181553,Linear
6413,discharge,Nordanstig,2010.0,5.73059698630137,-19.892845276741646,Linear
6414,discharge,Nordanstig,2011.0,7.9499271232876705,11.178559266103951,Linear
6415,discharge,Nordanstig,2012.0,7.9216475409836065,10.830666404251515,Linear
6416,discharge,Nordanstig,2013.0,7.285967397260274,1.9807655487023437,Linear
6417,discharge,Nordanstig,2014.0,7.981579452054794,11.76519512362402,Linear
6418,discharge,Nordanstig,2015.0,6.937659999999999,-2.8109074325483188,Linear
6419,discharge,Nordanstig,2016.0,5.4046267759562845,-24.254457661810637,Linear
6420,discharge,Nordanstig,2017.0,5.598947945205479,-21.497274136657154,Linear
6421,discharge,Nordanstig,2018.0,7.847523287671233,10.077342773551932,Linear
6422,discharge,Nordanstig,2019.0,8.346791780821919,17.131040515128596,Linear
6423,discharge,Nordanstig,2020.0,7.865806830601093,10.428933120697087,Linear
6424,discharge,Nordanstig,2021.0,8.265557260273972,16.09111895756102,Linear
6425,discharge,Nordanstig,2022.0,5.345371978021978,-24.890973936337137,Linear
6426,discharge,Nordmaling,2005.0,39.29287808219178,8.807983318616488,Linear
6427,discharge,Nordmaling,2006.0,37.25014,3.7864124431959127,Linear
6428,discharge,Nordmaling,2007.0,31.350246849315067,-12.110764104411889,Linear
6429,discharge,Nordmaling,2008.0,34.182323770491806,-3.5737876097327654,Linear
6430,discharge,Nordmaling,2009.0,38.82828410958904,10.219236896872415,Linear
6431,discharge,Nordmaling,2010.0,31.29069890410959,-10.616526119244341,Linear
6432,discharge,Nordmaling,2011.0,34.944828219178085,0.4557834881474042,Linear
6433,discharge,Nordmaling,2012.0,51.27626639344262,48.34606304023619,Linear
6434,discharge,Nordmaling,2013.0,32.654326575342466,-4.920758962403581,Linear
6435,discharge,Nordmaling,2014.0,26.16577205479452,-23.320044527519084,Linear
6436,discharge,Nordmaling,2015.0,31.61345397260274,-6.751515387815505,Linear
6437,discharge,Nordmaling,2016.0,24.370068852459017,-27.645328079101994,Linear
6438,discharge,Nordmaling,2017.0,31.622533698630136,-5.492740904666038,Linear
6439,discharge,Nordmaling,2018.0,28.284099178082197,-14.908049590334919,Linear
6440,discharge,Nordmaling,2019.0,27.534010684931506,-16.610298194039167,Linear
6441,discharge,Nordmaling,2020.0,44.67151393442623,36.204007141063286,Linear
6442,discharge,Nordmaling,2021.0,40.71690739726028,24.988478803112706,Linear
6443,discharge,Nordmaling,2022.0,30.160779945054944,-6.783297877116016,Linear
6444,discharge,Norrköping,2005.0,51.40919360730593,-26.45252096207258,Linear
6445,discharge,Norrköping,2006.0,54.58894776255708,-19.516010810470505,Linear
6446,discharge,Norrköping,2007.0,83.7540791780822,27.37804434996275,Linear
6447,discharge,Norrköping,2008.0,63.361245264116576,-0.49881715950112715,Linear
6448,discharge,Norrköping,2009.0,53.85104228310502,-12.587148099239664,Linear
6449,discharge,Norrköping,2010.0,68.32563315068494,14.771414866785879,Linear
6450,discharge,Norrköping,2011.0,69.23519378995434,20.496114790239965,Linear
6451,discharge,Norrköping,2012.0,69.61237714025502,25.6882221267102,Linear
6452,discharge,Norrköping,2013.0,59.892237077625566,12.343969160727712,Linear
6453,discharge,Norrköping,2014.0,55.451212876712326,8.222821266888001,Linear
6454,discharge,Norrköping,2015.0,61.79847844748858,25.697301161545955,Linear
6455,discharge,Norrköping,2016.0,32.82107422586521,-30.302935463467794,Linear
6456,discharge,Norrköping,2017.0,23.406732237442924,-48.005331156813874,Linear
6457,discharge,Norrköping,2018.0,48.28798538812785,12.443866089265448,Linear
6458,discharge,Norrköping,2019.0,30.024231506849315,-26.53831642445803,Linear
6459,discharge,Norrköping,2020.0,39.56470382513661,1.9784546558309972,Linear
6460,discharge,Norrköping,2021.0,42.66362630136987,16.174830264677496,Linear
6461,discharge,Norrköping,2022.0,32.89739230769231,-5.058467550840554,Linear
6462,discharge,Norrtälje,2005.0,0.943710410958904,-2.7510781414348986,Linear
6463,discharge,Norrtälje,2006.0,0.5559926027397261,-41.737565686411045,Linear
6464,discharge,Norrtälje,2007.0,0.7068534246575343,-24.656387654886412,Linear
6465,discharge,Norrtälje,2008.0,1.047564480874317,13.61181180306266,Linear
6466,discharge,Norrtälje,2009.0,1.14809698630137,26.730065064740767,Linear
6467,discharge,Norrtälje,2010.0,0.9364027397260274,5.234851362841357,Linear
6468,discharge,Norrtälje,2011.0,0.7675627397260274,-12.148508799007683,Linear
6469,discharge,Norrtälje,2012.0,1.381548087431694,61.096982102070065,Linear
6470,discharge,Norrtälje,2013.0,1.2395238356164384,47.304442194004174,Linear
6471,discharge,Norrtälje,2014.0,0.7313786301369862,-11.38604053008883,Linear
6472,discharge,Norrtälje,2015.0,0.9145961643835616,13.019609492931291,Linear
6473,discharge,Norrtälje,2016.0,0.5771166666666667,-27.23460417748022,Linear
6474,discharge,Norrtälje,2017.0,0.4745676712328767,-38.923286605680936,Linear
6475,discharge,Norrtälje,2018.0,0.7710353424657534,1.3339384679767654,Linear
6476,discharge,Norrtälje,2019.0,0.6446805479452055,-13.438807426133186,Linear
6477,discharge,Norrtälje,2020.0,0.7786450819672132,6.861106571262994,Linear
6478,discharge,Norrtälje,2021.0,0.872424109589041,22.43956245305185,Linear
6479,discharge,Norrtälje,2022.0,0.5097211538461538,-26.808101598773764,Linear
6480,discharge,Nyköping,2005.0,4.873593424657535,-31.25859448486143,Linear
6481,discharge,Nyköping,2006.0,5.998472191780822,-13.147199014855765,Linear
6482,discharge,Nyköping,2007.0,6.295472191780822,-6.362142123204177,Linear
6483,discharge,Nyköping,2008.0,6.750809016393443,3.2242623340805854,Linear
6484,discharge,Nyköping,2009.0,5.9410015068493145,-6.539174215022439,Linear
6485,discharge,Nyköping,2010.0,8.205253561643834,32.91288560551482,Linear
6486,discharge,Nyköping,2011.0,6.353240821917808,6.061665230198996,Linear
6487,discharge,Nyköping,2012.0,8.454396038251366,45.59299142114594,Linear
6488,discharge,Nyköping,2013.0,6.731442739726028,19.699848097668422,Linear
6489,discharge,Nyköping,2014.0,6.207654794520548,14.104310914646037,Linear
6490,discharge,Nyköping,2015.0,7.064252739726028,34.37636771046571,Linear
6491,discharge,Nyköping,2016.0,4.490348087431695,-11.4992447076864,Linear
6492,discharge,Nyköping,2017.0,1.510374109589041,-69.11633781589381,Linear
6493,discharge,Nyköping,2018.0,5.022962054794521,6.70671852420736,Linear
6494,discharge,Nyköping,2019.0,2.513104383561644,-44.44939411056703,Linear
6495,discharge,Nyköping,2020.0,5.035181147540984,15.998688322681707,Linear
6496,discharge,Nyköping,2021.0,5.399400684931506,29.872769663844256,Linear
6497,discharge,Nyköping,2022.0,2.728455631868132,-31.345540033932256,Linear
6498,discharge,Ockelbo,2005.0,7.500586849315068,-28.075455268924177,Linear
6499,discharge,Ockelbo,2006.0,14.265732602739726,37.46083266700698,Linear
6500,discharge,Ockelbo,2007.0,5.625882465753424,-45.52605946197528,Linear
6501,discharge,Ockelbo,2008.0,10.409959016393444,1.2909716606215957,Linear
6502,discharge,Ockelbo,2009.0,14.12586109589041,38.12448238885814,Linear
6503,discharge,Ockelbo,2010.0,11.989819726027395,17.818350429210984,Linear
6504,discharge,Ockelbo,2011.0,9.878093424657534,-2.449700123106599,Linear
6505,discharge,Ockelbo,2012.0,12.790128688524591,26.939369563176157,Linear
6506,discharge,Ockelbo,2013.0,7.537311780821918,-24.817856629895484,Linear
6507,discharge,Ockelbo,2014.0,7.987333424657534,-19.926686170229637,Linear
6508,discharge,Ockelbo,2015.0,8.93405397260274,-9.981162119249449,Linear
6509,discharge,Ockelbo,2016.0,8.695083879781421,-11.94203643436587,Linear
6510,discharge,Ockelbo,2017.0,9.989315616438356,1.6838385448315365,Linear
6511,discharge,Ockelbo,2018.0,9.955918356164384,1.866240791782909,Linear
6512,discharge,Ockelbo,2019.0,12.312159452054791,26.627338322331617,Linear
6513,discharge,Ockelbo,2020.0,9.003847267759562,-6.915511150328786,Linear
6514,discharge,Ockelbo,2021.0,13.31841506849315,38.41063978256704,Linear
6515,discharge,Ockelbo,2022.0,5.6843403846153855,-40.61501626817735,Linear
6516,discharge,Ovanåker,2005.0,11.690287397260272,-12.179219987070615,Linear
6517,discharge,Ovanåker,2006.0,17.115823698630138,28.75251732081246,Linear
6518,discharge,Ovanåker,2007.0,7.535068767123288,-43.24138903576441,Linear
6519,discharge,Ovanåker,2008.0,12.47102199453552,-5.933715379838774,Linear
6520,discharge,Ovanåker,2009.0,15.777988493150684,19.171329237126855,Linear
6521,discharge,Ovanåker,2010.0,15.459092602739725,16.92116870251345,Linear
6522,discharge,Ovanåker,2011.0,11.809320547945203,-10.561633094650338,Linear
6523,discharge,Ovanåker,2012.0,14.756073224043716,11.90779890286901,Linear
6524,discharge,Ovanåker,2013.0,10.606535342465753,-19.452048046622387,Linear
6525,discharge,Ovanåker,2014.0,17.916554794520547,36.24722772688913,Linear
6526,discharge,Ovanåker,2015.0,16.002123698630136,21.8551299995042,Linear
6527,discharge,Ovanåker,2016.0,9.952839617486338,-24.106071695426035,Linear
6528,discharge,Ovanåker,2017.0,10.219678630136986,-21.964554894198272,Linear
6529,discharge,Ovanåker,2018.0,11.80419904109589,-9.741802147825783,Linear
6530,discharge,Ovanåker,2019.0,13.721776438356162,5.0646824071676955,Linear
6531,discharge,Ovanåker,2020.0,14.090957513661202,8.039860994821833,Linear
6532,discharge,Ovanåker,2021.0,15.54128890410959,19.324181975855243,Linear
6533,discharge,Ovanåker,2022.0,10.391450274725276,-20.10559980283734,Linear
6534,discharge,Pajala,2005.0,182.75308006849315,22.66940436440336,Linear
6535,discharge,Pajala,2006.0,126.47894034246576,-15.964125673779876,Linear
6536,discharge,Pajala,2007.0,163.91411828767122,7.815810573066376,Linear
6537,discharge,Pajala,2008.0,162.66229262295082,5.929349807462629,Linear
6538,discharge,Pajala,2009.0,117.44720842465752,-24.268192994111796,Linear
6539,discharge,Pajala,2010.0,135.6511567808219,-13.382157369499915,Linear
6540,discharge,Pajala,2011.0,172.6780776712329,9.196955017464262,Linear
6541,discharge,Pajala,2012.0,176.07874890710383,10.28340297212499,Linear
6542,discharge,Pajala,2013.0,158.18259616438354,-1.863296248163861,Linear
6543,discharge,Pajala,2014.0,146.93920493150685,-9.69351893051707,Linear
6544,discharge,Pajala,2015.0,176.01869753424657,7.173321592302109,Linear
6545,discharge,Pajala,2016.0,188.8828506830601,13.947434415137,Linear
6546,discharge,Pajala,2017.0,178.638833630137,6.784649406026403,Linear
6547,discharge,Pajala,2018.0,134.29917404109588,-20.44575683079328,Linear
6548,discharge,Pajala,2019.0,147.01862458904108,-13.691236772637566,Linear
6549,discharge,Pajala,2020.0,181.91281017759565,5.84569410993045,Linear
6550,discharge,Pajala,2021.0,157.7765758219178,-9.005730940095367,Linear
6551,discharge,Pajala,2022.0,207.74596761675824,18.767973595100763,Linear
6552,discharge,Robertsfors,2005.0,2.591758630136986,-14.975596725716784,Linear
6553,discharge,Robertsfors,2006.0,3.950054520547946,28.07037473031932,Linear
6554,discharge,Robertsfors,2007.0,2.3592783561643835,-24.389762860835525,Linear
6555,discharge,Robertsfors,2008.0,3.903515027322405,23.671894257775264,Linear
6556,discharge,Robertsfors,2009.0,3.4223260273972604,7.202984827861821,Linear
6557,discharge,Robertsfors,2010.0,2.4115715068493158,-25.30159815836211,Linear
6558,discharge,Robertsfors,2011.0,2.6846794520547945,-17.759948266887616,Linear
6559,discharge,Robertsfors,2012.0,5.111182786885246,54.86205971574009,Linear
6560,discharge,Robertsfors,2013.0,2.765385205479452,-17.117336255643725,Linear
6561,discharge,Robertsfors,2014.0,2.8485520547945207,-15.536840342161092,Linear
6562,discharge,Robertsfors,2015.0,3.910055342465754,14.712499164385584,Linear
6563,discharge,Robertsfors,2016.0,3.0268918032786885,-12.126496770266854,Linear
6564,discharge,Robertsfors,2017.0,3.656542465753424,5.053951733966992,Linear
6565,discharge,Robertsfors,2018.0,2.223792602739726,-36.76415508997776,Linear
6566,discharge,Robertsfors,2019.0,2.728703835616438,-23.193440284650084,Linear
6567,discharge,Robertsfors,2020.0,5.379010655737705,49.886271922881036,Linear
6568,discharge,Robertsfors,2021.0,5.082326575342465,40.21140609241199,Linear
6569,discharge,Robertsfors,2022.0,2.32576978021978,-36.46811531725316,Linear
6570,discharge,Ronneby,2005.0,1.2779105479452053,-32.03347552534344,Linear
6571,discharge,Ronneby,2006.0,2.250164520547945,22.2426154260869,Linear
6572,discharge,Ronneby,2007.0,2.894401095890411,60.686927294159624,Linear
6573,discharge,Ronneby,2008.0,1.8889497267759563,7.217153386100423,Linear
6574,discharge,Ronneby,2009.0,0.9640768493150684,-44.024808362185134,Linear
6575,discharge,Ronneby,2010.0,1.665674109589041,-1.0212047791957144,Linear
6576,discharge,Ronneby,2011.0,1.8519020547945209,12.68790235845286,Linear
6577,discharge,Ronneby,2012.0,1.3821438524590166,-13.827188889050321,Linear
6578,discharge,Ronneby,2013.0,0.9903108219178084,-36.69917940319901,Linear
6579,discharge,Ronneby,2014.0,1.5365276712328768,0.757066572454693,Linear
6580,discharge,Ronneby,2015.0,1.7515956164383562,17.91181097794336,Linear
6581,discharge,Ronneby,2016.0,0.9214081967213116,-36.28076485224811,Linear
6582,discharge,Ronneby,2017.0,1.5730208219178083,11.833430151442695,Linear
6583,discharge,Ronneby,2018.0,1.51838,11.065310806753645,Linear
6584,discharge,Ronneby,2019.0,1.1799882191780822,-11.121122198257593,Linear
6585,discharge,Ronneby,2020.0,1.6312000000000002,26.629542394762563,Linear
6586,discharge,Ronneby,2021.0,1.4270797260273973,14.285439329617475,Linear
6587,discharge,Ronneby,2022.0,1.1001751373626374,-9.018425609509032,Linear
6588,discharge,Skara,2005.0,5.500355890410959,-20.185174476444264,Linear
6589,discharge,Skara,2006.0,5.90690904109589,-12.245351906153264,Linear
6590,discharge,Skara,2007.0,8.264050684931506,25.76681180506457,Linear
6591,discharge,Skara,2008.0,7.112475683060109,10.946965848167874,Linear
6592,discharge,Skara,2009.0,4.126362191780822,-33.98312891666946,Linear
6593,discharge,Skara,2010.0,6.714466849315069,10.24974143810101,Linear
6594,discharge,Skara,2011.0,7.822387123287671,31.912068057357356,Linear
6595,discharge,Skara,2012.0,7.807863387978141,35.32368312703525,Linear
6596,discharge,Skara,2013.0,4.406034246575342,-21.454569905821856,Linear
6597,discharge,Skara,2014.0,5.987783835616439,9.881634611914269,Linear
6598,discharge,Skara,2015.0,5.079596164383561,-3.960523161571597,Linear
6599,discharge,Skara,2016.0,4.496134426229508,-12.336206310769926,Linear
6600,discharge,Skara,2017.0,3.785467397260274,-23.812284759487113,Linear
6601,discharge,Skara,2018.0,4.5097928767123285,-6.209596919910887,Linear
6602,discharge,Skara,2019.0,3.594885753424657,-22.659708957758795,Linear
6603,discharge,Skara,2020.0,5.467156830601093,21.81970493864352,Linear
6604,discharge,Skara,2021.0,4.96463397260274,14.718247247727085,Linear
6605,discharge,Skara,2022.0,3.9832005494505496,-4.4210044832231805,Linear
6606,discharge,Skellefteå,2005.0,25.39149315068493,3.524625321448136,Linear
6607,discharge,Skellefteå,2006.0,17.899941506849316,-27.226943820639015,Linear
6608,discharge,Skellefteå,2007.0,27.227511849315068,10.380928541859127,Linear
6609,discharge,Skellefteå,2008.0,27.4125806010929,10.81704989765629,Linear
6610,discharge,Skellefteå,2009.0,20.514966643835614,-17.3007589550178,Linear
6611,discharge,Skellefteå,2010.0,22.96708089041096,-7.676128967889352,Linear
6612,discharge,Skellefteå,2011.0,27.096160958904107,8.616773462229126,Linear
6613,discharge,Skellefteå,2012.0,38.50210307377049,53.906842111156784,Linear
6614,discharge,Skellefteå,2013.0,23.617042739726024,-5.857283723617399,Linear
6615,discharge,Skellefteå,2014.0,19.66306164383561,-21.83659707823083,Linear
6616,discharge,Skellefteå,2015.0,29.99390301369863,18.899427909149395,Linear
6617,discharge,Skellefteå,2016.0,22.213378415300543,-12.186922303435084,Linear
6618,discharge,Skellefteå,2017.0,24.168281712328767,-4.722253146543879,Linear
6619,discharge,Skellefteå,2018.0,19.95709602739726,-21.540150388140983,Linear
6620,discharge,Skellefteå,2019.0,22.36179356164384,-12.32728392444368,Linear
6621,discharge,Skellefteå,2020.0,32.363168784153004,26.53766980623583,Linear
6622,discharge,Skellefteå,2021.0,28.494276027397262,11.106798872460825,Linear
6623,discharge,Skellefteå,2022.0,22.34117032967033,-13.12268899129387,Linear
6624,discharge,Skurup,2005.0,0.6497213698630138,-33.52382670465488,Linear
6625,discharge,Skurup,2006.0,1.1320471232876712,17.178014216190565,Linear
6626,discharge,Skurup,2007.0,1.514467397260274,58.61474870854801,Linear
6627,discharge,Skurup,2008.0,0.8351027322404372,-11.491250491077135,Linear
6628,discharge,Skurup,2009.0,0.5170304109589041,-44.53906843955843,Linear
6629,discharge,Skurup,2010.0,0.8817169863013699,-4.261047117914782,Linear
6630,discharge,Skurup,2011.0,1.1392701369863014,25.239049986135274,Linear
6631,discharge,Skurup,2012.0,0.8258210382513661,-8.078014287131655,Linear
6632,discharge,Skurup,2013.0,0.7760098630136987,-12.52386066257683,Linear
6633,discharge,Skurup,2014.0,1.062508493150685,21.31484566407423,Linear
6634,discharge,Skurup,2015.0,0.9452786301369864,9.338380441016344,Linear
6635,discharge,Skurup,2016.0,0.6620784153005465,-22.406121422768177,Linear
6636,discharge,Skurup,2017.0,0.969281095890411,15.119516255757318,Linear
6637,discharge,Skurup,2018.0,0.7558956164383562,-9.004436531995278,Linear
6638,discharge,Skurup,2019.0,0.8032616438356164,-1.970964441130928,Linear
6639,discharge,Skurup,2020.0,0.6398530054644809,-20.82290289179775,Linear
6640,discharge,Skurup,2021.0,1.039664109589041,30.47242706237191,Linear
6641,discharge,Skurup,2022.0,0.7174302197802198,-8.67308931097085,Linear
6642,discharge,Skövde,2005.0,1.3938852054794522,-30.031213352944963,Linear
6643,discharge,Skövde,2006.0,1.695001095890411,-12.437234617478982,Linear
6644,discharge,Skövde,2007.0,2.237438082191781,19.053305340999742,Linear
6645,discharge,Skövde,2008.0,1.9628062841530056,7.671332809410254,Linear
6646,discharge,Skövde,2009.0,1.0288164383561642,-41.76170812098756,Linear
6647,discharge,Skövde,2010.0,1.629981369863014,-4.688716699696897,Linear
6648,discharge,Skövde,2011.0,2.9253868493150685,76.8921205602514,Linear
6649,discharge,Skövde,2012.0,2.331486885245902,45.957706871877626,Linear
6650,discharge,Skövde,2013.0,1.5492378082191782,0.5362576449750861,Linear
6651,discharge,Skövde,2014.0,1.5456293150684932,4.112446711010436,Linear
6652,discharge,Skövde,2015.0,1.3050915068493152,-8.618527061708383,Linear
6653,discharge,Skövde,2016.0,1.1733185792349727,-14.467575991226022,Linear
6654,discharge,Skövde,2017.0,1.026104109589041,-21.992100877108356,Linear
6655,discharge,Skövde,2018.0,1.007811506849315,-19.950637243554205,Linear
6656,discharge,Skövde,2019.0,1.0484693150684932,-12.815745062413331,Linear
6657,discharge,Skövde,2020.0,1.2660554644808744,10.457453593693243,Linear
6658,discharge,Skövde,2021.0,1.170715616438356,7.425252832549213,Linear
6659,discharge,Skövde,2022.0,0.9327244505494506,-9.74201005069589,Linear
6660,discharge,Sollefteå,2005.0,7.728399452054795,23.220491492347108,Linear
6661,discharge,Sollefteå,2006.0,6.165577260273973,-1.091043423334948,Linear
6662,discharge,Sollefteå,2007.0,5.742097260273972,-7.313300227132916,Linear
6663,discharge,Sollefteå,2008.0,4.146936065573771,-32.64405777485792,Linear
6664,discharge,Sollefteå,2009.0,6.829094794520548,11.616996245106316,Linear
6665,discharge,Sollefteå,2010.0,5.628708767123288,-7.421165845074253,Linear
6666,discharge,Sollefteå,2011.0,6.646675616438356,10.017176372506736,Linear
6667,discharge,Sollefteå,2012.0,8.486745081967214,41.3734359050179,Linear
6668,discharge,Sollefteå,2013.0,5.9904449315068495,0.43247619841872054,Linear
6669,discharge,Sollefteå,2014.0,4.922583835616438,-16.935651060357554,Linear
6670,discharge,Sollefteå,2015.0,6.160983561643835,4.639655601197259,Linear
6671,discharge,Sollefteå,2016.0,4.344042349726776,-25.735116846278377,Linear
6672,discharge,Sollefteå,2017.0,5.08117698630137,-12.558880271533997,Linear
6673,discharge,Sollefteå,2018.0,4.731984383561644,-18.026097305260443,Linear
6674,discharge,Sollefteå,2019.0,4.978990410958904,-13.169208703552767,Linear
6675,discharge,Sollefteå,2020.0,6.074692896174863,6.653829318008999,Linear
6676,discharge,Sollefteå,2021.0,5.836441643835616,3.166736195818022,Linear
6677,discharge,Sollefteå,2022.0,7.522332142857143,33.87623727598458,Linear
6678,discharge,Sorsele,2005.0,59.0821494977169,12.633367774691596,Linear
6679,discharge,Sorsele,2006.0,41.875860273972606,-20.779512450308577,Linear
6680,discharge,Sorsele,2007.0,59.71232146118721,12.105302838048772,Linear
6681,discharge,Sorsele,2008.0,49.5087465391621,-7.751858909359241,Linear
6682,discharge,Sorsele,2009.0,52.84514885844749,-2.272003899394202,Linear
6683,discharge,Sorsele,2010.0,50.97676557077625,-6.427413095091563,Linear
6684,discharge,Sorsele,2011.0,68.16327515981736,24.197615232506784,Linear
6685,discharge,Sorsele,2012.0,60.428722859744994,9.299021669291434,Linear
6686,discharge,Sorsele,2013.0,48.51841159817352,-12.88102745286435,Linear
6687,discharge,Sorsele,2014.0,46.85689388127853,-16.47126562589222,Linear
6688,discharge,Sorsele,2015.0,69.40770219178081,22.842571769654104,Linear
6689,discharge,Sorsele,2016.0,44.95034043715848,-21.009417270764438,Linear
6690,discharge,Sorsele,2017.0,63.084624566210046,10.075054750548366,Linear
6691,discharge,Sorsele,2018.0,53.43417059360731,-7.4174450587271386,Linear
6692,discharge,Sorsele,2019.0,53.66950493150685,-7.657054376344886,Linear
6693,discharge,Sorsele,2020.0,64.51801876138434,10.241280976660953,Linear
6694,discharge,Sorsele,2021.0,53.52647817351598,-9.167817415696339,Linear
6695,discharge,Sorsele,2022.0,65.54066318681318,10.46132230569905,Linear
6696,discharge,Stockholm,2005.0,116.88701369863014,-32.12721310850793,Linear
6697,discharge,Stockholm,2006.0,178.8386301369863,4.57731475137701,Linear
6698,discharge,Stockholm,2007.0,131.48062739726026,-22.570549498128255,Linear
6699,discharge,Stockholm,2008.0,193.1980469945355,14.58749634155975,Linear
6700,discharge,Stockholm,2009.0,176.9435424657534,5.701572862247033,Linear
6701,discharge,Stockholm,2010.0,185.89577260273973,11.853851546235749,Linear
6702,discharge,Stockholm,2011.0,160.8057501369863,-2.536839248625485,Linear
6703,discharge,Stockholm,2012.0,261.9509338797814,59.933514391279594,Linear
6704,discharge,Stockholm,2013.0,129.27226301369862,-20.488680832250612,Linear
6705,discharge,Stockholm,2014.0,201.7943917808219,25.043347587501895,Linear
6706,discharge,Stockholm,2015.0,183.996698630137,14.871844241431804,Linear
6707,discharge,Stockholm,2016.0,117.99486612021856,-25.776184806887496,Linear
6708,discharge,Stockholm,2017.0,110.6788219178082,-29.84700808590282,Linear
6709,discharge,Stockholm,2018.0,147.81787671232877,-5.586210784445588,Linear
6710,discharge,Stockholm,2019.0,172.71750410958904,11.17248186016542,Linear
6711,discharge,Stockholm,2020.0,142.0494426229508,-7.853458134594442,Linear
6712,discharge,Stockholm,2021.0,200.93521917808215,31.371337520957848,Linear
6713,discharge,Stockholm,2022.0,102.40979395604396,-32.51332889710264,Linear
6714,discharge,Storuman,2005.0,9.901768219178082,37.267639706287184,Linear
6715,discharge,Storuman,2006.0,5.004639726027397,-31.36901428202198,Linear
6716,discharge,Storuman,2007.0,8.806777260273973,19.483222710565194,Linear
6717,discharge,Storuman,2008.0,6.141531147540984,-17.556106957974738,Linear
6718,discharge,Storuman,2009.0,7.15588301369863,-4.942724511225601,Linear
6719,discharge,Storuman,2010.0,5.664846575342465,-25.52715303969229,Linear
6720,discharge,Storuman,2011.0,10.455687397260274,36.0493496080131,Linear
6721,discharge,Storuman,2012.0,7.312726229508197,-5.810449005464684,Linear
6722,discharge,Storuman,2013.0,7.051884383561644,-10.080751614796592,Linear
6723,discharge,Storuman,2014.0,6.743447671232877,-14.867144330671092,Linear
6724,discharge,Storuman,2015.0,10.09562493150685,26.199877118807706,Linear
6725,discharge,Storuman,2016.0,6.379398907103825,-21.030761183108407,Linear
6726,discharge,Storuman,2017.0,9.292104383561645,13.91630241027218,Linear
6727,discharge,Storuman,2018.0,7.104260547945206,-13.73698377848727,Linear
6728,discharge,Storuman,2019.0,7.577989589041095,-8.854904250477924,Linear
6729,discharge,Storuman,2020.0,11.044418852459016,31.593534331132727,Linear
6730,discharge,Storuman,2021.0,6.126037534246576,-27.686092031877685,Linear
6731,discharge,Storuman,2022.0,10.012930769230769,17.10927668538288,Linear
6732,discharge,Strängnäs,2005.0,1.051301095890411,-26.77783245017487,Linear
6733,discharge,Strängnäs,2006.0,1.2716246575342465,-9.2914694973365,Linear
6734,discharge,Strängnäs,2007.0,1.1708164383561643,-14.413435003299051,Linear
6735,discharge,Strängnäs,2008.0,1.6031043715846995,20.163558969962597,Linear
6736,discharge,Strängnäs,2009.0,1.027749589041096,-20.955288031214764,Linear
6737,discharge,Strängnäs,2010.0,2.02902904109589,60.22985224128157,Linear
6738,discharge,Strängnäs,2011.0,1.3497641095890411,9.520105373129935,Linear
6739,discharge,Strängnäs,2012.0,1.7802360655737706,48.53297561169773,Linear
6740,discharge,Strängnäs,2013.0,1.1176583561643836,-4.035409615132474,Linear
6741,discharge,Strängnäs,2014.0,0.932586301369863,-17.526295966610196,Linear
6742,discharge,Strängnäs,2015.0,1.3433364383561643,22.468963616398486,Linear
6743,discharge,Strängnäs,2016.0,0.6475035519125683,-39.086586633552955,Linear
6744,discharge,Strängnäs,2017.0,0.6060438356164384,-41.1093987026231,Linear
6745,discharge,Strängnäs,2018.0,0.9234197260273972,-7.213779628231576,Linear
6746,discharge,Strängnäs,2019.0,0.8985967123287671,-6.52501120780189,Linear
6747,discharge,Strängnäs,2020.0,0.9540983606557376,2.875048788772048,Linear
6748,discharge,Strängnäs,2021.0,1.3006739726027396,45.563311125697396,Linear
6749,discharge,Strängnäs,2022.0,0.6512832417582418,-24.239105063716742,Linear
6750,discharge,Strömstad,2005.0,0.8834953424657535,-27.421143834078666,Linear
6751,discharge,Strömstad,2006.0,1.3705909589041096,14.531727657289755,Linear
6752,discharge,Strömstad,2007.0,1.116767671232877,-5.044182215068222,Linear
6753,discharge,Strömstad,2008.0,1.4532199453551913,25.76625856903591,Linear
6754,discharge,Strömstad,2009.0,1.0416657534246576,-8.214671155607254,Linear
6755,discharge,Strömstad,2010.0,0.7530421917808219,-32.419813746374494,Linear
6756,discharge,Strömstad,2011.0,1.3143553424657537,20.175656882130586,Linear
6757,discharge,Strömstad,2012.0,1.1825109289617486,10.196194368642299,Linear
6758,discharge,Strömstad,2013.0,0.9614912328767125,-8.646635557258424,Linear
6759,discharge,Strömstad,2014.0,1.4223542465753425,37.83869922375413,Linear
6760,discharge,Strömstad,2015.0,1.2435879452054794,22.969432956204304,Linear
6761,discharge,Strömstad,2016.0,0.574786612021858,-41.981725207767845,Linear
6762,discharge,Strömstad,2017.0,0.8771032876712328,-9.586307762560335,Linear
6763,discharge,Strömstad,2018.0,0.7864605479452056,-17.17116204334608,Linear
6764,discharge,Strömstad,2019.0,1.2336531506849315,32.80771792777592,Linear
6765,discharge,Strömstad,2020.0,1.214819398907104,33.746122484597656,Linear
6766,discharge,Strömstad,2021.0,0.6817791780821918,-23.197407249303932,Linear
6767,discharge,Strömstad,2022.0,0.6478659340659341,-25.28395449987321,Linear
6768,discharge,Strömsund,2005.0,30.572102191780825,13.580885235467225,Linear
6769,discharge,Strömsund,2006.0,22.96945534246575,-14.973470488148655,Linear
6770,discharge,Strömsund,2007.0,27.771466301369863,2.431156341059394,Linear
6771,discharge,Strömsund,2008.0,22.556566484517305,-17.102501499132078,Linear
6772,discharge,Strömsund,2009.0,29.262870593607303,7.158381458310694,Linear
6773,discharge,Strömsund,2010.0,27.20017022831051,-0.750756685555495,Linear
6774,discharge,Strömsund,2011.0,32.952261278538806,19.80990029520602,Linear
6775,discharge,Strömsund,2012.0,31.31181976320583,13.441822077293688,Linear
6776,discharge,Strömsund,2013.0,25.157656255707764,-9.176564742718417,Linear
6777,discharge,Strömsund,2014.0,24.846134977168948,-10.617012186577925,Linear
6778,discharge,Strömsund,2015.0,33.73605616438356,20.93834017333778,Linear
6779,discharge,Strömsund,2016.0,20.342110109289617,-27.331749551142188,Linear
6780,discharge,Strömsund,2017.0,25.19644566210045,-10.304159487913145,Linear
6781,discharge,Strömsund,2018.0,26.98924100456621,-4.255621523750582,Linear
6782,discharge,Strömsund,2019.0,26.985378538812785,-4.6005320858995615,Linear
6783,discharge,Strömsund,2020.0,34.14775673952641,20.303881740005952,Linear
6784,discharge,Strömsund,2021.0,29.49998520547945,3.5724969177228942,Linear
6785,discharge,Strömsund,2022.0,27.974691941391946,-2.1190276873454006,Linear
6786,discharge,Sunne,2005.0,0.2364745205479451,-42.20300068899737,Linear
6787,discharge,Sunne,2006.0,0.4545934246575343,12.217334562608102,Linear
6788,discharge,Sunne,2007.0,0.2650298630136986,-33.9168413798279,Linear
6789,discharge,Sunne,2008.0,0.5061543715846994,27.49182961890123,Linear
6790,discharge,Sunne,2009.0,0.4437054794520547,12.912659922761947,Linear
6791,discharge,Sunne,2010.0,0.4746479452054794,22.04330896902848,Linear
6792,discharge,Sunne,2011.0,0.4008928767123287,4.162700803247513,Linear
6793,discharge,Sunne,2012.0,0.5368489071038252,40.969605199337465,Linear
6794,discharge,Sunne,2013.0,0.2565353424657534,-31.91379113309151,Linear
6795,discharge,Sunne,2014.0,0.456445205479452,22.458577843864266,Linear
6796,discharge,Sunne,2015.0,0.4572430136986301,24.01877183173741,Linear
6797,discharge,Sunne,2016.0,0.2561139344262295,-29.76305047095597,Linear
6798,discharge,Sunne,2017.0,0.3048394520547945,-15.462546977594963,Linear
6799,discharge,Sunne,2018.0,0.2452553424657534,-31.214532964754987,Linear
6800,discharge,Sunne,2019.0,0.4413071232876712,25.191631816731295,Linear
6801,discharge,Sunne,2020.0,0.3786803278688525,8.672702890740831,Linear
6802,discharge,Sunne,2021.0,0.4163676712328767,20.89174234161301,Linear
6803,discharge,Sunne,2022.0,0.2144961538461538,-36.98107529143479,Linear
6804,discharge,Svedala,2005.0,0.3433698630136986,-21.68192788743671,Linear
6805,discharge,Svedala,2006.0,0.4963780821917808,14.577810664776985,Linear
6806,discharge,Svedala,2007.0,0.704388493150685,64.57013024364842,Linear
6807,discharge,Svedala,2008.0,0.3266377049180328,-22.74614220353861,Linear
6808,discharge,Svedala,2009.0,0.1857112328767123,-55.529399959924554,Linear
6809,discharge,Svedala,2010.0,0.4038704109589041,-2.0678438583088696,Linear
6810,discharge,Svedala,2011.0,0.547621095890411,34.48725741425169,Linear
6811,discharge,Svedala,2012.0,0.3594090163934426,-10.591537396505982,Linear
6812,discharge,Svedala,2013.0,0.2849005479452055,-28.196685491055636,Linear
6813,discharge,Svedala,2014.0,0.4873112328767123,24.44973017579136,Linear
6814,discharge,Svedala,2015.0,0.4277394520547945,10.708242955303007,Linear
6815,discharge,Svedala,2016.0,0.3214128415300546,-15.675096570149671,Linear
6816,discharge,Svedala,2017.0,0.4892558904109588,30.137274185844976,Linear
6817,discharge,Svedala,2018.0,0.3101986301369863,-16.331529659378024,Linear
6818,discharge,Svedala,2019.0,0.3045052054794521,-16.69738447001326,Linear
6819,discharge,Svedala,2020.0,0.3033262295081967,-15.820962564007338,Linear
6820,discharge,Svedala,2021.0,0.4421991780821918,24.5181520005317,Linear
6821,discharge,Svedala,2022.0,0.3569315934065934,2.003206940452763,Linear
6822,discharge,Svenljunga,2005.0,9.284131232876714,-22.7612492488039,Linear
6823,discharge,Svenljunga,2006.0,10.750691369863013,-9.237519114834349,Linear
6824,discharge,Svenljunga,2007.0,15.267282328767124,30.82860138988067,Linear
6825,discharge,Svenljunga,2008.0,14.200666120218578,23.543117032117365,Linear
6826,discharge,Svenljunga,2009.0,8.331071232876713,-26.39955391292501,Linear
6827,discharge,Svenljunga,2010.0,9.872464520547943,-11.411168535927908,Linear
6828,discharge,Svenljunga,2011.0,14.371430273972605,31.019067780933256,Linear
6829,discharge,Svenljunga,2012.0,13.048435519125682,20.88846490183314,Linear
6830,discharge,Svenljunga,2013.0,7.409395479452055,-30.222482961693764,Linear
6831,discharge,Svenljunga,2014.0,11.388753150684932,9.051953232660255,Linear
6832,discharge,Svenljunga,2015.0,10.403256849315069,1.314904676466105,Linear
6833,discharge,Svenljunga,2016.0,8.720217896174862,-13.601832847442113,Linear
6834,discharge,Svenljunga,2017.0,9.247876986301373,-6.755492273759605,Linear
6835,discharge,Svenljunga,2018.0,8.55306,-12.21056112820984,Linear
6836,discharge,Svenljunga,2019.0,8.981652876712328,-6.123477944905762,Linear
6837,discharge,Svenljunga,2020.0,11.702017076502733,24.591107392669777,Linear
6838,discharge,Svenljunga,2021.0,9.376663424657533,1.7305390437423247,Linear
6839,discharge,Svenljunga,2022.0,8.649111538461538,-4.3449017070886224,Linear
6840,discharge,Sävsjö,2005.0,1.323329315068493,-23.86739665948129,Linear
6841,discharge,Sävsjö,2006.0,1.5845158904109589,-7.057066783570471,Linear
6842,discharge,Sävsjö,2007.0,2.1590594520547945,29.171815684506807,Linear
6843,discharge,Sävsjö,2008.0,1.9139172131147544,16.83763752700837,Linear
6844,discharge,Sävsjö,2009.0,1.0591942465753426,-33.99575336375332,Linear
6845,discharge,Sävsjö,2010.0,2.03549698630137,29.536195985236013,Linear
6846,discharge,Sävsjö,2011.0,1.7419997260273972,13.263242635624783,Linear
6847,discharge,Sävsjö,2012.0,2.098074863387978,39.43973065548823,Linear
6848,discharge,Sävsjö,2013.0,1.0996887671232876,-25.256475952041107,Linear
6849,discharge,Sävsjö,2014.0,1.37428,-4.425812629895443,Linear
6850,discharge,Sävsjö,2015.0,1.3368791780821918,-4.818395367049302,Linear
6851,discharge,Sävsjö,2016.0,0.8350415300546449,-39.10108886303999,Linear
6852,discharge,Sävsjö,2017.0,0.869572602739726,-35.00123860782645,Linear
6853,discharge,Sävsjö,2018.0,1.2704191780821916,-2.610028848241065,Linear
6854,discharge,Sävsjö,2019.0,1.2092438356164383,-4.866554474627224,Linear
6855,discharge,Sävsjö,2020.0,1.8276972677595624,47.6641462701721,Linear
6856,discharge,Sävsjö,2021.0,1.378229589041096,14.43515993465749,Linear
6857,discharge,Sävsjö,2022.0,1.066184065934066,-8.95195702884079,Linear
6858,discharge,Söderhamn,2005.0,1.4528402739726027,-26.559665427671824,Linear
6859,discharge,Söderhamn,2006.0,2.69546,35.452691926733955,Linear
6860,discharge,Söderhamn,2007.0,0.9567364383561644,-52.20306346393239,Linear
6861,discharge,Söderhamn,2008.0,2.154151639344262,6.992138386296862,Linear
6862,discharge,Söderhamn,2009.0,2.5226605479452058,24.570996280423852,Linear
6863,discharge,Söderhamn,2010.0,2.2263131506849314,9.305347645373347,Linear
6864,discharge,Söderhamn,2011.0,1.9974531506849316,-2.4913511741539955,Linear
6865,discharge,Söderhamn,2012.0,2.0780934426229507,0.8688724358873073,Linear
6866,discharge,Söderhamn,2013.0,2.129828767123288,2.79603390926746,Linear
6867,discharge,Söderhamn,2014.0,1.875649589041096,-9.980455023781323,Linear
6868,discharge,Söderhamn,2015.0,2.0883783561643834,-0.3306943249768092,Linear
6869,discharge,Söderhamn,2016.0,1.8539377049180328,-12.011060929170487,Linear
6870,discharge,Söderhamn,2017.0,2.242849589041096,5.858854730496449,Linear
6871,discharge,Söderhamn,2018.0,2.8685394520547947,34.64654710802541,Linear
6872,discharge,Söderhamn,2019.0,2.954206849315068,37.90999919041272,Linear
6873,discharge,Söderhamn,2020.0,1.9310677595628416,-10.342670981538205,Linear
6874,discharge,Söderhamn,2021.0,2.297631506849315,6.099885704603849,Linear
6875,discharge,Söderhamn,2022.0,1.0737054945054945,-50.685043315735854,Linear
6876,discharge,Söderköping,2005.0,2.567589589041096,-0.24505364299290228,Linear
6877,discharge,Söderköping,2006.0,2.757755616438356,10.808065207676782,Linear
6878,discharge,Söderköping,2007.0,2.0450846575342467,-14.917142214974438,Linear
6879,discharge,Söderköping,2008.0,1.7468765027322406,-24.65520378029612,Linear
6880,discharge,Söderköping,2009.0,1.392673698630137,-37.642800398556915,Linear
6881,discharge,Söderköping,2010.0,2.8813465753424654,34.125185633657345,Linear
6882,discharge,Söderköping,2011.0,2.5085720547945205,21.591029830978307,Linear
6883,discharge,Söderköping,2012.0,1.8795639344262292,-4.976236263753429,Linear
6884,discharge,Söderköping,2013.0,2.534264383561644,33.88514492422503,Linear
6885,discharge,Söderköping,2014.0,1.7488731506849315,-3.2561340092237434,Linear
6886,discharge,Söderköping,2015.0,3.026215068493151,75.67652788625314,Linear
6887,discharge,Söderköping,2016.0,0.6807245901639344,-58.42845664125955,Linear
6888,discharge,Söderköping,2017.0,1.3968243835616438,-10.01861941365016,Linear
6889,discharge,Söderköping,2018.0,1.8302471232876716,24.74258417862841,Linear
6890,discharge,Söderköping,2019.0,0.8277421917808219,-40.10939076188896,Linear
6891,discharge,Söderköping,2020.0,1.0915008196721312,-15.841665663170954,Linear
6892,discharge,Söderköping,2021.0,1.3258682191780822,9.410234330008164,Linear
6893,discharge,Söderköping,2022.0,1.0636769230769232,-5.5938438218329845,Linear
6894,discharge,Tanum,2005.0,5.195411232876713,-16.407214003107523,Linear
6895,discharge,Tanum,2006.0,6.496175068493152,5.608131280155673,Linear
6896,discharge,Tanum,2007.0,5.626352328767124,-7.571852052324002,Linear
6897,discharge,Tanum,2008.0,8.148452732240438,35.281396582377525,Linear
6898,discharge,Tanum,2009.0,5.302326210045663,-11.025837861676106,Linear
6899,discharge,Tanum,2010.0,4.059682648401826,-31.138880777362438,Linear
6900,discharge,Tanum,2011.0,6.281772146118722,7.720852101253415,Linear
6901,discharge,Tanum,2012.0,6.5040727686703095,12.769280275203887,Linear
6902,discharge,Tanum,2013.0,5.009045296803653,-12.17835572469489,Linear
6903,discharge,Tanum,2014.0,7.6524977168949775,35.689292056729926,Linear
6904,discharge,Tanum,2015.0,6.777701461187214,21.555995817616715,Linear
6905,discharge,Tanum,2016.0,3.770203096539163,-31.598222910793577,Linear
6906,discharge,Tanum,2017.0,4.774244657534247,-12.36563613521604,Linear
6907,discharge,Tanum,2018.0,4.468293242009133,-17.007588781408696,Linear
6908,discharge,Tanum,2019.0,6.567479360730594,23.447877899045476,Linear
6909,discharge,Tanum,2020.0,6.71090591985428,27.678269781130627,Linear
6910,discharge,Tanum,2021.0,4.989068858447489,-3.9116960573902446,Linear
6911,discharge,Tanum,2022.0,3.75671804029304,-26.744425398113624,Linear
6912,discharge,Tidaholm,2005.0,5.226810410958905,-31.032495144316506,Linear
6913,discharge,Tidaholm,2006.0,6.953229863013698,-6.550724566057084,Linear
6914,discharge,Tidaholm,2007.0,10.084997808219178,38.10079648447425,Linear
6915,discharge,Tidaholm,2008.0,8.454484153005463,18.003164621536342,Linear
6916,discharge,Tidaholm,2009.0,4.655982191780822,-33.73790051058634,Linear
6917,discharge,Tidaholm,2010.0,6.338368493150685,-7.987616861623841,Linear
6918,discharge,Tidaholm,2011.0,8.87209287671233,31.426863233522106,Linear
6919,discharge,Tidaholm,2012.0,8.578594535519127,29.73137797589111,Linear
6920,discharge,Tidaholm,2013.0,5.031435616438356,-22.28929423170338,Linear
6921,discharge,Tidaholm,2014.0,6.832957808219177,7.833844404062555,Linear
6922,discharge,Tidaholm,2015.0,6.163072602739725,-0.5723637807239323,Linear
6923,discharge,Tidaholm,2016.0,5.167156557377049,-14.740991440114556,Linear
6924,discharge,Tidaholm,2017.0,5.812065753424657,-1.8651480423684526,Linear
6925,discharge,Tidaholm,2018.0,5.096235342465754,-11.898720745235295,Linear
6926,discharge,Tidaholm,2019.0,5.174622191780822,-8.35713507992443,Linear
6927,discharge,Tidaholm,2020.0,6.208354098360656,12.705026808852235,Linear
6928,discharge,Tidaholm,2021.0,5.728604109589042,6.668235294942479,Linear
6929,discharge,Tidaholm,2022.0,4.921136813186813,-5.950145461206978,Linear
6930,discharge,Torsby,2005.0,4.396218630136986,-14.649703967741779,Linear
6931,discharge,Torsby,2006.0,5.6602424657534245,10.397174203049312,Linear
6932,discharge,Torsby,2007.0,3.854139726027397,-24.480905122385277,Linear
6933,discharge,Torsby,2008.0,5.242647540983606,3.2038012671140743,Linear
6934,discharge,Torsby,2009.0,5.568434794520548,10.129402159456017,Linear
6935,discharge,Torsby,2010.0,4.714924109589041,-6.312975049986708,Linear
6936,discharge,Torsby,2011.0,5.840984383561644,16.60977599918865,Linear
6937,discharge,Torsby,2012.0,5.589762841530055,12.123369423382755,Linear
6938,discharge,Torsby,2013.0,3.6139208219178087,-27.164183636621125,Linear
6939,discharge,Torsby,2014.0,6.890898356164384,39.54544220087475,Linear
6940,discharge,Torsby,2015.0,6.214252876712329,26.44804945986916,Linear
6941,discharge,Torsby,2016.0,3.7421980874316954,-23.48555582771528,Linear
6942,discharge,Torsby,2017.0,4.26114,-12.452037894175252,Linear
6943,discharge,Torsby,2018.0,3.344865205479452,-30.942209278135042,Linear
6944,discharge,Torsby,2019.0,5.887857808219178,22.156205285420818,Linear
6945,discharge,Torsby,2020.0,5.888438524590165,22.77020077997173,Linear
6946,discharge,Torsby,2021.0,5.43059397260274,13.78507455956589,Linear
6947,discharge,Torsby,2022.0,2.957034065934066,-37.73412640381927,Linear
6948,discharge,Trollhättan,2005.0,3.192740821917808,-28.725397703109067,Linear
6949,discharge,Trollhättan,2006.0,4.963821917808219,12.324989679705709,Linear
6950,discharge,Trollhättan,2007.0,4.826678630136986,10.733388820851886,Linear
6951,discharge,Trollhättan,2008.0,6.004171038251367,39.680727043554974,Linear
6952,discharge,Trollhättan,2009.0,2.9497476712328767,-30.40034499338724,Linear
6953,discharge,Trollhättan,2010.0,3.402273424657534,-18.563661457939123,Linear
6954,discharge,Trollhättan,2011.0,5.140427397260274,24.843415244673253,Linear
6955,discharge,Trollhättan,2012.0,4.812415846994536,18.615159513345247,Linear
6956,discharge,Trollhättan,2013.0,2.64814602739726,-33.74393124553686,Linear
6957,discharge,Trollhättan,2014.0,5.056158356164384,28.44288605865123,Linear
6958,discharge,Trollhättan,2015.0,3.936518904109589,1.5568939663102863,Linear
6959,discharge,Trollhättan,2016.0,3.0448978142076504,-20.203710204928814,Linear
6960,discharge,Trollhättan,2017.0,3.2679720547945204,-12.981859157980203,Linear
6961,discharge,Trollhättan,2018.0,2.601124109589041,-29.607542166140576,Linear
6962,discharge,Trollhättan,2019.0,4.00791397260274,10.26376675202151,Linear
6963,discharge,Trollhättan,2020.0,4.620924043715847,29.27433366665417,Linear
6964,discharge,Trollhättan,2021.0,4.014630136986301,14.240949366828207,Linear
6965,discharge,Trollhättan,2022.0,2.9094857142857142,-15.760980437609906,Linear
6966,discharge,Tyresö,2005.0,0.0297298630136986,-21.782198693934028,Linear
6967,discharge,Tyresö,2006.0,0.0325668493150684,-13.278759695287754,Linear
6968,discharge,Tyresö,2007.0,0.0326794520547945,-11.910232089441015,Linear
6969,discharge,Tyresö,2008.0,0.0530183060109289,44.6914985522618,Linear
6970,discharge,Tyresö,2009.0,0.0295608219178082,-18.310303552899747,Linear
6971,discharge,Tyresö,2010.0,0.0381668493150684,6.816794616028128,Linear
6972,discharge,Tyresö,2011.0,0.0359353424657534,1.8704170569116059,Linear
6973,discharge,Tyresö,2012.0,0.0502505464480874,44.31537316972271,Linear
6974,discharge,Tyresö,2013.0,0.0306142465753424,-10.912812049489151,Linear
6975,discharge,Tyresö,2014.0,0.0330597260273972,-2.5039250877182275,Linear
6976,discharge,Tyresö,2015.0,0.041391506849315,23.729634750803303,Linear
6977,discharge,Tyresö,2016.0,0.0215887978142076,-34.5746400650854,Linear
6978,discharge,Tyresö,2017.0,0.034451506849315,5.867789883349004,Linear
6979,discharge,Tyresö,2018.0,0.0259802739726027,-19.030315887501406,Linear
6980,discharge,Tyresö,2019.0,0.0425605479452054,34.55399221864878,Linear
6981,discharge,Tyresö,2020.0,0.0227267759562841,-27.09992541037992,Linear
6982,discharge,Tyresö,2021.0,0.0360224657534246,17.261947645882035,Linear
6983,discharge,Tyresö,2022.0,0.0241543956043956,-20.187870896378204,Linear
6984,discharge,Töreboda,2005.0,9.402834520547945,-27.895906941838692,Linear
6985,discharge,Töreboda,2006.0,11.516303835616435,-9.784996729753939,Linear
6986,discharge,Töreboda,2007.0,16.022443561643836,28.280571141106186,Linear
6987,discharge,Töreboda,2008.0,13.808239071038251,13.044090153443765,Linear
6988,discharge,Töreboda,2009.0,8.113818630136986,-32.0432096127786,Linear
6989,discharge,Töreboda,2010.0,12.012259178082193,2.981950277374348,Linear
6990,discharge,Töreboda,2011.0,15.64216602739726,37.34221515169504,Linear
6991,discharge,Töreboda,2012.0,15.258159562841527,37.28837550394012,Linear
6992,discharge,Töreboda,2013.0,8.768376438356166,-19.10127009130257,Linear
6993,discharge,Töreboda,2014.0,11.19569205479452,5.985027930335489,Linear
6994,discharge,Töreboda,2015.0,10.05833698630137,-2.234469298419121,Linear
6995,discharge,Töreboda,2016.0,8.009527322404372,-20.008577331820515,Linear
6996,discharge,Töreboda,2017.0,8.427534246575343,-13.454937327102021,Linear
6997,discharge,Töreboda,2018.0,8.582416164383561,-9.300751381574894,Linear
6998,discharge,Töreboda,2019.0,8.609357534246575,-6.290241370653603,Linear
6999,discharge,Töreboda,2020.0,9.75977650273224,9.512546452277858,Linear
7000,discharge,Töreboda,2021.0,9.826091506849314,13.770373618220583,Linear
7001,discharge,Töreboda,2022.0,7.606222527472528,-9.033166486074675,Linear
7002,discharge,Uddevalla,2005.0,0.3223720547945206,-28.80545031252556,Linear
7003,discharge,Uddevalla,2006.0,0.5693126027397261,27.317706090582394,Linear
7004,discharge,Uddevalla,2007.0,0.4575986301369863,3.643148744714956,Linear
7005,discharge,Uddevalla,2008.0,0.6019751366120218,38.109426643439434,Linear
7006,discharge,Uddevalla,2009.0,0.308893698630137,-28.201468117657935,Linear
7007,discharge,Uddevalla,2010.0,0.330558904109589,-22.144032098912813,Linear
7008,discharge,Uddevalla,2011.0,0.4323915068493151,3.2127915747918783,Linear
7009,discharge,Uddevalla,2012.0,0.4652562841530055,12.574703314284964,Linear
7010,discharge,Uddevalla,2013.0,0.3108621917808219,-23.741246275441522,Linear
7011,discharge,Uddevalla,2014.0,0.5226517808219178,30.014194860875556,Linear
7012,discharge,Uddevalla,2015.0,0.4603561643835616,16.148738047850763,Linear
7013,discharge,Uddevalla,2016.0,0.2865306010928962,-26.663216849148135,Linear
7014,discharge,Uddevalla,2017.0,0.3214819178082191,-16.511167147535303,Linear
7015,discharge,Uddevalla,2018.0,0.2983441095890411,-21.36721434422632,Linear
7016,discharge,Uddevalla,2019.0,0.4443290410958904,18.877977234211464,Linear
7017,discharge,Uddevalla,2020.0,0.4644234972677596,26.159654818817135,Linear
7018,discharge,Uddevalla,2021.0,0.4170161643835616,15.045847146457426,Linear
7019,discharge,Uddevalla,2022.0,0.2723810439560439,-23.66705069526723,Linear
7020,discharge,Umeå,2005.0,6.4158178082191775,-2.1644689792394045,Linear
7021,discharge,Umeå,2006.0,5.95488794520548,-9.101516650217421,Linear
7022,discharge,Umeå,2007.0,5.824532328767123,-11.001434607561304,Linear
7023,discharge,Umeå,2008.0,8.160959289617486,24.82526709066788,Linear
7024,discharge,Umeå,2009.0,6.819998082191781,4.420396179230188,Linear
7025,discharge,Umeå,2010.0,5.834923561643835,-10.571387528718498,Linear
7026,discharge,Umeå,2011.0,5.839854520547945,-10.404946366973565,Linear
7027,discharge,Umeå,2012.0,10.507042896174864,61.36288218384818,Linear
7028,discharge,Umeå,2013.0,5.911053424657535,-9.128101413581142,Linear
7029,discharge,Umeå,2014.0,5.012651780821917,-22.860950540015853,Linear
7030,discharge,Umeå,2015.0,6.592077534246575,1.5480372626065986,Linear
7031,discharge,Umeå,2016.0,5.364894262295082,-17.271847631546215,Linear
7032,discharge,Umeå,2017.0,6.393257534246576,-1.3135013256983041,Linear
7033,discharge,Umeå,2018.0,4.830893972602739,-25.35394094059889,Linear
7034,discharge,Umeå,2019.0,5.428728493150684,-16.030456764976016,Linear
7035,discharge,Umeå,2020.0,7.9046448087431695,22.391363898486702,Linear
7036,discharge,Umeå,2021.0,8.960966849315069,38.88920333159849,Linear
7037,discharge,Umeå,2022.0,5.270018956043956,-18.234244878689804,Linear
7038,discharge,Uppsala,2005.0,0.6684846575342466,-11.943545260777267,Linear
7039,discharge,Uppsala,2006.0,0.8142583561643836,8.566776927208045,Linear
7040,discharge,Uppsala,2007.0,0.6306215068493151,-14.879713060250612,Linear
7041,discharge,Uppsala,2008.0,0.8566407103825135,17.073555489493103,Linear
7042,discharge,Uppsala,2009.0,0.6556795890410959,-9.256517303652052,Linear
7043,discharge,Uppsala,2010.0,0.5948883561643835,-16.614115318517833,Linear
7044,discharge,Uppsala,2011.0,0.7960305479452054,13.02942280342817,Linear
7045,discharge,Uppsala,2012.0,0.9481046448087432,36.39423999682702,Linear
7046,discharge,Uppsala,2013.0,0.6718545205479453,-2.058173537314694,Linear
7047,discharge,Uppsala,2014.0,0.6824805479452055,0.8355496547937982,Linear
7048,discharge,Uppsala,2015.0,0.7166314383561643,7.331951734163081,Linear
7049,discharge,Uppsala,2016.0,0.4354930327868852,-33.86890881079198,Linear
7050,discharge,Uppsala,2017.0,0.5775953424657534,-11.054643949665726,Linear
7051,discharge,Uppsala,2018.0,0.6438449315068493,0.563917528662592,Linear
7052,discharge,Uppsala,2019.0,0.9183812328767124,45.523750334852586,Linear
7053,discharge,Uppsala,2020.0,0.4809442622950819,-22.670204577656932,Linear
7054,discharge,Uppsala,2021.0,0.6252912328767124,2.039812402898912,Linear
7055,discharge,Uppsala,2022.0,0.5479604395604396,-9.224530012553442,Linear
7056,discharge,Valdemarsvik,2005.0,1.7374468493150683,-7.170998215928496,Linear
7057,discharge,Valdemarsvik,2006.0,1.826647123287671,0.10901722557412048,Linear
7058,discharge,Valdemarsvik,2007.0,1.6301131506849316,-8.299649256797997,Linear
7059,discharge,Valdemarsvik,2008.0,1.4446407103825138,-16.525933334437045,Linear
7060,discharge,Valdemarsvik,2009.0,1.032276712328767,-38.68780943830814,Linear
7061,discharge,Valdemarsvik,2010.0,2.451502739726027,49.78927642610839,Linear
7062,discharge,Valdemarsvik,2011.0,1.965535890410959,23.64750366805362,Linear
7063,discharge,Valdemarsvik,2012.0,1.4446923497267758,-6.348292949288364,Linear
7064,discharge,Valdemarsvik,2013.0,1.8106046575342467,21.060744839188512,Linear
7065,discharge,Valdemarsvik,2014.0,1.5038471232876711,3.813058097928612,Linear
7066,discharge,Valdemarsvik,2015.0,1.94161397260274,38.527914182560316,Linear
7067,discharge,Valdemarsvik,2016.0,0.6764904371584699,-50.05972560224935,Linear
7068,discharge,Valdemarsvik,2017.0,1.2791994520547945,-2.1714408396315976,Linear
7069,discharge,Valdemarsvik,2018.0,1.8505849315068488,46.80340904319436,Linear
7070,discharge,Valdemarsvik,2019.0,0.9559441095890412,-21.22949361748539,Linear
7071,discharge,Valdemarsvik,2020.0,0.7739857923497268,-33.65316873138614,Linear
7072,discharge,Valdemarsvik,2021.0,1.4720873972602742,31.486918242525135,Linear
7073,discharge,Valdemarsvik,2022.0,0.7008332417582417,-34.65811651595863,Linear
7074,discharge,Vara,2005.0,5.123270136986301,-31.799548217494962,Linear
7075,discharge,Vara,2006.0,7.080825479452055,-4.012096061792937,Linear
7076,discharge,Vara,2007.0,8.549564657534248,18.063413571071372,Linear
7077,discharge,Vara,2008.0,8.180829508196721,15.122178565076606,Linear
7078,discharge,Vara,2009.0,4.591199726027398,-34.1378959265564,Linear
7079,discharge,Vara,2010.0,7.338803835616438,7.360878682830228,Linear
7080,discharge,Vara,2011.0,10.1580298630137,51.60438856421047,Linear
7081,discharge,Vara,2012.0,8.327736612021857,26.849239402493374,Linear
7082,discharge,Vara,2013.0,4.426766849315069,-31.15211581737178,Linear
7083,discharge,Vara,2014.0,7.4042452054794525,17.63054643810252,Linear
7084,discharge,Vara,2015.0,6.118095890410959,-0.667437083966732,Linear
7085,discharge,Vara,2016.0,5.183415846994536,-13.952742103623248,Linear
7086,discharge,Vara,2017.0,5.69067095890411,-3.361721998878167,Linear
7087,discharge,Vara,2018.0,4.4260501369863015,-23.069943580510913,Linear
7088,discharge,Vara,2019.0,5.326362191780822,-5.192076829415059,Linear
7089,discharge,Vara,2020.0,6.089745628415301,11.070626180886961,Linear
7090,discharge,Vara,2021.0,5.70438602739726,6.6742523953840545,Linear
7091,discharge,Vara,2022.0,4.79844010989011,-7.938198028472632,Linear
7092,discharge,Varberg,2005.0,34.322178082191776,-25.542156835506436,Linear
7093,discharge,Varberg,2006.0,46.83949917808219,2.7241847317650136,Linear
7094,discharge,Varberg,2007.0,54.542598630136986,20.940874397152285,Linear
7095,discharge,Varberg,2008.0,55.13457540983607,23.620716507000854,Linear
7096,discharge,Varberg,2009.0,30.46917150684932,-30.910487060612073,Linear
7097,discharge,Varberg,2010.0,40.74108,-6.561933578719678,Linear
7098,discharge,Varberg,2011.0,51.72554,20.00324568696851,Linear
7099,discharge,Varberg,2012.0,53.59726775956284,25.80138473804968,Linear
7100,discharge,Varberg,2013.0,30.735339452054795,-27.00466217262658,Linear
7101,discharge,Varberg,2014.0,44.01726931506849,5.792648575026128,Linear
7102,discharge,Varberg,2015.0,46.86495315068493,14.003525192059332,Linear
7103,discharge,Varberg,2016.0,30.69094508196721,-24.424331781925083,Linear
7104,discharge,Varberg,2017.0,41.81271315068493,4.243082047882533,Linear
7105,discharge,Varberg,2018.0,28.858862739726025,-27.146163403626872,Linear
7106,discharge,Varberg,2019.0,42.83840493150685,9.524099015114302,Linear
7107,discharge,Varberg,2020.0,47.6658131147541,23.440370313217382,Linear
7108,discharge,Varberg,2021.0,43.52311726027397,14.186952456716483,Linear
7109,discharge,Varberg,2022.0,29.037753846153844,-22.806601297381146,Linear
7110,discharge,Vetlanda,2005.0,2.58734602739726,-40.37335071004844,Linear
7111,discharge,Vetlanda,2006.0,4.385670821917808,3.6368069078408936,Linear
7112,discharge,Vetlanda,2007.0,5.413929726027397,31.26922614931413,Linear
7113,discharge,Vetlanda,2008.0,4.881991666666666,21.538725929351532,Linear
7114,discharge,Vetlanda,2009.0,2.470787397260274,-36.79791898522884,Linear
7115,discharge,Vetlanda,2010.0,4.412971643835617,16.07370731000304,Linear
7116,discharge,Vetlanda,2011.0,4.509120821917808,22.05301364160652,Linear
7117,discharge,Vetlanda,2012.0,4.849582786885247,35.20184851175194,Linear
7118,discharge,Vetlanda,2013.0,2.6161954794520548,-24.809991119438042,Linear
7119,discharge,Vetlanda,2014.0,3.767174383561644,11.720255602603128,Linear
7120,discharge,Vetlanda,2015.0,3.1561054794520547,-3.3202818244528256,Linear
7121,discharge,Vetlanda,2016.0,1.9817280054644808,-37.227913856930385,Linear
7122,discharge,Vetlanda,2017.0,2.5294886301369863,-17.053606802061754,Linear
7123,discharge,Vetlanda,2018.0,2.725414931506849,-7.364079685897118,Linear
7124,discharge,Vetlanda,2019.0,2.605729315068493,-8.074068062904411,Linear
7125,discharge,Vetlanda,2020.0,3.706348907103825,35.90698459697208,Linear
7126,discharge,Vetlanda,2021.0,2.8751706849315064,9.754131426889543,Linear
7127,discharge,Vetlanda,2022.0,2.1879910714285717,-12.904409599526664,Linear
7128,discharge,Vilhelmina,2005.0,9.206055342465753,31.154019461439315,Linear
7129,discharge,Vilhelmina,2006.0,4.89261808219178,-30.837697470371722,Linear
7130,discharge,Vilhelmina,2007.0,7.872736712328766,10.433302381179347,Linear
7131,discharge,Vilhelmina,2008.0,6.258178961748634,-12.884744282727144,Linear
7132,discharge,Vilhelmina,2009.0,6.925604109589041,-4.324417397213927,Linear
7133,discharge,Vilhelmina,2010.0,6.97801095890411,-4.3252702392347135,Linear
7134,discharge,Vilhelmina,2011.0,9.90791095890411,34.8324389226316,Linear
7135,discharge,Vilhelmina,2012.0,7.900948360655738,6.724076731910753,Linear
7136,discharge,Vilhelmina,2013.0,5.97069808219178,-19.9423174873882,Linear
7137,discharge,Vilhelmina,2014.0,5.372324657534247,-28.491386704830468,Linear
7138,discharge,Vilhelmina,2015.0,9.480717260273972,25.279106152913332,Linear
7139,discharge,Vilhelmina,2016.0,5.61023087431694,-26.39923352263851,Linear
7140,discharge,Vilhelmina,2017.0,8.66342493150685,12.843838901953356,Linear
7141,discharge,Vilhelmina,2018.0,6.790772876712328,-12.175389216298312,Linear
7142,discharge,Vilhelmina,2019.0,7.622561917808219,-2.1121862246645193,Linear
7143,discharge,Vilhelmina,2020.0,9.71978387978142,23.947124837711677,Linear
7144,discharge,Vilhelmina,2021.0,6.91366794520548,-12.448863876486097,Linear
7145,discharge,Vilhelmina,2022.0,8.651232142857143,8.799174845552686,Linear
7146,discharge,Vindeln,2005.0,195.0944249315069,9.244793398421043,Linear
7147,discharge,Vindeln,2006.0,140.6198589041096,-21.574635483889942,Linear
7148,discharge,Vindeln,2007.0,190.42397123287677,5.777304786923712,Linear
7149,discharge,Vindeln,2008.0,179.42798715846993,-0.7274927529743196,Linear
7150,discharge,Vindeln,2009.0,176.1587298630137,-2.922679015551858,Linear
7151,discharge,Vindeln,2010.0,176.00294794520548,-3.3915337103277645,Linear
7152,discharge,Vindeln,2011.0,217.63074630136987,18.988202007974316,Linear
7153,discharge,Vindeln,2012.0,227.2266401639344,23.747952525198027,Linear
7154,discharge,Vindeln,2013.0,164.17345287671233,-10.939834401387015,Linear
7155,discharge,Vindeln,2014.0,149.79063753424657,-19.058054136743877,Linear
7156,discharge,Vindeln,2015.0,222.5413232876712,19.788356503206472,Linear
7157,discharge,Vindeln,2016.0,149.97036010928963,-19.586149920165553,Linear
7158,discharge,Vindeln,2017.0,189.36245287671235,1.1456560896545431,Linear
7159,discharge,Vindeln,2018.0,171.96993726027398,-8.495963033336025,Linear
7160,discharge,Vindeln,2019.0,176.69195890410958,-6.341924891263255,Linear
7161,discharge,Vindeln,2020.0,211.4909368852459,11.67790003900988,Linear
7162,discharge,Vindeln,2021.0,186.0651717808219,-2.120020583918967,Linear
7163,discharge,Vindeln,2022.0,199.95202706043955,4.788618721478844,Linear
7164,discharge,Värnamo,2005.0,5.230080547945206,-33.69264113016644,Linear
7165,discharge,Värnamo,2006.0,7.864081095890411,1.4218787573770635,Linear
7166,discharge,Värnamo,2007.0,8.951243287671232,17.469923388437785,Linear
7167,discharge,Värnamo,2008.0,8.812537978142077,17.716653242525236,Linear
7168,discharge,Värnamo,2009.0,5.067082739726027,-31.082861740038936,Linear
7169,discharge,Värnamo,2010.0,8.16564191780822,13.119051998343329,Linear
7170,discharge,Värnamo,2011.0,8.954865205479452,26.39500146753631,Linear
7171,discharge,Värnamo,2012.0,8.699099180327869,25.14844993600951,Linear
7172,discharge,Värnamo,2013.0,4.983233424657534,-26.90229902451982,Linear
7173,discharge,Värnamo,2014.0,8.4151501369863,25.91079902298223,Linear
7174,discharge,Värnamo,2015.0,6.389479726027397,-2.4450457846963567,Linear
7175,discharge,Värnamo,2016.0,4.465640163934426,-30.39642203281465,Linear
7176,discharge,Värnamo,2017.0,6.476397260273973,3.0942050299747876,Linear
7177,discharge,Värnamo,2018.0,4.967014794520548,-19.21211779931381,Linear
7178,discharge,Värnamo,2019.0,6.481523561643836,7.766457110556205,Linear
7179,discharge,Värnamo,2020.0,7.636802185792349,29.863997378047358,Linear
7180,discharge,Värnamo,2021.0,5.232147671232877,-8.955684928259688,Linear
7181,discharge,Värnamo,2022.0,4.713786538461538,-16.020389963456548,Linear
7182,discharge,Västervik,2005.0,1.9839580821917808,5.571399711243352,Linear
7183,discharge,Västervik,2006.0,1.4262734246575342,-22.47538582204963,Linear
7184,discharge,Västervik,2007.0,2.2324841095890413,24.007616745264862,Linear
7185,discharge,Västervik,2008.0,1.497984426229508,-14.92549167222641,Linear
7186,discharge,Västervik,2009.0,1.341073698630137,-22.089598005340296,Linear
7187,discharge,Västervik,2010.0,2.6522816438356167,57.703640147034506,Linear
7188,discharge,Västervik,2011.0,2.152248767123288,31.04888115161351,Linear
7189,discharge,Västervik,2012.0,1.546470218579235,-3.5166589425514103,Linear
7190,discharge,Västervik,2013.0,1.5074709589041095,-3.574181526676739,Linear
7191,discharge,Västervik,2014.0,1.1103449315068492,-27.135988553741313,Linear
7192,discharge,Västervik,2015.0,1.494380821917808,0.6743800989433602,Linear
7193,discharge,Västervik,2016.0,0.8069956284153006,-44.14798530344596,Linear
7194,discharge,Västervik,2017.0,0.8306504109589041,-40.89551498814332,Linear
7195,discharge,Västervik,2018.0,1.5973482191780823,16.944353040648792,Linear
7196,discharge,Västervik,2019.0,1.287895890410959,-2.904065021437918,Linear
7197,discharge,Västervik,2020.0,0.9093478142076504,-29.33960758631955,Linear
7198,discharge,Västervik,2021.0,1.918447397260274,53.790934834228125,Linear
7199,discharge,Västervik,2022.0,1.489206868131868,23.28382929084786,Linear
7200,discharge,Västerås,2005.0,0.916342191780822,-26.343499484306697,Linear
7201,discharge,Västerås,2006.0,1.6117920547945204,31.405573544913373,Linear
7202,discharge,Västerås,2007.0,0.95461698630137,-21.046080765228993,Linear
7203,discharge,Västerås,2008.0,1.653448907103825,38.76055650583141,Linear
7204,discharge,Västerås,2009.0,0.988114794520548,-15.839748724246089,Linear
7205,discharge,Västerås,2010.0,0.9871542465753426,-14.649617822075397,Linear
7206,discharge,Västerås,2011.0,1.2728539726027397,11.74272752045115,Linear
7207,discharge,Västerås,2012.0,1.5187866120218578,35.41293768530089,Linear
7208,discharge,Västerås,2013.0,0.8857904109589041,-19.772586322077135,Linear
7209,discharge,Västerås,2014.0,0.9083816438356164,-16.401657789414692,Linear
7210,discharge,Västerås,2015.0,1.161197808219178,8.61395891354729,Linear
7211,discharge,Västerås,2016.0,0.7532292349726776,-28.373609813677664,Linear
7212,discharge,Västerås,2017.0,0.96034301369863,-7.13352070255735,Linear
7213,discharge,Västerås,2018.0,0.959888493150685,-5.57990430320533,Linear
7214,discharge,Västerås,2019.0,1.3466090410958904,34.779826475804875,Linear
7215,discharge,Västerås,2020.0,0.8006292349726776,-18.43802392606408,Linear
7216,discharge,Västerås,2021.0,1.1820575342465751,22.604339573478136,Linear
7217,discharge,Västerås,2022.0,0.8550807692307691,-9.670759825961552,Linear
7218,discharge,Växjö,2005.0,2.023465479452055,-29.985338851374888,Linear
7219,discharge,Växjö,2006.0,3.298369315068493,15.891330495487594,Linear
7220,discharge,Växjö,2007.0,4.002617260273973,42.842645270925644,Linear
7221,discharge,Växjö,2008.0,3.129798360655738,13.474764319299446,Linear
7222,discharge,Växjö,2009.0,1.7023953424657532,-37.27757244272201,Linear
7223,discharge,Växjö,2010.0,2.8646934246575344,7.283786792572852,Linear
7224,discharge,Växjö,2011.0,3.1193923287671232,18.778336225262038,Linear
7225,discharge,Växjö,2012.0,2.759458196721311,6.862201591378282,Linear
7226,discharge,Växjö,2013.0,1.5931684931506849,-37.23449668894067,Linear
7227,discharge,Växjö,2014.0,2.5772309589041096,3.32418905035613,Linear
7228,discharge,Växjö,2015.0,2.384749863013699,-2.6769199509582915,Linear
7229,discharge,Växjö,2016.0,1.6235139344262297,-32.53271153248238,Linear
7230,discharge,Växjö,2017.0,2.209739726027397,-6.46209939725432,Linear
7231,discharge,Växjö,2018.0,2.181380547945205,-5.911254818113361,Linear
7232,discharge,Växjö,2019.0,2.4323594520547944,6.942415935150535,Linear
7233,discharge,Växjö,2020.0,2.790064207650273,25.08774981942164,Linear
7234,discharge,Växjö,2021.0,2.81155698630137,28.586280941772714,Linear
7235,discharge,Växjö,2022.0,1.7894642857142855,-16.47939744491659,Linear
7236,discharge,Vårgårda,2005.0,4.19345904109589,-26.890402822017162,Linear
7237,discharge,Vårgårda,2006.0,5.743497397260274,1.2631997592030635,Linear
7238,discharge,Vårgårda,2007.0,6.853522328767124,22.213050865556827,Linear
7239,discharge,Vårgårda,2008.0,7.037122677595629,26.935759331566235,Linear
7240,discharge,Vårgårda,2009.0,4.021916575342466,-26.605263085243173,Linear
7241,discharge,Vårgårda,2010.0,4.903689999999999,-9.45653471468254,Linear
7242,discharge,Vårgårda,2011.0,6.495883424657534,21.37667262327551,Linear
7243,discharge,Vårgårda,2012.0,6.203144945355192,17.30970726548165,Linear
7244,discharge,Vårgårda,2013.0,3.494487808219178,-33.10491702544512,Linear
7245,discharge,Vårgårda,2014.0,6.233968630136987,20.817299030911524,Linear
7246,discharge,Vårgårda,2015.0,5.423872876712329,6.4375035965228244,Linear
7247,discharge,Vårgårda,2016.0,4.706036338797814,-6.474586593168794,Linear
7248,discharge,Vårgårda,2017.0,4.56748397260274,-8.058657017350622,Linear
7249,discharge,Vårgårda,2018.0,3.665893835616439,-25.24414093418107,Linear
7250,discharge,Vårgårda,2019.0,4.649765753424658,-3.9268667741902115,Linear
7251,discharge,Vårgårda,2020.0,5.9059513661202185,23.663697782166928,Linear
7252,discharge,Vårgårda,2021.0,5.449189726027397,15.64950501247474,Linear
7253,discharge,Vårgårda,2022.0,3.904095879120879,-16.001419032350185,Linear
7254,discharge,Älmhult,2005.0,11.782256438356166,-7.782898407430238,Linear
7255,discharge,Älmhult,2006.0,10.288352328767123,-17.402062346803593,Linear
7256,discharge,Älmhult,2007.0,20.714075342465755,70.69362604497844,Linear
7257,discharge,Älmhult,2008.0,13.091421038251369,10.807804152857443,Linear
7258,discharge,Älmhult,2009.0,8.59404,-25.22905574259031,Linear
7259,discharge,Älmhult,2010.0,10.276864109589042,-8.021505427693649,Linear
7260,discharge,Älmhult,2011.0,12.221131780821915,12.612151546153786,Linear
7261,discharge,Älmhult,2012.0,10.770324863387978,2.265751298379447,Linear
7262,discharge,Älmhult,2013.0,6.291372602739727,-38.3862977820964,Linear
7263,discharge,Älmhult,2014.0,7.925249863013698,-19.86837014175327,Linear
7264,discharge,Älmhult,2015.0,9.496058630136986,-0.7683062690016124,Linear
7265,discharge,Älmhult,2016.0,7.675010655737704,-17.016824218853092,Linear
7266,discharge,Älmhult,2017.0,6.359981917808219,-28.76498997815523,Linear
7267,discharge,Älmhult,2018.0,9.292943561643837,7.963805981909464,Linear
7268,discharge,Älmhult,2019.0,7.726416438356164,-6.761859807748663,Linear
7269,discharge,Älmhult,2020.0,12.106841803278687,51.9805197472037,Linear
7270,discharge,Älmhult,2021.0,8.135685753424656,6.413632371519877,Linear
7271,discharge,Älmhult,2022.0,8.16353791208791,11.453172226653395,Linear
7272,discharge,Älvdalen,2005.0,19.218702648401827,-5.751656491963066,Linear
7273,discharge,Älvdalen,2006.0,21.60089187214612,6.581232381664194,Linear
7274,discharge,Älvdalen,2007.0,13.868854337899544,-31.14659489770547,Linear
7275,discharge,Älvdalen,2008.0,20.57529480874317,2.783469251609497,Linear
7276,discharge,Älvdalen,2009.0,21.09585689497717,6.043375006684603,Linear
7277,discharge,Älvdalen,2010.0,20.082582465753426,1.5855884830661608,Linear
7278,discharge,Älvdalen,2011.0,21.533969132420093,9.617532057874028,Linear
7279,discharge,Älvdalen,2012.0,22.806285154826963,16.834556976222068,Linear
7280,discharge,Älvdalen,2013.0,15.939855707762556,-17.81744353453036,Linear
7281,discharge,Älvdalen,2014.0,23.79714529680365,23.485654814045674,Linear
7282,discharge,Älvdalen,2015.0,23.91620621004566,24.91035546337207,Linear
7283,discharge,Älvdalen,2016.0,15.677764116575592,-17.581795741915222,Linear
7284,discharge,Älvdalen,2017.0,18.676869863013696,-1.1686832503736397,Linear
7285,discharge,Älvdalen,2018.0,15.70637488584475,-16.336359025565315,Linear
7286,discharge,Älvdalen,2019.0,19.62626173515982,5.241686073149184,Linear
7287,discharge,Älvdalen,2020.0,19.646786885245906,6.059727508606412,Linear
7288,discharge,Älvdalen,2021.0,20.03652210045662,8.895438386010479,Linear
7289,discharge,Älvdalen,2022.0,14.19542490842491,-22.324510410484898,Linear
7290,discharge,Älvsbyn,2005.0,86.25836493150686,15.619219413745167,Linear
7291,discharge,Älvsbyn,2006.0,59.90391,-20.161488279828514,Linear
7292,discharge,Älvsbyn,2007.0,87.96218287671233,16.572389207252506,Linear
7293,discharge,Älvsbyn,2008.0,78.1503769125683,2.9880989747874103,Linear
7294,discharge,Älvsbyn,2009.0,61.86052232876712,-18.93386143021967,Linear
7295,discharge,Älvsbyn,2010.0,66.75017712328767,-13.011510978313973,Linear
7296,discharge,Älvsbyn,2011.0,94.00265602739724,21.827777725108604,Linear
7297,discharge,Älvsbyn,2012.0,87.83780519125682,13.213373250478499,Linear
7298,discharge,Älvsbyn,2013.0,70.81538438356165,-9.224842837863049,Linear
7299,discharge,Älvsbyn,2014.0,64.27555383561644,-18.055219680039777,Linear
7300,discharge,Älvsbyn,2015.0,92.81647369863016,17.692667206728338,Linear
7301,discharge,Älvsbyn,2016.0,73.23196174863388,-7.639443453601877,Linear
7302,discharge,Älvsbyn,2017.0,83.54582767123289,4.805649902548973,Linear
7303,discharge,Älvsbyn,2018.0,67.82703178082193,-15.365157792104888,Linear
7304,discharge,Älvsbyn,2019.0,73.13434534246576,-9.22495736076284,Linear
7305,discharge,Älvsbyn,2020.0,87.9002744535519,8.529087424288871,Linear
7306,discharge,Älvsbyn,2021.0,81.21296849315068,-0.2520118776849645,Linear
7307,discharge,Älvsbyn,2022.0,90.5596646978022,10.649201203653796,Linear
7308,discharge,Ängelholm,2005.0,3.623950684931507,-21.147277212709472,Linear
7309,discharge,Ängelholm,2006.0,4.264007123287671,-5.96720210464754,Linear
7310,discharge,Ängelholm,2007.0,6.18926493150685,38.358797512658725,Linear
7311,discharge,Ängelholm,2008.0,4.825750546448087,9.375556394556623,Linear
7312,discharge,Ängelholm,2009.0,2.61347698630137,-39.931678448245606,Linear
7313,discharge,Ängelholm,2010.0,3.774338630136986,-12.011650413543963,Linear
7314,discharge,Ängelholm,2011.0,4.867679178082192,15.120404809743631,Linear
7315,discharge,Ängelholm,2012.0,5.305079508196721,27.309101709244,Linear
7316,discharge,Ängelholm,2013.0,3.3584906849315064,-18.201989094035433,Linear
7317,discharge,Ängelholm,2014.0,4.03443890410959,-0.2507956183288777,Linear
7318,discharge,Ängelholm,2015.0,4.974900821917808,24.89298375677296,Linear
7319,discharge,Ängelholm,2016.0,2.904033606557377,-25.956784539981577,Linear
7320,discharge,Ängelholm,2017.0,5.586590684931507,44.69930301695889,Linear
7321,discharge,Ängelholm,2018.0,2.3937079452054792,-37.0006563503701,Linear
7322,discharge,Ängelholm,2019.0,4.49495698630137,20.239886603755394,Linear
7323,discharge,Ängelholm,2020.0,3.912161475409836,6.393366494296725,Linear
7324,discharge,Ängelholm,2021.0,3.522593424657534,-2.578326694782317,Linear
7325,discharge,Ängelholm,2022.0,2.708328296703297,-23.807135630194466,Linear
7326,discharge,Åre,2005.0,29.30827116438356,22.33370137378065,Linear
7327,discharge,Åre,2006.0,21.60577301369863,-10.214910930309964,Linear
7328,discharge,Åre,2007.0,26.24641212328767,8.590369340888868,Linear
7329,discharge,Åre,2008.0,22.990745286885247,-5.295685695129071,Linear
7330,discharge,Åre,2009.0,24.036086301369863,-1.4210624974214123,Linear
7331,discharge,Åre,2010.0,19.93965328767123,-18.576476995412992,Linear
7332,discharge,Åre,2011.0,29.17951054794521,18.639790525168014,Linear
7333,discharge,Åre,2012.0,28.52276885245902,15.470815988251063,Linear
7334,discharge,Åre,2013.0,21.324958698630137,-14.03830545625094,Linear
7335,discharge,Åre,2014.0,19.130861369863013,-23.211625334802484,Linear
7336,discharge,Åre,2015.0,26.923394520547944,7.607574773699113,Linear
7337,discharge,Åre,2016.0,20.66009398907104,-17.77474506813428,Linear
7338,discharge,Åre,2017.0,27.68909739726028,9.736070734542354,Linear
7339,discharge,Åre,2018.0,19.903707397260277,-21.44931903225169,Linear
7340,discharge,Åre,2019.0,24.015971301369863,-5.615835697734903,Linear
7341,discharge,Åre,2020.0,30.451399180327872,19.178195294141492,Linear
7342,discharge,Åre,2021.0,26.352391643835617,2.70880335525152,Linear
7343,discharge,Åre,2022.0,29.21024526098901,13.377888025590234,Linear
7344,discharge,Årjäng,2005.0,18.28849315068493,-18.57208749893505,Linear
7345,discharge,Årjäng,2006.0,21.16054794520548,-4.257453872840027,Linear
7346,discharge,Årjäng,2007.0,21.38986301369863,-1.6254273247240059,Linear
7347,discharge,Årjäng,2008.0,24.51174863387978,14.620906796216659,Linear
7348,discharge,Årjäng,2009.0,21.377534246575344,1.6678706424494003,Linear
7349,discharge,Årjäng,2010.0,18.958356164383563,-8.274637654965384,Linear
7350,discharge,Årjäng,2011.0,20.88027397260274,2.805907419912537,Linear
7351,discharge,Årjäng,2012.0,22.77431693989071,14.144628941373924,Linear
7352,discharge,Årjäng,2013.0,18.87972602739726,-3.645041301227281,Linear
7353,discharge,Årjäng,2014.0,26.45917808219178,37.552402109453496,Linear
7354,discharge,Årjäng,2015.0,21.40931506849315,13.411918284049579,Linear
7355,discharge,Årjäng,2016.0,18.291666666666668,-1.2289404800201815,Linear
7356,discharge,Årjäng,2017.0,9.312054794520549,-48.72507936131925,Linear
7357,discharge,Årjäng,2018.0,14.3227397260274,-19.547856550261834,Linear
7358,discharge,Årjäng,2019.0,19.193424657534248,10.025135805010626,Linear
7359,discharge,Årjäng,2020.0,22.83773224043716,33.66063342015346,Linear
7360,discharge,Årjäng,2021.0,19.39452054794521,15.939552948349084,Linear
7361,discharge,Årjäng,2022.0,10.025274725274723,-38.75789678882325,Linear
7362,discharge,Örebro,2005.0,6.021838356164383,-31.457933671213627,Linear
7363,discharge,Örebro,2006.0,10.57664904109589,22.446282133067466,Linear
7364,discharge,Örebro,2007.0,7.182816849315068,-15.396384419664951,Linear
7365,discharge,Örebro,2008.0,10.368624180327869,24.292111234622432,Linear
7366,discharge,Örebro,2009.0,7.426487808219178,-9.370289208690156,Linear
7367,discharge,Örebro,2010.0,8.396871232876713,4.354374656563201,Linear
7368,discharge,Örebro,2011.0,7.109598904109589,-9.989969478146325,Linear
7369,discharge,Örebro,2012.0,10.514641666666668,35.65789198426772,Linear
7370,discharge,Örebro,2013.0,6.096702191780821,-19.81219169180847,Linear
7371,discharge,Örebro,2014.0,8.941057397260275,19.930382913780644,Linear
7372,discharge,Örebro,2015.0,9.305939863013698,27.349819132738716,Linear
7373,discharge,Örebro,2016.0,5.260206557377049,-26.528923830268543,Linear
7374,discharge,Örebro,2017.0,4.896644383561643,-30.16504523223859,Linear
7375,discharge,Örebro,2018.0,6.047098493150685,-11.900165888279076,Linear
7376,discharge,Örebro,2019.0,8.94666410958904,33.21232665076993,Linear
7377,discharge,Örebro,2020.0,5.9958896174863385,-8.714334251924512,Linear
7378,discharge,Örebro,2021.0,7.810617397260273,21.65221639247642,Linear
7379,discharge,Örebro,2022.0,4.625767719780219,-26.254680324715483,Linear
7380,discharge,Örnsköldsvik,2005.0,31.28083287671233,14.832442617840421,Linear
7381,discharge,Örnsköldsvik,2006.0,28.88740890410959,7.106181498494085,Linear
7382,discharge,Örnsköldsvik,2007.0,23.725045068493152,-11.146192466061748,Linear
7383,discharge,Örnsköldsvik,2008.0,22.953962158469945,-13.157166522400699,Linear
7384,discharge,Örnsköldsvik,2009.0,25.84627520547945,-1.2068573914528402,Linear
7385,discharge,Örnsköldsvik,2010.0,23.81908931506849,-8.007457212423901,Linear
7386,discharge,Örnsköldsvik,2011.0,27.43300575342466,7.06476957434776,Linear
7387,discharge,Örnsköldsvik,2012.0,37.76816639344263,48.96796935321484,Linear
7388,discharge,Örnsköldsvik,2013.0,24.758906438356163,-1.2944956257423372,Linear
7389,discharge,Örnsköldsvik,2014.0,19.41965,-21.73917872992058,Linear
7390,discharge,Örnsköldsvik,2015.0,22.588948356164384,-7.967043486091479,Linear
7391,discharge,Örnsköldsvik,2016.0,17.735478278688525,-26.938762121276717,Linear
7392,discharge,Örnsköldsvik,2017.0,21.23295616438356,-11.548558083793395,Linear
7393,discharge,Örnsköldsvik,2018.0,19.78927232876712,-16.626238842349263,Linear
7394,discharge,Örnsköldsvik,2019.0,19.835701643835616,-15.470502951570694,Linear
7395,discharge,Örnsköldsvik,2020.0,29.417719398907103,26.820130774887012,Linear
7396,discharge,Örnsköldsvik,2021.0,28.923110410958905,26.154090939062797,Linear
7397,discharge,Örnsköldsvik,2022.0,23.663098489010988,4.439590237612997,Linear
7398,discharge,Östra Göinge,2005.0,8.428781643835617,-2.4384456691742007,Linear
7399,discharge,Östra Göinge,2006.0,7.84142794520548,-9.005732787282486,Linear
7400,discharge,Östra Göinge,2007.0,13.605584383561643,58.2864951194075,Linear
7401,discharge,Östra Göinge,2008.0,8.945992349726776,4.343597175664559,Linear
7402,discharge,Östra Göinge,2009.0,5.948972602739726,-30.434691059987113,Linear
7403,discharge,Östra Göinge,2010.0,7.346244657534247,-13.874359151267635,Linear
7404,discharge,Östra Göinge,2011.0,9.40985205479452,10.60355341639439,Linear
7405,discharge,Östra Göinge,2012.0,7.886322677595628,-7.064224938584178,Linear
7406,discharge,Östra Göinge,2013.0,5.570807671232877,-34.18095874032011,Linear
7407,discharge,Östra Göinge,2014.0,8.67384410958904,2.7478932486308154,Linear
7408,discharge,Östra Göinge,2015.0,9.051044383561644,7.495645310948797,Linear
7409,discharge,Östra Göinge,2016.0,7.176803825136612,-14.541145446793847,Linear
7410,discharge,Östra Göinge,2017.0,10.391683835616435,24.06483456948923,Linear
7411,discharge,Östra Göinge,2018.0,7.144603561643836,-14.477442745965801,Linear
7412,discharge,Östra Göinge,2019.0,8.170023835616439,-1.9452510148790099,Linear
7413,discharge,Östra Göinge,2020.0,9.19362786885246,10.63129864329101,Linear
7414,discharge,Östra Göinge,2021.0,8.59868410958904,3.7461277295615436,Linear
7415,discharge,Östra Göinge,2022.0,8.766947252747253,6.057199125912858,Linear
7416,discharge,Överkalix,2005.0,185.18969410958903,13.723234622318387,Linear
7417,discharge,Överkalix,2006.0,133.04121438356165,-18.79957179106971,Linear
7418,discharge,Överkalix,2007.0,181.00897219178083,9.80652488371934,Linear
7419,discharge,Överkalix,2008.0,177.38343715846997,6.957941807972986,Linear
7420,discharge,Överkalix,2009.0,125.28666369863014,-24.90819396113283,Linear
7421,discharge,Överkalix,2010.0,145.20734876712328,-13.487342248761289,Linear
7422,discharge,Överkalix,2011.0,187.6232978082192,11.12111980232232,Linear
7423,discharge,Överkalix,2012.0,206.85898401639344,21.79186142804115,Linear
7424,discharge,Överkalix,2013.0,167.53724630136986,-1.9371836204817745,Linear
7425,discharge,Överkalix,2014.0,143.66018342465753,-16.402476962389557,Linear
7426,discharge,Överkalix,2015.0,199.6032828767123,15.479102378948422,Linear
7427,discharge,Överkalix,2016.0,201.04602035519127,15.644366020835577,Linear
7428,discharge,Överkalix,2017.0,188.09910246575345,7.577980419538162,Linear
7429,discharge,Överkalix,2018.0,137.03741835616438,-22.071248514320217,Linear
7430,discharge,Överkalix,2019.0,144.7941778082192,-18.12607786254243,Linear
7431,discharge,Överkalix,2020.0,194.74583142076503,9.499595423064235,Linear
7432,discharge,Överkalix,2021.0,179.16169246575345,0.17355674211218935,Linear
7433,discharge,Överkalix,2022.0,186.9639528846154,3.954430762254209,Linear
7434,discharge,Övertorneå,2005.0,5.989842739726028,8.149918457174824,Linear
7435,discharge,Övertorneå,2006.0,3.6993986301369866,-33.47797570524483,Linear
7436,discharge,Övertorneå,2007.0,6.689438356164383,19.799434258145475,Linear
7437,discharge,Övertorneå,2008.0,5.608600819672131,0.036296792685302524,Linear
7438,discharge,Övertorneå,2009.0,3.946930410958904,-29.885534307369472,Linear
7439,discharge,Övertorneå,2010.0,5.467281095890411,-3.2676563806093566,Linear
7440,discharge,Övertorneå,2011.0,5.989657808219178,5.550785946789576,Linear
7441,discharge,Övertorneå,2012.0,8.405776775956284,47.53783831100665,Linear
7442,discharge,Övertorneå,2013.0,4.844658356164384,-15.304230543818345,Linear
7443,discharge,Övertorneå,2014.0,4.336366575342465,-24.490014166029493,Linear
7444,discharge,Övertorneå,2015.0,8.617639726027399,49.46976768469909,Linear
7445,discharge,Övertorneå,2016.0,7.538934699453552,30.247190924390544,Linear
7446,discharge,Övertorneå,2017.0,4.7481,-18.28942256766778,Linear
7447,discharge,Övertorneå,2018.0,3.953226301369863,-32.23323323707107,Linear
7448,discharge,Övertorneå,2019.0,4.466489315068493,-23.73160060278073,Linear
7449,discharge,Övertorneå,2020.0,7.908687704918034,34.52485382356655,Linear
7450,discharge,Övertorneå,2021.0,6.547501369863015,10.943010127993343,Linear
7451,discharge,Övertorneå,2022.0,4.407061538461538,-25.611443263868527,Linear
7452,hydro_prod,Alingsås,2005.0,6898.0,-19.652742536995692,Linear
7453,hydro_prod,Alingsås,2006.0,8452.0,-1.3143961661248105,Linear
7454,hydro_prod,Alingsås,2007.0,7322.0,-14.301540808890692,Linear
7455,hydro_prod,Alingsås,2008.0,11319.0,32.80146422383971,Linear
7456,hydro_prod,Alingsås,2009.0,6554.0,-22.91758598921878,Linear
7457,hydro_prod,Alingsås,2010.0,8112.0,-4.3613486820758744,Linear
7458,hydro_prod,Alingsås,2011.0,10068.0,18.989301780627184,Linear
7459,hydro_prod,Alingsås,2012.0,9663.4,14.487076042491918,Linear
7460,hydro_prod,Alingsås,2013.0,9258.8,9.962754482607258,Linear
7461,hydro_prod,Alingsås,2014.0,8854.2,5.416174039514336,Linear
7462,hydro_prod,Alingsås,2015.0,8449.6,0.8471700433290377,Linear
7463,hydro_prod,Alingsås,2016.0,8045.0,-3.7444238041382847,Linear
7464,hydro_prod,Alingsås,2017.0,8010.0,-3.9256833871233536,Linear
7465,hydro_prod,Alingsås,2018.0,8243.0,-0.885386179016531,Linear
7466,hydro_prod,Alingsås,2019.0,8476.0,2.1700550326908816,Linear
7467,hydro_prod,Alingsås,2020.0,8709.0,5.240753681047837,Linear
7468,hydro_prod,Alingsås,2021.0,8511.0,3.1055247051551658,Linear
7469,hydro_prod,Alingsås,2022.0,6428.0,-21.933335795433564,Linear
7470,hydro_prod,Alvesta,2011.0,347.0,-2.288552119598826,Linear
7471,hydro_prod,Alvesta,2012.0,598.0,73.43997187554692,Linear
7472,hydro_prod,Alvesta,2013.0,172.0,-48.57204986952762,Linear
7473,hydro_prod,Alvesta,2014.0,263.0,-18.854482216986852,Linear
7474,hydro_prod,Alvesta,2015.0,320.0,1.9856292976892116,Linear
7475,hydro_prod,Alvesta,2016.0,224.0,-26.177445771581198,Linear
7476,hydro_prod,Alvesta,2017.0,191.0,-34.83250620347372,Linear
7477,hydro_prod,Alvesta,2018.0,307.0,8.575899172632834,Linear
7478,hydro_prod,Alvesta,2019.0,368.0,35.08943668239053,Linear
7479,hydro_prod,Alvesta,2020.0,296.0,12.945747190234883,Linear
7480,hydro_prod,Aneby,2005.0,360.0,155.72742315808597,Linear
7481,hydro_prod,Aneby,2006.0,292.0,180.27654552447285,Linear
7482,hydro_prod,Aneby,2008.0,266.0,32.48647264758751,Linear
7483,hydro_prod,Aneby,2009.0,245.0,-49.27894597312496,Linear
7484,hydro_prod,Aneby,2010.0,168.0,-78.04762465595321,Linear
7485,hydro_prod,Aneby,2011.0,436.0,-58.37915239597309,Linear
7486,hydro_prod,Aneby,2012.0,391.0,-70.59732237933791,Linear
7487,hydro_prod,Aneby,2014.0,892.6666666666666,-52.87688587664314,Linear
7488,hydro_prod,Aneby,2015.0,1785.3333333333333,-17.975580723005063,Linear
7489,hydro_prod,Aneby,2016.0,2678.0,8.912857930337193,Linear
7490,hydro_prod,Aneby,2017.0,3296.0,20.243460222833733,Linear
7491,hydro_prod,Aneby,2018.0,3357.0,11.035245415638208,Linear
7492,hydro_prod,Aneby,2019.0,3859.0,16.740466842000643,Linear
7493,hydro_prod,Aneby,2020.0,4013.0,11.848712783783524,Linear
7494,hydro_prod,Aneby,2021.0,4558.0,17.773484969991983,Linear
7495,hydro_prod,Aneby,2022.0,3430.0,-17.397167336393405,Linear
7496,hydro_prod,Arboga,2005.0,18618.0,3.2140621337578454,Linear
7497,hydro_prod,Arboga,2006.0,18309.0,2.3667599555383867,Linear
7498,hydro_prod,Arboga,2007.0,10560.0,-40.45047053232404,Linear
7499,hydro_prod,Arboga,2008.0,17225.0,-2.0226089442370445,Linear
7500,hydro_prod,Arboga,2009.0,20295.0,16.450302614521895,Linear
7501,hydro_prod,Arboga,2010.0,19491.0,12.824622495259879,Linear
7502,hydro_prod,Arboga,2011.0,19104.0,11.569669196629066,Linear
7503,hydro_prod,Arboga,2012.0,22657.0,33.50907338694703,Linear
7504,hydro_prod,Arboga,2013.0,15662.0,-6.872652547528882,Linear
7505,hydro_prod,Arboga,2014.0,18203.0,9.22708760351169,Linear
7506,hydro_prod,Arboga,2015.0,15745.0,-4.649315890882073,Linear
7507,hydro_prod,Arboga,2016.0,14176.0,-13.350575201932525,Linear
7508,hydro_prod,Arboga,2017.0,14748.0,-9.005801924803139,Linear
7509,hydro_prod,Arboga,2018.0,10733.0,-33.148866973109634,Linear
7510,hydro_prod,Arboga,2019.0,15426.0,-2.996534247958274,Linear
7511,hydro_prod,Arboga,2020.0,12701.0,-19.358594538891293,Linear
7512,hydro_prod,Arboga,2021.0,21723.0,39.27301193137699,Linear
7513,hydro_prod,Arboga,2022.0,15972.0,3.4129688955963933,Linear
7514,hydro_prod,Arjeplog,2005.0,360141.0,9.218063107049232,Linear
7515,hydro_prod,Arjeplog,2006.0,355049.0,6.705073634069607,Linear
7516,hydro_prod,Arjeplog,2007.0,310954.0,-7.380388884990125,Linear
7517,hydro_prod,Arjeplog,2008.0,372964.0,10.107849865301684,Linear
7518,hydro_prod,Arjeplog,2009.0,330191.0,-3.3737583051838502,Linear
7519,hydro_prod,Arjeplog,2010.0,301026.0,-12.673574019420553,Linear
7520,hydro_prod,Arjeplog,2011.0,308220.0,-11.356463614679232,Linear
7521,hydro_prod,Arjeplog,2012.0,398567.0,13.648673263422268,Linear
7522,hydro_prod,Arjeplog,2013.0,310101.0,-12.325232637464598,Linear
7523,hydro_prod,Arjeplog,2014.0,335605.0,-5.910878023488603,Linear
7524,hydro_prod,Arjeplog,2015.0,361109.0,0.3967000703368519,Linear
7525,hydro_prod,Arjeplog,2016.0,370475.0,2.1504424888633475,Linear
7526,hydro_prod,Arjeplog,2017.0,379841.0,3.8754692583964125,Linear
7527,hydro_prod,Arjeplog,2018.0,379841.0,3.031950479957593,Linear
7528,hydro_prod,Arjeplog,2019.0,379841.0,2.2020209071230483,Linear
7529,hydro_prod,Arjeplog,2020.0,379841.0,1.3853547779218218,Linear
7530,hydro_prod,Arjeplog,2021.0,379841.0,0.5816366601114783,Linear
7531,hydro_prod,Arjeplog,2022.0,379841.0,-0.2094389550402252,Linear
7532,hydro_prod,Arvidsjaur,2005.0,856510.0,4.7531892631986405,Linear
7533,hydro_prod,Arvidsjaur,2006.0,703495.0,-11.582203235616895,Linear
7534,hydro_prod,Arvidsjaur,2007.0,768204.0,-0.70413299306051,Linear
7535,hydro_prod,Arvidsjaur,2008.0,845137.0,12.436908222071779,Linear
7536,hydro_prod,Arvidsjaur,2009.0,684868.0,-6.138404990013111,Linear
7537,hydro_prod,Arvidsjaur,2010.0,766164.0,8.267214198744096,Linear
7538,hydro_prod,Arvidsjaur,2011.0,637203.0,-7.067626453576666,Linear
7539,hydro_prod,Arvika,2007.0,133750.0,-14.77102479104274,Linear
7540,hydro_prod,Arvika,2008.0,175525.0,14.39893527338888,Linear
7541,hydro_prod,Arvika,2009.0,167001.0,11.38260321849584,Linear
7542,hydro_prod,Arvika,2010.0,158477.0,8.222173342110192,Linear
7543,hydro_prod,Arvika,2011.0,151373.0,5.9004985954148905,Linear
7544,hydro_prod,Arvika,2012.0,168207.0,20.629456308892266,Linear
7545,hydro_prod,Arvika,2013.0,91371.0,-32.787389650500934,Linear
7546,hydro_prod,Arvika,2014.0,119444.0,-9.81643147746933,Linear
7547,hydro_prod,Arvika,2015.0,113556.0,-11.936312381551204,Linear
7548,hydro_prod,Arvika,2016.0,107668.0,-14.174407549626627,Linear
7549,hydro_prod,Arvika,2017.0,101780.0,-16.540888849470313,Linear
7550,hydro_prod,Arvika,2018.0,112284.0,-5.208858933492247,Linear
7551,hydro_prod,Arvika,2019.0,122788.0,6.812780526243774,Linear
7552,hydro_prod,Arvika,2020.0,155581.0,39.58653995436901,Linear
7553,hydro_prod,Arvika,2021.0,132978.0,23.17268113006307,Linear
7554,hydro_prod,Arvika,2022.0,79361.0,-24.02941632544309,Linear
7555,hydro_prod,Askersund,2005.0,510.0,-37.102639512916355,Linear
7556,hydro_prod,Askersund,2006.0,670.0,-14.427843017599617,Linear
7557,hydro_prod,Askersund,2008.0,1014.0,39.43794874209514,Linear
7558,hydro_prod,Askersund,2009.0,621.0,-11.20012486237928,Linear
7559,hydro_prod,Askersund,2010.0,662.0,-1.406730168140516,Linear
7560,hydro_prod,Askersund,2011.0,654.0,1.62135108710916,Linear
7561,hydro_prod,Askersund,2012.0,912.0,48.12753619158204,Linear
7562,hydro_prod,Askersund,2013.0,582.0,-0.9877035414772665,Linear
7563,hydro_prod,Askersund,2014.0,566.5,1.1741024738145736,Linear
7564,hydro_prod,Askersund,2015.0,551.0,3.562471213623672,Linear
7565,hydro_prod,Askersund,2016.0,535.5,6.214988753421545,Linear
7566,hydro_prod,Askersund,2017.0,520.0,9.178041719699483,Linear
7567,hydro_prod,Askersund,2018.0,504.5,12.50955318251273,Linear
7568,hydro_prod,Askersund,2019.0,489.0,16.282806846115943,Linear
7569,hydro_prod,Askersund,2020.0,477.0,21.483287263929217,Linear
7570,hydro_prod,Askersund,2021.0,187.0,-48.73435824621713,Linear
7571,hydro_prod,Askersund,2022.0,119.0,-64.67656595062414,Linear
7572,hydro_prod,Avesta,2005.0,353286.0,6.094593491044419,Linear
7573,hydro_prod,Avesta,2006.0,380939.0,13.05792716070606,Linear
7574,hydro_prod,Avesta,2007.0,260015.0,-23.724963022183015,Linear
7575,hydro_prod,Avesta,2008.0,446577.0,29.502195342643272,Linear
7576,hydro_prod,Avesta,2009.0,342416.0,-1.8277902359069356,Linear
7577,hydro_prod,Avesta,2010.0,351068.0,-0.474309250938007,Linear
7578,hydro_prod,Avesta,2011.0,298521.0,-16.308232288768167,Linear
7579,hydro_prod,Avesta,2012.0,271646.0,-24.676875711854628,Linear
7580,hydro_prod,Avesta,2013.0,151883.0,-58.341518475554544,Linear
7581,hydro_prod,Avesta,2014.0,511625.0,38.82454574882359,Linear
7582,hydro_prod,Avesta,2015.0,489944.0,31.531893302838988,Linear
7583,hydro_prod,Avesta,2016.0,395990.0,5.193234409908923,Linear
7584,hydro_prod,Avesta,2017.0,356033.0,-6.403281301566109,Linear
7585,hydro_prod,Avesta,2018.0,406885.0,5.865794050029531,Linear
7586,hydro_prod,Avesta,2019.0,457737.0,17.88525319451151,Linear
7587,hydro_prod,Avesta,2020.0,416138.3333333333,6.092726573051122,Linear
7588,hydro_prod,Avesta,2021.0,374539.6666666667,-5.464663192953211,Linear
7589,hydro_prod,Avesta,2022.0,332941.0,-16.793879440978024,Linear
7590,hydro_prod,Bengtsfors,2005.0,53167.0,16.59127042522563,Linear
7591,hydro_prod,Bengtsfors,2006.0,55293.0,20.836343778272916,Linear
7592,hydro_prod,Bengtsfors,2007.0,55443.0,20.748800668228146,Linear
7593,hydro_prod,Bengtsfors,2008.0,64002.0,38.913174117236494,Linear
7594,hydro_prod,Bengtsfors,2009.0,32281.0,-30.174231652145828,Linear
7595,hydro_prod,Bengtsfors,2010.0,560.0,-98.79279601959058,Linear
7596,hydro_prod,Bengtsfors,2011.0,36677.5,-21.200902061885756,Linear
7597,hydro_prod,Bengtsfors,2012.0,72795.0,55.86798650347104,Linear
7598,hydro_prod,Bengtsfors,2013.0,59723.0,27.44880789687007,Linear
7599,hydro_prod,Bengtsfors,2014.0,43425.0,-7.641328516500972,Linear
7600,hydro_prod,Bengtsfors,2015.0,27380.0,-41.96100967667609,Linear
7601,hydro_prod,Bengtsfors,2016.0,38992.0,-17.62122946482848,Linear
7602,hydro_prod,Bengtsfors,2017.0,35559.0,-25.12315698057102,Linear
7603,hydro_prod,Bengtsfors,2018.0,44832.0,-5.90878805805813,Linear
7604,hydro_prod,Bengtsfors,2019.0,60003.0,25.516729767475756,Linear
7605,hydro_prod,Bengtsfors,2020.0,60949.0,27.077202530244204,Linear
7606,hydro_prod,Bengtsfors,2021.0,61895.0,28.627466632057892,Linear
7607,hydro_prod,Bengtsfors,2022.0,41927.0,-13.153229827297716,Linear
7608,hydro_prod,Berg,2005.0,711680.0,10.034082123408345,Linear
7609,hydro_prod,Berg,2006.0,541090.0,-16.361252126601215,Linear
7610,hydro_prod,Berg,2007.0,435460.0,-32.70514539140061,Linear
7611,hydro_prod,Berg,2008.0,696862.0,7.66535461619323,Linear
7612,hydro_prod,Berg,2009.0,693105.0,7.059164624150443,Linear
7613,hydro_prod,Berg,2010.0,701244.0,8.290317794564505,Linear
7614,hydro_prod,Berg,2011.0,738441.0,14.007112970275982,Linear
7615,hydro_prod,Berg,2012.0,727702.6666666666,12.322255100134488,Linear
7616,hydro_prod,Berg,2013.0,716964.3333333334,10.638206196504191,Linear
7617,hydro_prod,Berg,2014.0,706226.0,8.954965676899988,Linear
7618,hydro_prod,Berg,2015.0,654426.0,0.9391510721526766,Linear
7619,hydro_prod,Berg,2016.0,602626.0,-7.072817594704131,Linear
7620,hydro_prod,Berg,2017.0,550826.0,-15.08094309089208,Linear
7621,hydro_prod,Berg,2018.0,608935.0,-6.144977260472009,Linear
7622,hydro_prod,Berg,2019.0,520483.0,-19.797296461533584,Linear
7623,hydro_prod,Berg,2020.0,736064.0,13.395008490300937,Linear
7624,hydro_prod,Berg,2021.0,692693.0,6.6878801138941695,Linear
7625,hydro_prod,Berg,2022.0,631040.0,-2.8311356020491756,Linear
7626,hydro_prod,Boden,2005.0,1777889.0,22.11805569962953,Linear
7627,hydro_prod,Boden,2006.0,951169.0,-35.34419350149344,Linear
7628,hydro_prod,Boden,2007.0,1586178.0,6.714404350664763,Linear
7629,hydro_prod,Boden,2008.0,1820231.0,21.217304475192815,Linear
7630,hydro_prod,Boden,2009.0,1419797.0,-6.3999338252152995,Linear
7631,hydro_prod,Boden,2010.0,1435549.0,-6.303448987014554,Linear
7632,hydro_prod,Boden,2011.0,1506834.0,-2.620014901293137,Linear
7633,hydro_prod,Boden,2012.0,1743232.0,11.557911258825326,Linear
7634,hydro_prod,Boden,2013.0,1624652.0,2.9645651568739293,Linear
7635,hydro_prod,Boden,2014.0,1421803.0,-10.75380896084691,Linear
7636,hydro_prod,Boden,2015.0,1527898.0,-5.003578838085728,Linear
7637,hydro_prod,Boden,2016.0,1618097.0,-0.3404098909488107,Linear
7638,hydro_prod,Boden,2017.0,1636655.0,-0.1353782412803863,Linear
7639,hydro_prod,Boden,2018.0,1578138.0,-4.593694825326869,Linear
7640,hydro_prod,Boden,2019.0,1577339.0,-5.513092481890065,Linear
7641,hydro_prod,Boden,2020.0,1683037.0,-0.09413286114555704,Linear
7642,hydro_prod,Boden,2021.0,1788735.0,5.22759885721735,Linear
7643,hydro_prod,Boden,2022.0,1841762.0,7.383719586595743,Linear
7644,hydro_prod,Bollebygd,2005.0,2975.0,0.995412051751737,Linear
7645,hydro_prod,Bollebygd,2006.0,3350.0,11.351878315789229,Linear
7646,hydro_prod,Bollebygd,2007.0,4360.0,41.960195653758575,Linear
7647,hydro_prod,Bollebygd,2008.0,4085.0,30.341030874607522,Linear
7648,hydro_prod,Bollebygd,2009.0,2769.0,-13.384531205361641,Linear
7649,hydro_prod,Bollebygd,2010.0,2850.0,-12.56840231483569,Linear
7650,hydro_prod,Bollebygd,2011.0,2474.0,-25.537855869588316,Linear
7651,hydro_prod,Bollebygd,2012.0,3242.0,-4.232899396162362,Linear
7652,hydro_prod,Bollebygd,2013.0,2192.0,-36.42873440072535,Linear
7653,hydro_prod,Bollebygd,2014.0,2635.6666666666665,-24.92905775808613,Linear
7654,hydro_prod,Bollebygd,2015.0,3079.333333333333,-13.833560646379201,Linear
7655,hydro_prod,Bollebygd,2016.0,3523.0,-3.1213024972087458,Linear
7656,hydro_prod,Bollebygd,2017.0,4383.0,18.481589593943095,Linear
7657,hydro_prod,Bollebygd,2018.0,3720.0,-1.1193569252490927,Linear
7658,hydro_prod,Bollebygd,2019.0,4097.0,7.113519395810466,Linear
7659,hydro_prod,Bollebygd,2020.0,3968.0,2.065054197673967,Linear
7660,hydro_prod,Bollebygd,2021.0,4811.0,21.781464363215896,Linear
7661,hydro_prod,Bollebygd,2022.0,4117.0,2.5833554332214312,Linear
7662,hydro_prod,Bollnäs,2005.0,719696.0,-14.467746662155312,Linear
7663,hydro_prod,Bollnäs,2006.0,905744.0,7.1207673369884965,Linear
7664,hydro_prod,Bollnäs,2007.0,694261.0,-18.287482630945266,Linear
7665,hydro_prod,Bollnäs,2008.0,810513.0,-5.063428045079829,Linear
7666,hydro_prod,Bollnäs,2009.0,884837.0,3.146526351994779,Linear
7667,hydro_prod,Bollnäs,2010.0,972426.0,12.81727395850213,Linear
7668,hydro_prod,Bollnäs,2011.0,915017.0,5.6539529777045034,Linear
7669,hydro_prod,Bollnäs,2012.0,915182.1,5.1747289600282445,Linear
7670,hydro_prod,Bollnäs,2013.0,915347.2,4.700003170375603,Linear
7671,hydro_prod,Bollnäs,2014.0,915512.3,4.229712570788865,Linear
7672,hydro_prod,Bollnäs,2015.0,915677.4,3.7637952957149343,Linear
7673,hydro_prod,Bollnäs,2016.0,915842.5,3.302190624874852,Linear
7674,hydro_prod,Bollnäs,2017.0,916007.6,2.8448389568851504,Linear
7675,hydro_prod,Bollnäs,2018.0,916172.7,2.391681783602447,Linear
7676,hydro_prod,Bollnäs,2019.0,916337.8,1.9426616651723176,Linear
7677,hydro_prod,Bollnäs,2020.0,916502.9,1.4977222057580335,Linear
7678,hydro_prod,Bollnäs,2021.0,916668.0,1.0568080299283713,Linear
7679,hydro_prod,Bollnäs,2022.0,711811.0,-21.88073646724383,Linear
7680,hydro_prod,Borlänge,2005.0,806536.0,-14.3893963555944,Linear
7681,hydro_prod,Borlänge,2006.0,990520.0,5.623981462196382,Linear
7682,hydro_prod,Borlänge,2007.0,684424.0,-26.67885994398802,Linear
7683,hydro_prod,Borlänge,2008.0,957682.0,3.0716656273562086,Linear
7684,hydro_prod,Borlänge,2009.0,1039752.0,12.427125673000896,Linear
7685,hydro_prod,Borlänge,2010.0,1055642.0,14.680835594183145,Linear
7686,hydro_prod,Borlänge,2011.0,876477.0,-4.334109887445989,Linear
7687,hydro_prod,Borlänge,2012.0,1116497.0,22.44081404526624,Linear
7688,hydro_prod,Borlänge,2013.0,693195.0,-23.618907367774653,Linear
7689,hydro_prod,Borlänge,2014.0,1122066.0,24.228282332031178,Linear
7690,hydro_prod,Borlänge,2015.0,1064431.0,18.4134823972152,Linear
7691,hydro_prod,Borlänge,2016.0,895348.0,0.08456213948398647,Linear
7692,hydro_prod,Borlänge,2017.0,726265.0,-18.422188651223014,Linear
7693,hydro_prod,Borlänge,2018.0,799070.3333333334,-9.806784511389544,Linear
7694,hydro_prod,Borlänge,2019.0,871875.6666666666,-1.1069732129102892,Linear
7695,hydro_prod,Borlänge,2020.0,944681.0,7.6784917859898165,Linear
7696,hydro_prod,Borlänge,2021.0,1021876.0,17.053708615275255,Linear
7697,hydro_prod,Borlänge,2022.0,630655.0,-27.40066439274659,Linear
7698,hydro_prod,Borås,2005.0,19067.0,-25.38221379622235,Linear
7699,hydro_prod,Borås,2006.0,23535.0,-7.089970898973521,Linear
7700,hydro_prod,Borås,2007.0,33735.0,34.35407572882801,Linear
7701,hydro_prod,Borås,2008.0,33518.0,34.680244151002704,Linear
7702,hydro_prod,Borås,2009.0,19532.0,-20.811390201310566,Linear
7703,hydro_prod,Borås,2010.0,23798.0,-2.6397164886120295,Linear
7704,hydro_prod,Borås,2011.0,32854.0,35.64094046751402,Linear
7705,hydro_prod,Borås,2012.0,30419.0,26.74916429584823,Linear
7706,hydro_prod,Borås,2013.0,14009.0,-41.08280272285359,Linear
7707,hydro_prod,Borås,2014.0,19806.0,-15.917749551365459,Linear
7708,hydro_prod,Borås,2015.0,19047.0,-18.37084601644206,Linear
7709,hydro_prod,Borås,2016.0,12023.0,-47.97860286874041,Linear
7710,hydro_prod,Borås,2017.0,26076.0,13.920173060592486,Linear
7711,hydro_prod,Borås,2018.0,18736.0,-17.345240091281813,Linear
7712,hydro_prod,Borås,2019.0,24025.0,7.035377808320114,Linear
7713,hydro_prod,Borås,2020.0,26018.5,17.074314475116207,Linear
7714,hydro_prod,Borås,2021.0,28012.0,27.31577421409343,Linear
7715,hydro_prod,Borås,2022.0,21786.0,0.027293063735651,Linear
7716,hydro_prod,Boxholm,2005.0,24098.0,-39.731121540844,Linear
7717,hydro_prod,Boxholm,2006.0,21330.0,-44.60296558928213,Linear
7718,hydro_prod,Boxholm,2007.0,53252.0,43.83265890253591,Linear
7719,hydro_prod,Boxholm,2008.0,37040.0,4.210936439701394,Linear
7720,hydro_prod,Boxholm,2009.0,28316.0,-16.871699935343287,Linear
7721,hydro_prod,Boxholm,2010.0,42599.0,30.741068947052575,Linear
7722,hydro_prod,Boxholm,2011.0,42966.0,38.14351644085452,Linear
7723,hydro_prod,Boxholm,2012.0,43944.0,48.348443629422064,Linear
7724,hydro_prod,Boxholm,2013.0,31195.0,10.849084914288548,Linear
7725,hydro_prod,Boxholm,2014.0,30731.0,15.263239525922812,Linear
7726,hydro_prod,Boxholm,2015.0,36519.0,45.0243217332,Linear
7727,hydro_prod,Boxholm,2016.0,10197.0,-56.97651261968368,Linear
7728,hydro_prod,Boxholm,2017.0,6661.0,-70.02347588857207,Linear
7729,hydro_prod,Boxholm,2018.0,19574.0,-5.623969781819712,Linear
7730,hydro_prod,Boxholm,2019.0,10660.0,-44.65255976968049,Linear
7731,hydro_prod,Boxholm,2020.0,24232.0,36.28900555692183,Linear
7732,hydro_prod,Boxholm,2021.0,14551.0,-10.727751550062212,Linear
7733,hydro_prod,Boxholm,2022.0,15366.0,3.6891613153245615,Linear
7734,hydro_prod,Bräcke,2009.0,862.5,-28.792149739936768,Linear
7735,hydro_prod,Bräcke,2010.0,1725.0,35.81772262296209,Linear
7736,hydro_prod,Bräcke,2011.0,1536.0,15.582023991933994,Linear
7737,hydro_prod,Bräcke,2012.0,1913.0,37.847235144738285,Linear
7738,hydro_prod,Bräcke,2013.0,1287.0,-11.033374733652417,Linear
7739,hydro_prod,Bräcke,2014.0,1488.0,-1.1592300802733597,Linear
7740,hydro_prod,Bräcke,2015.0,1445.0,-7.626025021303199,Linear
7741,hydro_prod,Bräcke,2016.0,1315.0,-18.983949797333924,Linear
7742,hydro_prod,Bräcke,2017.0,1185.0,-29.54719034835474,Linear
7743,hydro_prod,Bräcke,2018.0,1055.0,-39.39633051267386,Linear
7744,hydro_prod,Bräcke,2019.0,1170.0,-34.987735781658884,Linear
7745,hydro_prod,Bräcke,2020.0,2431.5,30.83116086036229,Linear
7746,hydro_prod,Bräcke,2021.0,3693.0,92.6101985175217,Linear
7747,hydro_prod,Bräcke,2022.0,1206.0,-38.97334692372812,Linear
7748,hydro_prod,Dals-Ed,2011.0,975.0,,Linear
7749,hydro_prod,Dals-Ed,2012.0,1991.0,,Linear
7750,hydro_prod,Degerfors,2005.0,48831.0,-16.433114223943015,Linear
7751,hydro_prod,Degerfors,2006.0,57907.0,-2.2445811405804275,Linear
7752,hydro_prod,Degerfors,2007.0,48501.0,-19.21857824787323,Linear
7753,hydro_prod,Degerfors,2008.0,58819.0,-3.3265566909882716,Linear
7754,hydro_prod,Degerfors,2009.0,69137.0,12.151354005952749,Linear
7755,hydro_prod,Degerfors,2010.0,62605.0,0.2492607334051111,Linear
7756,hydro_prod,Degerfors,2011.0,66404.0,4.982379504031619,Linear
7757,hydro_prod,Degerfors,2012.0,88107.0,37.547477028499436,Linear
7758,hydro_prod,Degerfors,2013.0,53524.0,-17.47622125756273,Linear
7759,hydro_prod,Degerfors,2014.0,78769.0,19.961202352897114,Linear
7760,hydro_prod,Degerfors,2015.0,86381.0,29.964166140273825,Linear
7761,hydro_prod,Degerfors,2016.0,57968.0,-13.82584029195135,Linear
7762,hydro_prod,Degerfors,2017.0,58871.0,-13.516070278268517,Linear
7763,hydro_prod,Degerfors,2018.0,63816.5,-7.344178385981337,Linear
7764,hydro_prod,Degerfors,2019.0,68762.0,-1.3145738515547498,Linear
7765,hydro_prod,Degerfors,2020.0,68762.0,-2.439162073561785,Linear
7766,hydro_prod,Degerfors,2021.0,68762.0,-3.538408175800556,Linear
7767,hydro_prod,Degerfors,2022.0,68762.0,-4.613159225046963,Linear
7768,hydro_prod,Eda,2007.0,37692.0,-11.775630676006845,Linear
7769,hydro_prod,Eda,2008.0,51668.0,20.462013615741892,Linear
7770,hydro_prod,Eda,2009.0,43940.0,2.0432592355804684,Linear
7771,hydro_prod,Eda,2010.0,42224.0,-2.324396278489493,Linear
7772,hydro_prod,Eda,2011.0,41826.0,-3.6210620270609737,Linear
7773,hydro_prod,Eda,2012.0,51087.0,17.263224836911117,Linear
7774,hydro_prod,Eda,2013.0,38031.0,-13.041644957407888,Linear
7775,hydro_prod,Eda,2014.0,39296.5,-10.493198799904532,Linear
7776,hydro_prod,Eda,2015.0,40562.0,-7.964255689177056,Linear
7777,hydro_prod,Eda,2016.0,41827.5,-5.454592595842717,Linear
7778,hydro_prod,Eda,2017.0,43093.0,-2.963989878243124,Linear
7779,hydro_prod,Eda,2018.0,47172.0,5.8191884073463935,Linear
7780,hydro_prod,Eda,2019.0,51251.0,14.536163060820078,Linear
7781,hydro_prod,Eda,2020.0,44711.0,-0.45464754828859727,Linear
7782,hydro_prod,Eda,2021.0,44711.0,-0.8270048470143818,Linear
7783,hydro_prod,Eda,2022.0,44711.0,-1.1965868627946175,Linear
7784,hydro_prod,Emmaboda,2005.0,203.0,31.818181818181817,Linear
7785,hydro_prod,Emmaboda,2006.0,80.0,-38.128383604016086,Linear
7786,hydro_prod,Emmaboda,2007.0,80.0,-23.51816443594008,Linear
7787,hydro_prod,Emmaboda,2008.0,81.0,1.3767209011337933,Linear
7788,hydro_prod,Emmaboda,2009.0,79.0,43.11594202901192,Linear
7789,hydro_prod,Enköping,2010.0,647.0,-24.716457606097382,Linear
7790,hydro_prod,Enköping,2011.0,951.0,14.146090534979708,Linear
7791,hydro_prod,Enköping,2012.0,898.5714285714286,11.365338781067848,Linear
7792,hydro_prod,Enköping,2013.0,846.1428571428571,8.397387166709084,Linear
7793,hydro_prod,Enköping,2014.0,793.7142857142858,5.22267383418521,Linear
7794,hydro_prod,Enköping,2015.0,741.2857142857142,1.8188130169635708,Linear
7795,hydro_prod,Enköping,2016.0,688.8571428571429,-1.8399336058005624,Linear
7796,hydro_prod,Enköping,2017.0,636.4285714285714,-5.783308931186968,Linear
7797,hydro_prod,Enköping,2018.0,584.0,-10.045870783190185,Linear
7798,hydro_prod,Enköping,2019.0,584.0,-6.251764041773725,Linear
7799,hydro_prod,Enköping,2020.0,584.0,-2.1235059027198173,Linear
7800,hydro_prod,Enköping,2021.0,584.0,2.3850807228435644,Linear
7801,hydro_prod,Enköping,2022.0,584.0,7.329092194283472,Linear
7802,hydro_prod,Eskilstuna,2010.0,7046.666666666667,-54.72636815920361,Linear
7803,hydro_prod,Eskilstuna,2011.0,14093.333333333334,-13.126491646779224,Linear
7804,hydro_prod,Eskilstuna,2012.0,21140.0,25.229357798166113,Linear
7805,hydro_prod,Eskilstuna,2013.0,21140.0,20.529801324503435,Linear
7806,hydro_prod,Eskilstuna,2014.0,21140.0,16.170212765956837,Linear
7807,hydro_prod,Eskilstuna,2015.0,21140.0,12.11498973305969,Linear
7808,hydro_prod,Eskilstuna,2016.0,21140.0,8.333333333332837,Linear
7809,hydro_prod,Eskilstuna,2017.0,21140.0,4.798464491362919,Linear
7810,hydro_prod,Eskilstuna,2018.0,21140.0,1.4869888475843702,Linear
7811,hydro_prod,Eskilstuna,2019.0,21140.0,-1.6216216216214576,Linear
7812,hydro_prod,Eskilstuna,2020.0,21140.0,-4.54545454545488,Linear
7813,hydro_prod,Eskilstuna,2021.0,21140.0,-7.300509337860611,Linear
7814,hydro_prod,Eskilstuna,2022.0,21140.0,-9.900990099010176,Linear
7815,hydro_prod,Essunga,2005.0,713.0,-7.668487134733859,Linear
7816,hydro_prod,Essunga,2008.0,726.0,5.1078099249217335,Linear
7817,hydro_prod,Essunga,2009.0,591.0,-10.934065606776008,Linear
7818,hydro_prod,Essunga,2010.0,697.0,9.524489770567577,Linear
7819,hydro_prod,Essunga,2011.0,690.0,13.259327982976721,Linear
7820,hydro_prod,Essunga,2012.0,624.0,7.206301779165337,Linear
7821,hydro_prod,Essunga,2013.0,480.0,-13.496263899078818,Linear
7822,hydro_prod,Essunga,2014.0,511.0,-3.1689560645327646,Linear
7823,hydro_prod,Essunga,2015.0,518.0,3.4846534692549405,Linear
7824,hydro_prod,Essunga,2016.0,472.0,-0.2939015429827009,Linear
7825,hydro_prod,Essunga,2017.0,606.0,35.80583728243051,Linear
7826,hydro_prod,Essunga,2018.0,248.0,-40.819829846636964,Linear
7827,hydro_prod,Fagersta,2005.0,16156.0,-39.46560463051512,Linear
7828,hydro_prod,Fagersta,2006.0,29187.0,9.945967139964168,Linear
7829,hydro_prod,Fagersta,2007.0,21148.0,-19.90726856237724,Linear
7830,hydro_prod,Fagersta,2008.0,33707.0,28.348403899844797,Linear
7831,hydro_prod,Fagersta,2009.0,34268.0,31.19535089662436,Linear
7832,hydro_prod,Fagersta,2010.0,30108.0,15.90009651372066,Linear
7833,hydro_prod,Fagersta,2011.0,24337.0,-5.799292620486306,Linear
7834,hydro_prod,Fagersta,2012.0,33632.0,30.899570183179325,Linear
7835,hydro_prod,Fagersta,2013.0,17016.0,-33.402990763784295,Linear
7836,hydro_prod,Fagersta,2014.0,28923.0,13.832369873329267,Linear
7837,hydro_prod,Fagersta,2015.0,31515.0,24.73219383056284,Linear
7838,hydro_prod,Fagersta,2016.0,21207.0,-15.590161750879142,Linear
7839,hydro_prod,Fagersta,2017.0,7590.0,-69.61759708004566,Linear
7840,hydro_prod,Fagersta,2018.0,22012.0,-11.382305589274575,Linear
7841,hydro_prod,Fagersta,2019.0,26312.0,6.539254296100506,Linear
7842,hydro_prod,Fagersta,2020.0,26986.0,9.901488029711327,Linear
7843,hydro_prod,Fagersta,2021.0,34458.0,41.149378440228574,Linear
7844,hydro_prod,Fagersta,2022.0,20070.0,-17.30583326666951,Linear
7845,hydro_prod,Falkenberg,2005.0,191679.0,-15.752989625420097,Linear
7846,hydro_prod,Falkenberg,2006.0,196368.0,-13.189511269539993,Linear
7847,hydro_prod,Falkenberg,2007.0,261808.0,16.4181367038711,Linear
7848,hydro_prod,Falkenberg,2008.0,258448.0,15.60112269186014,Linear
7849,hydro_prod,Falkenberg,2009.0,185032.0,-16.746607619200397,Linear
7850,hydro_prod,Falkenberg,2010.0,217133.0,-1.7206213047314785,Linear
7851,hydro_prod,Falkenberg,2011.0,271441.0,23.597283569813417,Linear
7852,hydro_prod,Falkenberg,2012.0,259684.0,18.957328718425707,Linear
7853,hydro_prod,Falkenberg,2013.0,164384.0,-24.241058527166615,Linear
7854,hydro_prod,Falkenberg,2014.0,243060.0,12.702148127905069,Linear
7855,hydro_prod,Falkenberg,2015.0,223775.0,4.39767149420737,Linear
7856,hydro_prod,Falkenberg,2016.0,186807.0,-12.310147846472725,Linear
7857,hydro_prod,Falkenberg,2017.0,215269.0,1.6789923054551867,Linear
7858,hydro_prod,Falkenberg,2018.0,178900.0,-14.970340695134862,Linear
7859,hydro_prod,Falkenberg,2019.0,207424.0,-0.792048342607046,Linear
7860,hydro_prod,Falkenberg,2020.0,220273.0,6.021357418655527,Linear
7861,hydro_prod,Falkenberg,2021.0,230303.0,11.556212318966823,Linear
7862,hydro_prod,Falkenberg,2022.0,182051.0,-11.250281523666072,Linear
7863,hydro_prod,Falköping,2005.0,781.0,-28.875816592121872,Linear
7864,hydro_prod,Falköping,2006.0,906.0,-15.589891055881857,Linear
7865,hydro_prod,Falköping,2007.0,1275.0,21.592672261795773,Linear
7866,hydro_prod,Falköping,2008.0,1292.0,26.192246573246447,Linear
7867,hydro_prod,Falköping,2009.0,922.0,-7.7156945986543395,Linear
7868,hydro_prod,Falköping,2010.0,1051.0,7.868086312819554,Linear
7869,hydro_prod,Falköping,2011.0,1402.0,47.642667680623966,Linear
7870,hydro_prod,Falköping,2012.0,1197.0,29.427546355093266,Linear
7871,hydro_prod,Falköping,2013.0,595.0,-33.89575852186194,Linear
7872,hydro_prod,Falköping,2014.0,502.0,-42.651202663750794,Linear
7873,hydro_prod,Falköping,2016.0,734.0,-11.121748612003017,Linear
7874,hydro_prod,Falköping,2017.0,874.0,9.099906056377927,Linear
7875,hydro_prod,Falköping,2019.0,390.0,-48.11098249167991,Linear
7876,hydro_prod,Falköping,2020.0,780.0,7.311504255294879,Linear
7877,hydro_prod,Falköping,2021.0,901.0,28.32789642930191,Linear
7878,hydro_prod,Falköping,2022.0,750.0,10.724079687620723,Linear
7879,hydro_prod,Falun,2005.0,29485.0,-46.746616776975394,Linear
7880,hydro_prod,Falun,2006.0,66664.0,19.395462177312794,Linear
7881,hydro_prod,Falun,2007.0,38787.0,-31.108849588974557,Linear
7882,hydro_prod,Falun,2008.0,60374.0,6.350100263114563,Linear
7883,hydro_prod,Falun,2009.0,69744.0,21.852637118378755,Linear
7884,hydro_prod,Falun,2010.0,81571.0,41.36208361650721,Linear
7885,hydro_prod,Falun,2011.0,67520.0,16.071910157701055,Linear
7886,hydro_prod,Falun,2012.0,62921.5,7.304845153459685,Linear
7887,hydro_prod,Falun,2013.0,58323.0,-1.323607814129297,Linear
7888,hydro_prod,Falun,2014.0,41956.0,-29.571608774699136,Linear
7889,hydro_prod,Falun,2015.0,85663.0,42.677001024552474,Linear
7890,hydro_prod,Falun,2016.0,57022.0,-5.759747216852376,Linear
7891,hydro_prod,Falun,2017.0,39055.0,-35.948420883791115,Linear
7892,hydro_prod,Falun,2018.0,51003.5,-16.988572142526888,Linear
7893,hydro_prod,Falun,2019.0,62952.0,1.6850856427447005,Linear
7894,hydro_prod,Falun,2020.0,61063.0,-2.1050194633885684,Linear
7895,hydro_prod,Falun,2021.0,87511.0,39.25277680526491,Linear
7896,hydro_prod,Falun,2022.0,46486.0,-26.57459779137413,Linear
7897,hydro_prod,Filipstad,2005.0,43344.0,-16.09072673529891,Linear
7898,hydro_prod,Filipstad,2006.0,41130.0,-20.530395685948253,Linear
7899,hydro_prod,Filipstad,2007.0,38916.0,-24.952967992854486,Linear
7900,hydro_prod,Filipstad,2008.0,61939.0,19.215880696213866,Linear
7901,hydro_prod,Filipstad,2009.0,59498.5,14.298923043680562,Linear
7902,hydro_prod,Filipstad,2010.0,57058.0,9.4007912732379,Linear
7903,hydro_prod,Filipstad,2011.0,48306.0,-7.556924792531232,Linear
7904,hydro_prod,Filipstad,2012.0,73792.0,40.94626209059726,Linear
7905,hydro_prod,Filipstad,2013.0,34607.0,-34.0247889278747,Linear
7906,hydro_prod,Filipstad,2014.0,71108.0,35.303623205599656,Linear
7907,hydro_prod,Filipstad,2015.0,73384.0,39.36959501296033,Linear
7908,hydro_prod,Filipstad,2016.0,46934.0,-11.032480333585866,Linear
7909,hydro_prod,Filipstad,2017.0,47579.0,-9.980201582438196,Linear
7910,hydro_prod,Filipstad,2018.0,42549.0,-19.648785452407385,Linear
7911,hydro_prod,Filipstad,2019.0,53790.0,1.3879958367177525,Linear
7912,hydro_prod,Filipstad,2020.0,53912.0,1.4270703835814695,Linear
7913,hydro_prod,Filipstad,2021.0,58629.0,10.094570468577649,Linear
7914,hydro_prod,Filipstad,2022.0,38605.0,-27.642513105601278,Linear
7915,hydro_prod,Finspång,2007.0,5693.0,-46.289211404961186,Linear
7916,hydro_prod,Finspång,2008.0,7383.0,-30.80272690546969,Linear
7917,hydro_prod,Finspång,2009.0,8852.0,-17.576310610959805,Linear
7918,hydro_prod,Finspång,2010.0,11138.0,3.0364562763985212,Linear
7919,hydro_prod,Finspång,2011.0,12230.0,12.409106213521406,Linear
7920,hydro_prod,Finspång,2012.0,16626.0,51.835106650864574,Linear
7921,hydro_prod,Finspång,2013.0,13389.0,21.4953807302839,Linear
7922,hydro_prod,Finspång,2014.0,15373.0,38.61653704234862,Linear
7923,hydro_prod,Finspång,2015.0,16709.0,49.716283918213975,Linear
7924,hydro_prod,Finspång,2016.0,10028.0,-10.708068164214861,Linear
7925,hydro_prod,Finspång,2017.0,9761.0,-13.624920863271969,Linear
7926,hydro_prod,Finspång,2018.0,10399.0,-8.546842629184326,Linear
7927,hydro_prod,Finspång,2019.0,10101.0,-11.712138083559019,Linear
7928,hydro_prod,Finspång,2020.0,10795.0,-6.2211076988093845,Linear
7929,hydro_prod,Finspång,2021.0,10010.0,-13.56722126895478,Linear
7930,hydro_prod,Finspång,2022.0,9519.0,-18.30159113814368,Linear
7931,hydro_prod,Forshaga,2005.0,143916.0,-6.260015252304124,Linear
7932,hydro_prod,Forshaga,2006.0,142728.0,-6.67182432439143,Linear
7933,hydro_prod,Forshaga,2007.0,139260.0,-8.583546324942578,Linear
7934,hydro_prod,Forshaga,2008.0,165244.0,8.899201917878052,Linear
7935,hydro_prod,Forshaga,2009.0,164144.0,8.600473252167795,Linear
7936,hydro_prod,Forshaga,2010.0,144890.0,-3.759124127369376,Linear
7937,hydro_prod,Forshaga,2011.0,154843.0,3.2604409498573856,Linear
7938,hydro_prod,Forshaga,2012.0,173435.0,16.12005581264976,Linear
7939,hydro_prod,Forshaga,2013.0,134214.0,-9.779899244549533,Linear
7940,hydro_prod,Forshaga,2014.0,161042.0,8.689251775822477,Linear
7941,hydro_prod,Forshaga,2015.0,159664.0,8.194060407700615,Linear
7942,hydro_prod,Forshaga,2016.0,130693.0,-11.078908652163582,Linear
7943,hydro_prod,Forshaga,2017.0,138932.0,-5.088701132367528,Linear
7944,hydro_prod,Forshaga,2018.0,143228.33333333334,-1.7539888336036904,Linear
7945,hydro_prod,Forshaga,2019.0,147524.66666666666,1.608077952753897,Linear
7946,hydro_prod,Forshaga,2020.0,151821.0,4.997837194226576,Linear
7947,hydro_prod,Forshaga,2021.0,149110.0,3.549392045614632,Linear
7948,hydro_prod,Forshaga,2022.0,127683.0,-10.962375191078605,Linear
7949,hydro_prod,Färgelanda,2008.0,1937.0,46.848375451262,Linear
7950,hydro_prod,Färgelanda,2009.0,1489.6666666666667,23.679432632740205,Linear
7951,hydro_prod,Färgelanda,2010.0,1042.3333333333337,-4.361518347483111,Linear
7952,hydro_prod,Färgelanda,2011.0,595.0,-38.99177843463291,Linear
7953,hydro_prod,Färgelanda,2012.0,540.9090909090909,-37.15391805770209,Linear
7954,hydro_prod,Färgelanda,2013.0,486.8181818181818,-34.75152140002136,Linear
7955,hydro_prod,Färgelanda,2014.0,432.7272727272728,-31.4772766820863,Linear
7956,hydro_prod,Färgelanda,2015.0,378.6363636363636,-26.75137488734541,Linear
7957,hydro_prod,Färgelanda,2016.0,324.5454545454545,-19.333452519292276,Linear
7958,hydro_prod,Färgelanda,2017.0,270.45454545454544,-6.007293280850295,Linear
7959,hydro_prod,Färgelanda,2018.0,216.3636363636364,24.957209069745122,Linear
7960,hydro_prod,Färgelanda,2019.0,162.27272727272725,177.10298708606805,Linear
7961,hydro_prod,Färgelanda,2020.0,108.18181818181812,293.0807816659338,Linear
7962,hydro_prod,Färgelanda,2021.0,54.09090909090901,131.7027376753852,Linear
7963,hydro_prod,Gagnef,2005.0,277360.0,-1.7529337520614408,Linear
7964,hydro_prod,Gagnef,2006.0,285233.0,1.222093947543255,Linear
7965,hydro_prod,Gagnef,2007.0,227123.0,-19.250856532120594,Linear
7966,hydro_prod,Gagnef,2008.0,318990.0,13.620479777149066,Linear
7967,hydro_prod,Gagnef,2009.0,316716.0,13.01960430577494,Linear
7968,hydro_prod,Gagnef,2010.0,294809.0,5.397482306660638,Linear
7969,hydro_prod,Gagnef,2011.0,276770.0,-0.8675748203732403,Linear
7970,hydro_prod,Gagnef,2012.0,328817.0,17.9939394357074,Linear
7971,hydro_prod,Gagnef,2013.0,114571.0,-58.81013466599874,Linear
7972,hydro_prod,Gagnef,2014.0,341777.0,23.10345618558349,Linear
7973,hydro_prod,Gagnef,2015.0,310237.0,11.952621962145336,Linear
7974,hydro_prod,Gagnef,2016.0,256914.0,-7.11550197788275,Linear
7975,hydro_prod,Gagnef,2017.0,245721.0,-10.995069923889076,Linear
7976,hydro_prod,Gagnef,2018.0,271061.0,-1.6313560478101434,Linear
7977,hydro_prod,Gagnef,2019.0,296401.0,7.7677250291149775,Linear
7978,hydro_prod,Gagnef,2020.0,321741.0,17.202374061462073,Linear
7979,hydro_prod,Gagnef,2021.0,306146.0,11.732906686349484,Linear
7980,hydro_prod,Gagnef,2022.0,211699.0,-22.5903006764759,Linear
7981,hydro_prod,Gislaved,2005.0,7546.0,2.2912285179993486,Linear
7982,hydro_prod,Gislaved,2006.0,4708.0,-37.16206774477219,Linear
7983,hydro_prod,Gislaved,2007.0,4744.0,-37.64133087578892,Linear
7984,hydro_prod,Gislaved,2008.0,4670.0,-39.53061438338736,Linear
7985,hydro_prod,Gislaved,2009.0,9914.0,26.482645960961804,Linear
7986,hydro_prod,Gislaved,2010.0,10362.0,30.281566952151984,Linear
7987,hydro_prod,Gislaved,2011.0,11633.0,44.17161731986478,Linear
7988,hydro_prod,Gislaved,2012.0,10945.375,33.7383783273267,Linear
7989,hydro_prod,Gislaved,2013.0,10257.75,23.59505868938396,Linear
7990,hydro_prod,Gislaved,2014.0,9570.125,13.729739566905383,Linear
7991,hydro_prod,Gislaved,2015.0,8882.5,4.131146614114294,Linear
7992,hydro_prod,Gislaved,2016.0,8194.875,-5.21139300288872,Linear
7993,hydro_prod,Gislaved,2017.0,7507.25,-14.307990193131811,Linear
7994,hydro_prod,Gislaved,2018.0,6819.625,-23.168230442020946,Linear
7995,hydro_prod,Gislaved,2019.0,6132.0,-31.8012075038353,Linear
7996,hydro_prod,Gislaved,2020.0,9514.0,4.4728208764788056,Linear
7997,hydro_prod,Gislaved,2021.0,9514.0,3.1664760479758574,Linear
7998,hydro_prod,Gislaved,2022.0,9514.0,1.8923972484125278,Linear
7999,hydro_prod,Gotland,2005.0,144.0,-95.92500167924412,Linear
8000,hydro_prod,Gotland,2006.0,645.0,-81.48247463208577,Linear
8001,hydro_prod,Gotland,2008.0,1390.0,-58.90094426507589,Linear
8002,hydro_prod,Gotland,2009.0,1606.0,-51.79371580236888,Linear
8003,hydro_prod,Gotland,2010.0,12352.0,276.47530778590885,Linear
8004,hydro_prod,Gotland,2011.0,9935.0,207.54687352034455,Linear
8005,hydro_prod,Gotland,2016.0,15.0,-99.49624145186064,Linear
8006,hydro_prod,Gotland,2018.0,9.0,-99.68712008982155,Linear
8007,hydro_prod,Grums,2005.0,3690.0,,Linear
8008,hydro_prod,Grums,2006.0,5977.0,,Linear
8009,hydro_prod,Grästorp,2005.0,620.0,-8.181921693112654,Linear
8010,hydro_prod,Grästorp,2006.0,555.0,-17.126017360019304,Linear
8011,hydro_prod,Grästorp,2008.0,666.0,1.126994324874017,Linear
8012,hydro_prod,Grästorp,2010.0,716.0,10.585256126136558,Linear
8013,hydro_prod,Grästorp,2011.0,774.0,20.57813125822527,Linear
8014,hydro_prod,Grästorp,2012.0,766.0,20.373887587461283,Linear
8015,hydro_prod,Grästorp,2013.0,550.0,-12.808278361376368,Linear
8016,hydro_prod,Grästorp,2014.0,687.0,9.87833017684172,Linear
8017,hydro_prod,Grästorp,2015.0,595.0,-3.982734135881157,Linear
8018,hydro_prod,Grästorp,2016.0,589.4,-4.025804599534309,Linear
8019,hydro_prod,Grästorp,2017.0,583.8,-4.069661613930486,Linear
8020,hydro_prod,Grästorp,2018.0,578.2,-4.11432692354591,Linear
8021,hydro_prod,Grästorp,2019.0,572.6,-4.159823081822458,Linear
8022,hydro_prod,Grästorp,2020.0,567.0,-4.206173489143337,Linear
8023,hydro_prod,Gullspång,2005.0,67504.0,-30.61434628160933,Linear
8024,hydro_prod,Gullspång,2006.0,99389.0,2.5764936141357966,Linear
8025,hydro_prod,Gullspång,2007.0,85140.0,-11.769291955194847,Linear
8026,hydro_prod,Gullspång,2008.0,129141.0,34.379849753844745,Linear
8027,hydro_prod,Gullspång,2009.0,111088.0,16.072248980405,Linear
8028,hydro_prod,Gullspång,2010.0,89150.0,-6.46346823719395,Linear
8029,hydro_prod,Gullspång,2011.0,63627.0,-32.96409048266864,Linear
8030,hydro_prod,Gullspång,2012.0,124709.0,31.940322997100072,Linear
8031,hydro_prod,Gullspång,2013.0,67117.0,-28.69276852049591,Linear
8032,hydro_prod,Gullspång,2014.0,132641.0,41.5167315105909,Linear
8033,hydro_prod,Gullspång,2015.0,116378.0,24.691712481201357,Linear
8034,hydro_prod,Gullspång,2016.0,76020.0,-18.202682021648247,Linear
8035,hydro_prod,Gullspång,2017.0,76605.0,-17.220903580981737,Linear
8036,hydro_prod,Gullspång,2018.0,88955.5,-3.4623616555430154,Linear
8037,hydro_prod,Gullspång,2019.0,101306.0,10.41481176040687,Linear
8038,hydro_prod,Gullspång,2020.0,94529.0,3.474564583594298,Linear
8039,hydro_prod,Gullspång,2021.0,110744.0,21.751204768775732,Linear
8040,hydro_prod,Gullspång,2022.0,56623.0,-37.47716422954335,Linear
8041,hydro_prod,Gällivare,2005.0,1946910.0,21.8935094872264,Linear
8042,hydro_prod,Gällivare,2006.0,1700103.0,5.292076265538672,Linear
8043,hydro_prod,Gällivare,2007.0,1552343.0,-4.885984251836103,Linear
8044,hydro_prod,Gällivare,2008.0,2104262.0,27.568240585533133,Linear
8045,hydro_prod,Gällivare,2009.0,1476626.0,-11.41754880205272,Linear
8046,hydro_prod,Gällivare,2010.0,1447923.0,-14.038383081194498,Linear
8047,hydro_prod,Gällivare,2011.0,1152292.0,-32.29042289576356,Linear
8048,hydro_prod,Gällivare,2012.0,1849581.0,7.580838898489099,Linear
8049,hydro_prod,Gällivare,2013.0,1752630.0,0.918428787414589,Linear
8050,hydro_prod,Gällivare,2014.0,1616525.0,-7.843686833593742,Linear
8051,hydro_prod,Gällivare,2015.0,1640176.0,-7.415466935504599,Linear
8052,hydro_prod,Gällivare,2016.0,1842799.0,3.0085635876529437,Linear
8053,hydro_prod,Gällivare,2017.0,1718492.0,-4.866934424509922,Linear
8054,hydro_prod,Gällivare,2018.0,1770592.0,-2.9196050302851377,Linear
8055,hydro_prod,Gällivare,2019.0,1725768.0,-6.273114583115347,Linear
8056,hydro_prod,Gällivare,2020.0,1860810.0,0.11322934398970384,Linear
8057,hydro_prod,Gällivare,2021.0,1995852.0,6.380895220952054,Linear
8058,hydro_prod,Gällivare,2022.0,2263443.0,19.533113734705378,Linear
8059,hydro_prod,Gävle,2005.0,54276.0,-21.354494269913463,Linear
8060,hydro_prod,Gävle,2006.0,69901.0,2.4970695904192852,Linear
8061,hydro_prod,Gävle,2007.0,40836.0,-39.39683112721622,Linear
8062,hydro_prod,Gävle,2008.0,78820.0,18.40669327394959,Linear
8063,hydro_prod,Gävle,2009.0,85368.0,29.833805516061446,Linear
8064,hydro_prod,Gävle,2010.0,77910.0,19.979084056989286,Linear
8065,hydro_prod,Gävle,2011.0,59280.0,-7.54962451169874,Linear
8066,hydro_prod,Gävle,2012.0,89629.0,41.581798205564624,Linear
8067,hydro_prod,Gävle,2013.0,43745.0,-29.996823765349216,Linear
8068,hydro_prod,Gävle,2014.0,57200.5,-7.25434815206772,Linear
8069,hydro_prod,Gävle,2015.0,70656.0,16.097565662924303,Linear
8070,hydro_prod,Gävle,2016.0,63860.66666666666,6.356936872432309,Linear
8071,hydro_prod,Gävle,2017.0,57065.333333333336,-3.6519023395774264,Linear
8072,hydro_prod,Gävle,2018.0,50270.0,-13.940184469899375,Linear
8073,hydro_prod,Gävle,2019.0,54666.0,-5.089512438814622,Linear
8074,hydro_prod,Gävle,2020.0,54666.0,-3.7265263489333496,Linear
8075,hydro_prod,Gävle,2021.0,54666.0,-2.323822873724759,Linear
8076,hydro_prod,Gävle,2022.0,54666.0,-0.8796402994066101,Linear
8077,hydro_prod,Göteborg,2011.0,3725.0,-3.8642015860359056,Linear
8078,hydro_prod,Göteborg,2012.0,3897.0,4.861593557665323,Linear
8079,hydro_prod,Göteborg,2013.0,2703.0,-24.028801242808054,Linear
8080,hydro_prod,Göteborg,2014.0,3589.0,5.573502198166294,Linear
8081,hydro_prod,Göteborg,2015.0,4057.0,25.17249890610278,Linear
8082,hydro_prod,Göteborg,2016.0,2589.0,-16.01592450604599,Linear
8083,hydro_prod,Göteborg,2017.0,3092.0,5.733719643367937,Linear
8084,hydro_prod,Göteborg,2018.0,2921.0,5.60653668669045,Linear
8085,hydro_prod,Göteborg,2019.0,3136.0,20.267198460400916,Linear
8086,hydro_prod,Göteborg,2020.0,3214.0,31.230419741355732,Linear
8087,hydro_prod,Göteborg,2021.0,987.0,-56.913247083102235,Linear
8088,hydro_prod,Habo,2009.0,1805.5,-22.180717327721563,Linear
8089,hydro_prod,Habo,2010.0,3611.0,46.288920480685405,Linear
8090,hydro_prod,Habo,2011.0,4454.0,70.21524997007906,Linear
8091,hydro_prod,Habo,2012.0,2520.0,-8.859793571325415,Linear
8092,hydro_prod,Habo,2013.0,1809.0,-37.90449989532534,Linear
8093,hydro_prod,Habo,2014.0,2109.6666666666665,-31.091289782244058,Linear
8094,hydro_prod,Habo,2015.0,2410.333333333333,-24.907578215446428,Linear
8095,hydro_prod,Habo,2016.0,2711.0,-19.26997490081983,Linear
8096,hydro_prod,Habo,2017.0,4083.0,16.444544732302848,Linear
8097,hydro_prod,Habo,2018.0,3613.0,-1.1402930263400617,Linear
8098,hydro_prod,Habo,2019.0,3143.0,-17.353804514029097,Linear
8099,hydro_prod,Habo,2020.0,3717.0,-5.928307417615881,Linear
8100,hydro_prod,Habo,2021.0,6082.0,48.358628108943726,Linear
8101,hydro_prod,Habo,2022.0,3907.0,-8.02318281691284,Linear
8102,hydro_prod,Hagfors,2005.0,598084.0,-1.897627442199467,Linear
8103,hydro_prod,Hagfors,2006.0,563406.0,-7.581765112305529,Linear
8104,hydro_prod,Hagfors,2007.0,544194.0,-10.72932320272121,Linear
8105,hydro_prod,Hagfors,2008.0,650021.0,6.635385364514039,Linear
8106,hydro_prod,Hagfors,2009.0,651423.0,6.870027587148092,Linear
8107,hydro_prod,Hagfors,2010.0,626607.0,2.8032759444106317,Linear
8108,hydro_prod,Hagfors,2011.0,549654.0,-9.817974714446065,Linear
8109,hydro_prod,Hagfors,2012.0,695060.0,14.043823150157223,Linear
8110,hydro_prod,Hagfors,2013.0,521396.0,-14.44684139894691,Linear
8111,hydro_prod,Hagfors,2014.0,692401.0,13.617419590193574,Linear
8112,hydro_prod,Hagfors,2015.0,702934.0,15.350815210052723,Linear
8113,hydro_prod,Hagfors,2016.0,567080.0,-6.9386534188651625,Linear
8114,hydro_prod,Hagfors,2017.0,608713.0,-0.1020760139448453,Linear
8115,hydro_prod,Hagfors,2018.0,616342.0,1.154343268957137,Linear
8116,hydro_prod,Hagfors,2019.0,623971.0,2.410871829905341,Linear
8117,hydro_prod,Hagfors,2020.0,631600.0,3.667509683157222,Linear
8118,hydro_prod,Hagfors,2021.0,626738.0,2.8739604824734113,Linear
8119,hydro_prod,Hagfors,2022.0,500075.0,-17.913173764093045,Linear
8120,hydro_prod,Hallsberg,2006.0,449.0,-4.924432909864626,Linear
8121,hydro_prod,Hallsberg,2008.0,426.0,-3.2524412999671974,Linear
8122,hydro_prod,Hallsberg,2009.0,416.0,-1.9685976095453404,Linear
8123,hydro_prod,Hallsberg,2010.0,406.0,-0.5843607450321932,Linear
8124,hydro_prod,Hallsberg,2011.0,396.0,0.912524162948752,Linear
8125,hydro_prod,Hallsberg,2012.0,386.0,2.536391167000285,Linear
8126,hydro_prod,Hallsberg,2013.0,376.0,4.30411398185567,Linear
8127,hydro_prod,Hallsberg,2014.0,356.8333333333333,3.5749644605977537,Linear
8128,hydro_prod,Hallsberg,2015.0,337.6666666666667,2.774942235094609,Linear
8129,hydro_prod,Hallsberg,2016.0,318.5,1.893186317489316,Linear
8130,hydro_prod,Hallsberg,2017.0,299.3333333333333,0.9164970454828478,Linear
8131,hydro_prod,Hallsberg,2018.0,280.16666666666663,-0.17132920912933616,Linear
8132,hydro_prod,Hallsberg,2019.0,261.0,-1.390406142333839,Linear
8133,hydro_prod,Hallsberg,2020.0,372.0,49.570130781673434,Linear
8134,hydro_prod,Hallsberg,2021.0,223.0,-4.187146591626758,Linear
8135,hydro_prod,Hallsberg,2022.0,97.0,-55.2537663833211,Linear
8136,hydro_prod,Hallstahammar,2005.0,45485.0,-36.33136942316716,Linear
8137,hydro_prod,Hallstahammar,2006.0,77683.0,9.84034223902195,Linear
8138,hydro_prod,Hallstahammar,2007.0,49054.0,-29.92977876808181,Linear
8139,hydro_prod,Hallstahammar,2008.0,87316.0,26.014807541958817,Linear
8140,hydro_prod,Hallstahammar,2009.0,90418.0,31.855360420105423,Linear
8141,hydro_prod,Hallstahammar,2010.0,77245.0,13.83501054241853,Linear
8142,hydro_prod,Hallstahammar,2011.0,65569.0,-2.3403736608180905,Linear
8143,hydro_prod,Hallstahammar,2012.0,86316.0,29.947614128368137,Linear
8144,hydro_prod,Hallstahammar,2013.0,40371.0,-38.559099450820746,Linear
8145,hydro_prod,Hallstahammar,2014.0,77881.0,19.834622236180238,Linear
8146,hydro_prod,Hallstahammar,2015.0,71957.0,11.953938745788141,Linear
8147,hydro_prod,Hallstahammar,2016.0,58283.0,-8.298221484743591,Linear
8148,hydro_prod,Hallstahammar,2017.0,49285.0,-21.571235662094992,Linear
8149,hydro_prod,Hallstahammar,2018.0,49125.0,-20.924051030194136,Linear
8150,hydro_prod,Hallstahammar,2019.0,66582.0,8.427069427009272,Linear
8151,hydro_prod,Hallstahammar,2020.0,59749.0,-1.5513619003667216,Linear
8152,hydro_prod,Hallstahammar,2021.0,82416.0,37.419812520967724,Linear
8153,hydro_prod,Hallstahammar,2022.0,41542.0,-29.89548591195402,Linear
8154,hydro_prod,Halmstad,2005.0,73719.0,-16.091416395401275,Linear
8155,hydro_prod,Halmstad,2006.0,70981.0,-19.138846276323413,Linear
8156,hydro_prod,Halmstad,2007.0,93738.0,6.877105958113239,Linear
8157,hydro_prod,Halmstad,2008.0,95297.0,8.7476124885874,Linear
8158,hydro_prod,Halmstad,2009.0,69117.0,-21.059985983060916,Linear
8159,hydro_prod,Halmstad,2010.0,78588.0,-10.166009351703194,Linear
8160,hydro_prod,Halmstad,2011.0,109094.0,24.81241237367893,Linear
8161,hydro_prod,Halmstad,2012.0,105577.0,20.892401280965274,Linear
8162,hydro_prod,Halmstad,2013.0,107907.0,23.666594321487523,Linear
8163,hydro_prod,Halmstad,2014.0,110237.0,26.445560041854797,Linear
8164,hydro_prod,Halmstad,2015.0,91673.5,5.243128277172214,Linear
8165,hydro_prod,Halmstad,2016.0,73110.0,-15.995842692676673,Linear
8166,hydro_prod,Halmstad,2017.0,73565.0,-15.400145348786657,Linear
8167,hydro_prod,Halmstad,2018.0,74020.0,-14.803419637800678,Linear
8168,hydro_prod,Halmstad,2019.0,96349.0,10.992931665394506,Linear
8169,hydro_prod,Halmstad,2020.0,92794.0,6.9900424182475165,Linear
8170,hydro_prod,Halmstad,2021.0,82322.5,-5.001293516088555,Linear
8171,hydro_prod,Halmstad,2022.0,71851.0,-17.013402111712207,Linear
8172,hydro_prod,Hedemora,2005.0,210.0,-88.69810103971874,Linear
8173,hydro_prod,Hedemora,2006.0,2300.0,21.825371457797026,Linear
8174,hydro_prod,Hedemora,2010.0,2778.0,38.390579504755244,Linear
8175,hydro_prod,Hedemora,2011.0,3099.0,52.11939894294547,Linear
8176,hydro_prod,Hedemora,2012.0,2485.0,20.21853365585175,Linear
8177,hydro_prod,Hedemora,2013.0,3021.0,44.06827740161037,Linear
8178,hydro_prod,Hedemora,2014.0,2265.75,6.53449855293281,Linear
8179,hydro_prod,Hedemora,2015.0,1510.5,-29.9601469406683,Linear
8180,hydro_prod,Hedemora,2016.0,755.25,-65.45822293716914,Linear
8181,hydro_prod,Herrljunga,2014.0,1629.0,21.470471266654158,Linear
8182,hydro_prod,Herrljunga,2015.0,1249.0,-5.453994928276437,Linear
8183,hydro_prod,Herrljunga,2016.0,1150.0,-11.608721272833886,Linear
8184,hydro_prod,Herrljunga,2017.0,1107.0,-13.584262499837108,Linear
8185,hydro_prod,Herrljunga,2018.0,1166.0,-7.53370340999207,Linear
8186,hydro_prod,Herrljunga,2019.0,1225.0,-1.2879571307696838,Linear
8187,hydro_prod,Herrljunga,2020.0,1284.0,5.16257610090424,Linear
8188,hydro_prod,Herrljunga,2021.0,1480.0,23.235771680753036,Linear
8189,hydro_prod,Herrljunga,2022.0,1059.0,-10.325166534944186,Linear
8190,hydro_prod,Hjo,2007.0,1623.0,-16.846834119741118,Linear
8191,hydro_prod,Hjo,2008.0,2000.0,0.25491285931480945,Linear
8192,hydro_prod,Hjo,2009.0,1855.5,-8.955284730307334,Linear
8193,hydro_prod,Hjo,2010.0,1711.0,-17.784038593760986,Linear
8194,hydro_prod,Hjo,2011.0,3152.0,48.3853258200054,Linear
8195,hydro_prod,Hjo,2012.0,2956.0,36.39127130604776,Linear
8196,hydro_prod,Hjo,2013.0,1676.0,-24.176241272414178,Linear
8197,hydro_prod,Hjo,2014.0,1925.0,-14.576710961915973,Linear
8198,hydro_prod,Hjo,2015.0,2174.0,-5.337447296121602,Linear
8199,hydro_prod,Hjo,2016.0,2423.0,3.5614571665980117,Linear
8200,hydro_prod,Hjo,2017.0,2672.0,12.13846968044173,Linear
8201,hydro_prod,Hjo,2018.0,2346.0,-3.292157370298883,Linear
8202,hydro_prod,Hjo,2019.0,2073.0,-16.037456857694334,Linear
8203,hydro_prod,Hjo,2020.0,2620.0,4.297164962333837,Linear
8204,hydro_prod,Hjo,2021.0,2678.0,4.80802739337363,Linear
8205,hydro_prod,Hjo,2022.0,2516.0,-3.1653181873495453,Linear
8206,hydro_prod,Hofors,2009.0,2044.0,-22.156774558595377,Linear
8207,hydro_prod,Hofors,2010.0,2486.5,-17.08883726662525,Linear
8208,hydro_prod,Hofors,2011.0,2929.0,-13.142642254147209,Linear
8209,hydro_prod,Hofors,2012.0,3751.6666666666665,0.16736533437766649,Linear
8210,hydro_prod,Hofors,2013.0,4574.333333333333,11.065228953247894,Linear
8211,hydro_prod,Hofors,2014.0,5397.0,20.152189299135642,Linear
8212,hydro_prod,Hofors,2015.0,6644.0,36.56715305373669,Linear
8213,hydro_prod,Hofors,2016.0,5112.0,-2.4093815035772934,Linear
8214,hydro_prod,Hofors,2017.0,3780.0,-32.637263472549506,Linear
8215,hydro_prod,Hofors,2018.0,5447.0,-8.983262634123463,Linear
8216,hydro_prod,Hofors,2019.0,7558.0,18.877297811960716,Linear
8217,hydro_prod,Hofors,2020.0,6977.0,3.6544441536589978,Linear
8218,hydro_prod,Hofors,2021.0,9806.0,38.030611114764575,Linear
8219,hydro_prod,Hofors,2022.0,4216.0,-43.6169447205852,Linear
8220,hydro_prod,Hudiksvall,2005.0,24748.0,-45.69957108529123,Linear
8221,hydro_prod,Hudiksvall,2006.0,69648.0,46.95819717687422,Linear
8222,hydro_prod,Hudiksvall,2007.0,51053.0,3.7450239875510305,Linear
8223,hydro_prod,Hudiksvall,2008.0,60135.0,17.849205431672146,Linear
8224,hydro_prod,Hudiksvall,2009.0,42871.0,-18.872645331544717,Linear
8225,hydro_prod,Hudiksvall,2010.0,70738.0,29.412013549423143,Linear
8226,hydro_prod,Hudiksvall,2011.0,76781.0,35.9483217182531,Linear
8227,hydro_prod,Hudiksvall,2012.0,61517.333333333336,5.5274867288911445,Linear
8228,hydro_prod,Hudiksvall,2013.0,46253.66666666667,-23.054293197457543,Linear
8229,hydro_prod,Hudiksvall,2014.0,30990.0,-49.95889191543339,Linear
8230,hydro_prod,Hudiksvall,2015.0,45353.5,-28.85288693941575,Linear
8231,hydro_prod,Hudiksvall,2016.0,59717.0,-8.916736895693504,Linear
8232,hydro_prod,Hudiksvall,2017.0,65756.0,-2.410341031540446,Linear
8233,hydro_prod,Hudiksvall,2018.0,71795.0,3.7543603110793695,Linear
8234,hydro_prod,Hudiksvall,2019.0,77834.0,9.603595429648987,Linear
8235,hydro_prod,Hudiksvall,2020.0,83873.0,15.160975230514879,Linear
8236,hydro_prod,Hudiksvall,2021.0,89912.0,20.44781177716096,Linear
8237,hydro_prod,Hudiksvall,2022.0,69395.0,-9.246178281694716,Linear
8238,hydro_prod,Hultsfred,2008.0,1504.6666666666667,-52.85688922308901,Linear
8239,hydro_prod,Hultsfred,2009.0,3009.333333333333,-7.013016058927178,Linear
8240,hydro_prod,Hultsfred,2010.0,4514.0,37.58459883858439,Linear
8241,hydro_prod,Hultsfred,2011.0,2013.0,-39.467489174514114,Linear
8242,hydro_prod,Hultsfred,2012.0,3152.666666666667,-6.451307514161894,Linear
8243,hydro_prod,Hultsfred,2013.0,4292.333333333334,25.70249985357254,Linear
8244,hydro_prod,Hultsfred,2014.0,5432.0,57.027284853539776,Linear
8245,hydro_prod,Hultsfred,2015.0,4847.0,38.33288937935226,Linear
8246,hydro_prod,Hultsfred,2016.0,3399.0,-4.212019426257525,Linear
8247,hydro_prod,Hultsfred,2017.0,3399.0,-5.400892196856202,Linear
8248,hydro_prod,Hultsfred,2018.0,3399.0,-6.560615362864794,Linear
8249,hydro_prod,Hultsfred,2019.0,3399.0,-7.6922480058766025,Linear
8250,hydro_prod,Hultsfred,2020.0,3399.0,-8.796798515787604,Linear
8251,hydro_prod,Hultsfred,2021.0,3399.0,-9.875227587809317,Linear
8252,hydro_prod,Hultsfred,2022.0,3399.0,-10.928451009338293,Linear
8253,hydro_prod,Hylte,2005.0,189076.0,27.37933744337714,Linear
8254,hydro_prod,Hylte,2006.0,114884.0,-20.671525012311744,Linear
8255,hydro_prod,Hylte,2007.0,166886.0,18.186288331730672,Linear
8256,hydro_prod,Hylte,2008.0,130724.5,-4.9906162025090275,Linear
8257,hydro_prod,Hylte,2009.0,94563.0,-29.418167398703872,Linear
8258,hydro_prod,Hylte,2010.0,123770.0,-5.056439642142773,Linear
8259,hydro_prod,Hylte,2011.0,156814.0,23.722143590136948,Linear
8260,hydro_prod,Hylte,2012.0,153141.0,24.37123343466647,Linear
8261,hydro_prod,Hylte,2013.0,109647.0,-8.258567499262789,Linear
8262,hydro_prod,Hylte,2014.0,102552.33333333331,-11.518586054817122,Linear
8263,hydro_prod,Hylte,2015.0,95457.66666666669,-14.988495923906694,Linear
8264,hydro_prod,Hylte,2016.0,88363.0,-18.689241644854892,Linear
8265,hydro_prod,Hylte,2017.0,85896.5,-18.239324935043722,Linear
8266,hydro_prod,Hylte,2018.0,83430.0,-17.75734446058325,Linear
8267,hydro_prod,Hylte,2019.0,105894.0,8.244015367812658,Linear
8268,hydro_prod,Hylte,2020.0,105894.0,12.397044171140434,Linear
8269,hydro_prod,Hylte,2021.0,105894.0,16.881468589215267,Linear
8270,hydro_prod,Hylte,2022.0,105894.0,21.738603120483237,Linear
8271,hydro_prod,Hällefors,2005.0,40155.0,-14.642422057580553,Linear
8272,hydro_prod,Hällefors,2006.0,38778.0,-18.274769811131147,Linear
8273,hydro_prod,Hällefors,2007.0,36573.0,-23.57570919505758,Linear
8274,hydro_prod,Hällefors,2008.0,47490.5,-1.5968698519159945,Linear
8275,hydro_prod,Hällefors,2009.0,58408.0,20.015289730252018,Linear
8276,hydro_prod,Hällefors,2010.0,46410.0,-5.426795957400953,Linear
8277,hydro_prod,Hällefors,2011.0,40963.0,-17.21144463849887,Linear
8278,hydro_prod,Hällefors,2012.0,66773.0,33.85379512122633,Linear
8279,hydro_prod,Hällefors,2013.0,50175.0,-0.23063778228365894,Linear
8280,hydro_prod,Hällefors,2014.0,72492.0,42.99083806675414,Linear
8281,hydro_prod,Hällefors,2015.0,65372.0,27.922243022059284,Linear
8282,hydro_prod,Hällefors,2016.0,58252.0,13.09117256374963,Linear
8283,hydro_prod,Hällefors,2017.0,51132.0,-1.5079455016646073,Linear
8284,hydro_prod,Hällefors,2018.0,44012.0,-15.880510426004028,Linear
8285,hydro_prod,Hällefors,2019.0,51331.0,-2.6471870594796525,Linear
8286,hydro_prod,Hällefors,2020.0,50837.0,-4.3207648684990225,Linear
8287,hydro_prod,Hällefors,2021.0,51794.0,-3.258773606916512,Linear
8288,hydro_prod,Hällefors,2022.0,37944.0,-29.66126164468837,Linear
8289,hydro_prod,Härjedalen,2005.0,2236842.0,14.941679505602822,Linear
8290,hydro_prod,Härjedalen,2006.0,1766870.0,-8.020555550973501,Linear
8291,hydro_prod,Härjedalen,2007.0,1710710.0,-9.763789530539333,Linear
8292,hydro_prod,Härjedalen,2008.0,2146787.0,14.759322957247894,Linear
8293,hydro_prod,Härjedalen,2009.0,1763478.0,-4.447513365107468,Linear
8294,hydro_prod,Härjedalen,2010.0,1853926.0,1.8398564423723067,Linear
8295,hydro_prod,Härjedalen,2011.0,1937700.0,7.93147332304405,Linear
8296,hydro_prod,Härjedalen,2012.0,1843111.0,4.120038474896271,Linear
8297,hydro_prod,Härjedalen,2013.0,1447595.0,-17.04574289663858,Linear
8298,hydro_prod,Härjedalen,2014.0,1509569.3333333333,-12.230526180502716,Linear
8299,hydro_prod,Härjedalen,2015.0,1571543.6666666667,-7.272529952582557,Linear
8300,hydro_prod,Härjedalen,2016.0,1633518.0,-2.1653081549294977,Linear
8301,hydro_prod,Härjedalen,2017.0,1627191.0,-1.055227077346125,Linear
8302,hydro_prod,Härjedalen,2018.0,1627191.0,0.47999794801971035,Linear
8303,hydro_prod,Härjedalen,2019.0,1627191.0,2.0636148595904014,Linear
8304,hydro_prod,Härjedalen,2020.0,1627191.0,3.6979483392767327,Linear
8305,hydro_prod,Härjedalen,2021.0,1627191.0,5.385474391608656,Linear
8306,hydro_prod,Härjedalen,2022.0,1627191.0,7.1288328601483135,Linear
8307,hydro_prod,Härnösand,2012.0,423.0,-12.439625431241394,Linear
8308,hydro_prod,Härnösand,2013.0,423.0,12.883139328033721,Linear
8309,hydro_prod,Härnösand,2014.0,423.0,58.81217148785402,Linear
8310,hydro_prod,Härnösand,2015.0,1.0,-99.36701229804666,Linear
8311,hydro_prod,Härnösand,2016.0,1.0,-97.98425801497254,Linear
8312,hydro_prod,Härnösand,2017.0,2.0,103.40356564019176,Linear
8313,hydro_prod,Härryda,2005.0,1952.0,25.822502337081705,Linear
8314,hydro_prod,Härryda,2006.0,1769.0,15.219576077939204,Linear
8315,hydro_prod,Härryda,2007.0,2489.0,63.8290106507194,Linear
8316,hydro_prod,Härryda,2008.0,2329.0,54.93567176920783,Linear
8317,hydro_prod,Härryda,2009.0,341.0,-77.07011275647557,Linear
8318,hydro_prod,Härryda,2010.0,368.0,-74.98435902763256,Linear
8319,hydro_prod,Härryda,2011.0,168.0,-88.45374473814552,Linear
8320,hydro_prod,Härryda,2012.0,2179.0,51.42936066974223,Linear
8321,hydro_prod,Härryda,2013.0,1059.0,-25.57412964286354,Linear
8322,hydro_prod,Härryda,2014.0,1245.25,-11.485389535961788,Linear
8323,hydro_prod,Härryda,2015.0,1431.5,2.928781652852997,Linear
8324,hydro_prod,Härryda,2016.0,1617.75,17.679791205169053,Linear
8325,hydro_prod,Härryda,2017.0,1804.0,32.77958584900638,Linear
8326,hydro_prod,Härryda,2018.0,1331.0,-0.8625296111421537,Linear
8327,hydro_prod,Härryda,2019.0,796.0,-39.99326277485978,Linear
8328,hydro_prod,Härryda,2020.0,1296.0,-1.1030731513246628,Linear
8329,hydro_prod,Härryda,2021.0,1796.0,38.75231210800591,Linear
8330,hydro_prod,Härryda,2022.0,1496.0,17.02764708169804,Linear
8331,hydro_prod,Hässleholm,2005.0,9015.0,9.96385382868237,Linear
8332,hydro_prod,Hässleholm,2006.0,9197.0,17.967370233370282,Linear
8333,hydro_prod,Hässleholm,2009.0,6815.0,3.4072164734974897,Linear
8334,hydro_prod,Hässleholm,2010.0,6180.166666666667,-0.13505045584246883,Linear
8335,hydro_prod,Hässleholm,2011.0,5545.333333333333,-4.169393969658628,Linear
8336,hydro_prod,Hässleholm,2012.0,4910.5,-8.80600334408867,Linear
8337,hydro_prod,Hässleholm,2013.0,4275.666666666666,-14.190620759511702,Linear
8338,hydro_prod,Hässleholm,2014.0,3640.833333333333,-20.520138485895156,Linear
8339,hydro_prod,Hässleholm,2015.0,3006.0,-28.06719685196332,Linear
8340,hydro_prod,Hässleholm,2016.0,2042.0,-45.935574276081816,Linear
8341,hydro_prod,Hässleholm,2017.0,3337.0,-1.1274040323146537,Linear
8342,hydro_prod,Hässleholm,2018.0,2441.0,-17.897851900561875,Linear
8343,hydro_prod,Hässleholm,2019.0,2820.0,9.67638216366786,Linear
8344,hydro_prod,Hässleholm,2020.0,2820.0,29.99729234268369,Linear
8345,hydro_prod,Hässleholm,2021.0,2820.0,59.560823736293244,Linear
8346,hydro_prod,Hässleholm,2022.0,2820.0,106.52890874222601,Linear
8347,hydro_prod,Högsby,2005.0,15080.0,-48.039167088812675,Linear
8348,hydro_prod,Högsby,2006.0,31817.0,11.190416554640295,Linear
8349,hydro_prod,Högsby,2007.0,40065.0,42.034715122658845,Linear
8350,hydro_prod,Högsby,2008.0,37024.0,33.175500678735034,Linear
8351,hydro_prod,Högsby,2009.0,21452.0,-21.690668808863357,Linear
8352,hydro_prod,Högsby,2010.0,30409.0,12.680420646043661,Linear
8353,hydro_prod,Högsby,2011.0,31963.0,20.252255980941523,Linear
8354,hydro_prod,Högsby,2012.0,33070.0,26.351703261145133,Linear
8355,hydro_prod,Högsby,2013.0,22981.0,-10.80878924331488,Linear
8356,hydro_prod,Högsby,2014.0,22393.0,-11.696073545146808,Linear
8357,hydro_prod,Högsby,2015.0,12749.0,-48.905950043576134,Linear
8358,hydro_prod,Högsby,2016.0,8487.0,-65.42275116469392,Linear
8359,hydro_prod,Högsby,2017.0,22802.0,-5.535067498288965,Linear
8360,hydro_prod,Högsby,2018.0,24088.0,1.5040435676486337,Linear
8361,hydro_prod,Högsby,2019.0,24023.0,2.9965120195333235,Linear
8362,hydro_prod,Högsby,2020.0,28171.0,22.92563628497888,Linear
8363,hydro_prod,Högsby,2021.0,32515.0,44.4461178114558,Linear
8364,hydro_prod,Högsby,2022.0,21036.0,-4.828003324129238,Linear
8365,hydro_prod,Jokkmokk,2007.0,10930122.0,-1.9630966406561936,Linear
8366,hydro_prod,Jokkmokk,2008.0,13132848.0,18.72112363267168,Linear
8367,hydro_prod,Jokkmokk,2009.0,11481534.0,4.616551784983646,Linear
8368,hydro_prod,Jokkmokk,2010.0,9830220.0,-9.713575386415025,Linear
8369,hydro_prod,Jokkmokk,2011.0,10213519.0,-5.437026927641198,Linear
8370,hydro_prod,Jokkmokk,2012.0,10213519.0,-4.668630191262353,Linear
8371,hydro_prod,Jokkmokk,2013.0,10213519.0,-3.887643525538865,Linear
8372,hydro_prod,Jokkmokk,2014.0,10213519.0,-3.0937549518219987,Linear
8373,hydro_prod,Jokkmokk,2015.0,10213519.0,-2.2866420978298505,Linear
8374,hydro_prod,Jokkmokk,2016.0,10213519.0,-1.46597176117927,Linear
8375,hydro_prod,Jokkmokk,2017.0,10213519.0,-0.6313994507396188,Linear
8376,hydro_prod,Jokkmokk,2018.0,10213519.0,0.21743109552580495,Linear
8377,hydro_prod,Jokkmokk,2019.0,10213519.0,1.0808884176410043,Linear
8378,hydro_prod,Jokkmokk,2020.0,10213519.0,1.959353867137494,Linear
8379,hydro_prod,Jokkmokk,2021.0,10213519.0,2.853222168642332,Linear
8380,hydro_prod,Jokkmokk,2022.0,10213519.0,3.7629020112678457,Linear
8381,hydro_prod,Jönköping,2005.0,49398.0,-26.628872152708116,Linear
8382,hydro_prod,Jönköping,2006.0,58651.0,-11.963530947330568,Linear
8383,hydro_prod,Jönköping,2007.0,69048.0,4.751027951717083,Linear
8384,hydro_prod,Jönköping,2008.0,79445.0,21.82696665215248,Linear
8385,hydro_prod,Jönköping,2009.0,41483.0,-35.69163830916766,Linear
8386,hydro_prod,Jönköping,2010.0,73243.0,14.79836768768502,Linear
8387,hydro_prod,Jönköping,2011.0,82694.0,31.059622149207662,Linear
8388,hydro_prod,Jönköping,2012.0,86255.0,38.247959651510435,Linear
8389,hydro_prod,Jönköping,2013.0,47073.0,-23.690024327855237,Linear
8390,hydro_prod,Jönköping,2014.0,77249.0,26.675904425019375,Linear
8391,hydro_prod,Jönköping,2015.0,62028.0,2.9055212966879647,Linear
8392,hydro_prod,Jönköping,2016.0,37314.0,-37.36286794637666,Linear
8393,hydro_prod,Jönköping,2017.0,51084.0,-13.220941502125635,Linear
8394,hydro_prod,Jönköping,2018.0,64839.5,11.481284131392133,Linear
8395,hydro_prod,Jönköping,2019.0,78595.0,36.78966876425017,Linear
8396,hydro_prod,Jönköping,2020.0,55988.0,-1.3459793347856714,Linear
8397,hydro_prod,Jönköping,2021.0,46887.0,-16.343295121818098,Linear
8398,hydro_prod,Jönköping,2022.0,42739.0,-22.77287797415196,Linear
8399,hydro_prod,Karlsborg,2005.0,5406.0,17.405766233963995,Linear
8400,hydro_prod,Karlsborg,2006.0,3639.0,-18.737871930970336,Linear
8401,hydro_prod,Karlsborg,2007.0,1130.0,-74.03288420190893,Linear
8402,hydro_prod,Karlsborg,2008.0,3643.0,-13.779528424494028,Linear
8403,hydro_prod,Karlsborg,2009.0,4299.0,4.885083493431618,Linear
8404,hydro_prod,Karlsborg,2010.0,5158.0,29.848273561538445,Linear
8405,hydro_prod,Karlsborg,2011.0,4343.0,12.925880338524431,Linear
8406,hydro_prod,Karlsborg,2012.0,7567.0,103.44447435860651,Linear
8407,hydro_prod,Karlsborg,2013.0,4037.0,12.357383050728654,Linear
8408,hydro_prod,Karlsborg,2014.0,3627.6666666666665,4.647564089474416,Linear
8409,hydro_prod,Karlsborg,2015.0,3218.333333333333,-3.645979503608031,Linear
8410,hydro_prod,Karlsborg,2016.0,2809.0,-12.59214832919817,Linear
8411,hydro_prod,Karlsborg,2017.0,2809.0,-9.012198803083477,Linear
8412,hydro_prod,Karlsborg,2018.0,2446.0,-17.38674536850779,Linear
8413,hydro_prod,Karlsborg,2019.0,1289.0,-54.522054865694535,Linear
8414,hydro_prod,Karlsborg,2020.0,3261.0,20.42551829244141,Linear
8415,hydro_prod,Karlsborg,2021.0,3059.0,18.499074329360802,Linear
8416,hydro_prod,Karlsborg,2022.0,1795.0,-26.884258718886617,Linear
8417,hydro_prod,Karlshamn,2005.0,21900.0,-27.67740751827401,Linear
8418,hydro_prod,Karlshamn,2006.0,21301.0,-29.855829004928403,Linear
8419,hydro_prod,Karlshamn,2007.0,36611.0,20.21770429003855,Linear
8420,hydro_prod,Karlshamn,2008.0,29385.0,-3.7831180329414944,Linear
8421,hydro_prod,Karlshamn,2009.0,26267.0,-14.235357077006041,Linear
8422,hydro_prod,Karlshamn,2010.0,28357.0,-7.671925183769002,Linear
8423,hydro_prod,Karlshamn,2011.0,34059.0,10.58201978890669,Linear
8424,hydro_prod,Karlshamn,2012.0,38900.66666666666,25.948274187114045,Linear
8425,hydro_prod,Karlshamn,2013.0,43742.333333333336,41.228737576939686,Linear
8426,hydro_prod,Karlshamn,2014.0,48584.0,56.42412642527208,Linear
8427,hydro_prod,Karlshamn,2015.0,35565.0,14.189451689930088,Linear
8428,hydro_prod,Karlshamn,2016.0,24425.0,-21.795130043294776,Linear
8429,hydro_prod,Karlshamn,2017.0,24242.0,-22.59534980909906,Linear
8430,hydro_prod,Karlshamn,2018.0,26390.75,-15.966388674002467,Linear
8431,hydro_prod,Karlshamn,2019.0,28539.5,-9.373827873149281,Linear
8432,hydro_prod,Karlshamn,2020.0,30688.25,-2.817368410259721,Linear
8433,hydro_prod,Karlshamn,2021.0,32837.0,3.703285445237334,Linear
8434,hydro_prod,Karlshamn,2022.0,26492.0,-16.562835241174025,Linear
8435,hydro_prod,Karlskoga,2005.0,54257.0,10.3551760834053,Linear
8436,hydro_prod,Karlskoga,2006.0,59921.0,9.626902613612422,Linear
8437,hydro_prod,Karlskoga,2007.0,51434.0,-14.49365580552299,Linear
8438,hydro_prod,Karlskoga,2008.0,70862.0,7.9464782571964445,Linear
8439,hydro_prod,Karlskoga,2009.0,72766.0,2.2874625369807977,Linear
8440,hydro_prod,Karlskoga,2010.0,62378.0,-18.600543687584707,Linear
8441,hydro_prod,Karlskoga,2011.0,60844.0,-25.913113240766695,Linear
8442,hydro_prod,Karlskoga,2012.0,74305.0,-15.194780649136908,Linear
8443,hydro_prod,Karlskoga,2013.0,50925.0,-45.30760233027304,Linear
8444,hydro_prod,Karlskoga,2014.0,110843.0,12.4112557317862,Linear
8445,hydro_prod,Karlskoga,2015.0,170761.0,64.0384931979372,Linear
8446,hydro_prod,Karlskoga,2016.0,121715.0,11.06258655108241,Linear
8447,hydro_prod,Karlskoga,2017.0,126747.0,10.133768129133003,Linear
8448,hydro_prod,Karlskoga,2018.0,133083.0,10.371038328729288,Linear
8449,hydro_prod,Karlskoga,2019.0,139419.0,10.587631609457244,Linear
8450,hydro_prod,Karlskoga,2020.0,129365.0,-1.671649435094232,Linear
8451,hydro_prod,Karlskoga,2021.0,139594.0,1.8506630403058733,Linear
8452,hydro_prod,Karlskoga,2022.0,96230.0,-32.49422181818484,Linear
8453,hydro_prod,Karlskrona,2008.0,700.0,2.7726313068205126,Linear
8454,hydro_prod,Karlskrona,2011.0,670.0,-1.1431416911136003,Linear
8455,hydro_prod,Karlskrona,2012.0,670.0,-0.9791377515614819,Linear
8456,hydro_prod,Karlskrona,2013.0,670.0,-0.8145887412974647,Linear
8457,hydro_prod,Karlskrona,2014.0,670.0,-0.64949193846687,Linear
8458,hydro_prod,Karlskrona,2015.0,670.0,-0.48384460306220045,Linear
8459,hydro_prod,Karlskrona,2016.0,670.0,-0.3176439767716209,Linear
8460,hydro_prod,Karlskrona,2017.0,670.0,-0.15088728282619132,Linear
8461,hydro_prod,Karlskrona,2018.0,670.0,0.016428274154976386,Linear
8462,hydro_prod,Karlskrona,2019.0,670.0,0.18430550832119164,Linear
8463,hydro_prod,Karlskrona,2020.0,670.0,0.35274725274728236,Linear
8464,hydro_prod,Karlskrona,2021.0,670.0,0.5217563595936443,Linear
8465,hydro_prod,Karlskrona,2022.0,670.0,0.6913357002668168,Linear
8466,hydro_prod,Karlstad,2005.0,26808.0,-17.023782566836143,Linear
8467,hydro_prod,Karlstad,2006.0,27918.0,-13.00191130186781,Linear
8468,hydro_prod,Karlstad,2007.0,25820.0,-18.99015092142158,Linear
8469,hydro_prod,Karlstad,2008.0,30442.0,-3.831862837676156,Linear
8470,hydro_prod,Karlstad,2009.0,36069.0,14.733198377151282,Linear
8471,hydro_prod,Karlstad,2010.0,34806.0,11.487689833025643,Linear
8472,hydro_prod,Karlstad,2011.0,33584.0,8.328851933862628,Linear
8473,hydro_prod,Karlstad,2012.0,41968.0,36.32965184758425,Linear
8474,hydro_prod,Karlstad,2013.0,23694.0,-22.483797619976404,Linear
8475,hydro_prod,Karlstad,2014.0,34048.0,12.18887427495529,Linear
8476,hydro_prod,Karlstad,2015.0,33273.42857142857,10.428751979999598,Linear
8477,hydro_prod,Karlstad,2016.0,32498.85714285714,8.643011406351409,Linear
8478,hydro_prod,Karlstad,2017.0,31724.285714285717,6.831089149389707,Linear
8479,hydro_prod,Karlstad,2018.0,30949.714285714286,4.992405161746103,Linear
8480,hydro_prod,Karlstad,2019.0,30175.14285714286,3.126362134208436,Linear
8481,hydro_prod,Karlstad,2020.0,29400.571428571428,1.2323448487773108,Linear
8482,hydro_prod,Karlstad,2021.0,28626.0,-0.6902804975862896,Linear
8483,hydro_prod,Karlstad,2022.0,16433.0,-42.55658141253453,Linear
8484,hydro_prod,Katrineholm,2005.0,2277.0,-35.51802344501062,Linear
8485,hydro_prod,Katrineholm,2006.0,3408.0,-2.2745526030607217,Linear
8486,hydro_prod,Katrineholm,2007.0,2871.0,-16.623652307917634,Linear
8487,hydro_prod,Katrineholm,2008.0,4167.0,22.57597508787589,Linear
8488,hydro_prod,Katrineholm,2009.0,3393.0,1.11377424324645,Linear
8489,hydro_prod,Katrineholm,2010.0,4401.0,32.891366454518106,Linear
8490,hydro_prod,Katrineholm,2011.0,4280.0,30.973797313871593,Linear
8491,hydro_prod,Katrineholm,2012.0,3704.0,14.890801472092551,Linear
8492,hydro_prod,Katrineholm,2013.0,3128.0,-1.6362256553439303,Linear
8493,hydro_prod,Katrineholm,2014.0,3012.0,-3.958190327201857,Linear
8494,hydro_prod,Katrineholm,2015.0,2921.75,-5.513350875632579,Linear
8495,hydro_prod,Katrineholm,2016.0,2831.5,-7.113302383778801,Linear
8496,hydro_prod,Katrineholm,2017.0,2741.25,-8.760008195646869,Linear
8497,hydro_prod,Katrineholm,2018.0,2651.0,-10.455548103643418,Linear
8498,hydro_prod,Katrineholm,2019.0,2404.0,-17.57645751322461,Linear
8499,hydro_prod,Katrineholm,2020.0,2157.0,-24.914995892141203,Linear
8500,hydro_prod,Katrineholm,2021.0,3249.0,14.852499031885023,Linear
8501,hydro_prod,Katrineholm,2022.0,3249.0,16.66288694863421,Linear
8502,hydro_prod,Kil,2005.0,19386.0,-13.978662595083993,Linear
8503,hydro_prod,Kil,2006.0,20467.0,-8.846637485470183,Linear
8504,hydro_prod,Kil,2007.0,20850.0,-6.7967608283981535,Linear
8505,hydro_prod,Kil,2008.0,25707.0,15.342338175724842,Linear
8506,hydro_prod,Kil,2009.0,16727.0,-24.668983832768724,Linear
8507,hydro_prod,Kil,2010.0,18287.0,-17.334803405158112,Linear
8508,hydro_prod,Kil,2011.0,26432.0,19.93358949858985,Linear
8509,hydro_prod,Kil,2012.0,32336.0,47.276622437605056,Linear
8510,hydro_prod,Kil,2013.0,19841.0,-9.290247588306611,Linear
8511,hydro_prod,Kil,2014.0,28709.0,31.752126409073956,Linear
8512,hydro_prod,Kil,2015.0,31268.0,44.04397609977475,Linear
8513,hydro_prod,Kil,2016.0,22485.0,3.979961761006883,Linear
8514,hydro_prod,Kil,2017.0,7394.0,-65.67548933810053,Linear
8515,hydro_prod,Kil,2018.0,14767.0,-31.18362969556374,Linear
8516,hydro_prod,Kil,2019.0,22140.0,3.5757686086902183,Linear
8517,hydro_prod,Kil,2020.0,23656.0,11.09882172519226,Linear
8518,hydro_prod,Kil,2021.0,27916.0,31.618066814293815,Linear
8519,hydro_prod,Kil,2022.0,14601.0,-30.889230214777985,Linear
8520,hydro_prod,Kinda,2005.0,4505.0,-37.96334920847112,Linear
8521,hydro_prod,Kinda,2006.0,6402.0,-9.2797910998458,Linear
8522,hydro_prod,Kinda,2007.0,9052.0,32.1095760621402,Linear
8523,hydro_prod,Kinda,2008.0,6392.0,-3.835067970743769,Linear
8524,hydro_prod,Kinda,2009.0,3644.0,-43.43318460821533,Linear
8525,hydro_prod,Kinda,2010.0,9385.0,50.47382203313299,Linear
8526,hydro_prod,Kinda,2011.0,7079.0,17.35760106730694,Linear
8527,hydro_prod,Kinda,2012.0,7268.0,24.729345731760766,Linear
8528,hydro_prod,Kinda,2013.0,6165.0,9.657652522341314,Linear
8529,hydro_prod,Kinda,2014.0,5936.0,9.579564091079963,Linear
8530,hydro_prod,Kinda,2015.0,6833.0,31.098933852215747,Linear
8531,hydro_prod,Kinda,2016.0,2213.0,-55.802937104080385,Linear
8532,hydro_prod,Kinda,2017.0,2572.0,-46.44061055722816,Linear
8533,hydro_prod,Kinda,2018.0,5964.0,29.731940594334382,Linear
8534,hydro_prod,Kinda,2019.0,4600.0,4.731174946849005,Linear
8535,hydro_prod,Kinda,2020.0,4198.0,0.2573721326009634,Linear
8536,hydro_prod,Kinda,2021.0,5982.0,50.21662178512,Linear
8537,hydro_prod,Kinda,2022.0,1162.0,-69.23708109748318,Linear
8538,hydro_prod,Klippan,2011.0,12577.0,32.262316229309796,Linear
8539,hydro_prod,Klippan,2012.0,8968.5,1.941126825397108,Linear
8540,hydro_prod,Klippan,2013.0,5360.0,-33.71518552946425,Linear
8541,hydro_prod,Klippan,2014.0,5549.0,-24.758386827408003,Linear
8542,hydro_prod,Klippan,2015.0,5738.0,-13.889097321230592,Linear
8543,hydro_prod,Klippan,2016.0,5927.0,-0.4215604878417865,Linear
8544,hydro_prod,Klippan,2017.0,6116.0,16.702338435509017,Linear
8545,hydro_prod,Klippan,2018.0,6305.0,39.205501984308874,Linear
8546,hydro_prod,Klippan,2019.0,3431.0,-10.133058601663091,Linear
8547,hydro_prod,Kramfors,2012.0,1243.0,6.746923989757746,Linear
8548,hydro_prod,Kramfors,2013.0,1243.0,8.642718659176367,Linear
8549,hydro_prod,Kramfors,2014.0,1243.0,10.607068382829608,Linear
8550,hydro_prod,Kramfors,2015.0,771.0,-30.130057009786913,Linear
8551,hydro_prod,Kramfors,2016.0,986.0,-8.97001663669996,Linear
8552,hydro_prod,Kramfors,2017.0,1068.0,0.4854535017663347,Linear
8553,hydro_prod,Kramfors,2018.0,1057.3333333333333,1.4207980652957595,Linear
8554,hydro_prod,Kramfors,2019.0,1046.6666666666667,2.3933279313819478,Linear
8555,hydro_prod,Kramfors,2020.0,1036.0,3.4053055660867257,Linear
8556,hydro_prod,Kramfors,2021.0,1036.0,5.545882265772565,Linear
8557,hydro_prod,Kristianstad,2005.0,21730.0,-10.304604147853363,Linear
8558,hydro_prod,Kristianstad,2006.0,22941.0,-4.420366332079223,Linear
8559,hydro_prod,Kristianstad,2007.0,32613.0,37.15901050194076,Linear
8560,hydro_prod,Kristianstad,2008.0,25866.0,9.820178886963623,Linear
8561,hydro_prod,Kristianstad,2009.0,17627.0,-24.440338345719812,Linear
8562,hydro_prod,Kristianstad,2010.0,20179.0,-12.660605772029943,Linear
8563,hydro_prod,Kristianstad,2011.0,26147.0,14.280552316876753,Linear
8564,hydro_prod,Kristianstad,2012.0,23327.0,2.965346147686273,Linear
8565,hydro_prod,Kristianstad,2013.0,15447.0,-31.134658383458262,Linear
8566,hydro_prod,Kristianstad,2014.0,24457.0,10.1355691552059,Linear
8567,hydro_prod,Kristianstad,2015.0,23838.0,8.444233994256264,Linear
8568,hydro_prod,Kristianstad,2016.0,18698.0,-14.061192065745761,Linear
8569,hydro_prod,Kristianstad,2017.0,23325.0,8.32272284411715,Linear
8570,hydro_prod,Kristianstad,2018.0,17245.0,-19.069531390526294,Linear
8571,hydro_prod,Kristianstad,2019.0,24936.0,18.270050110255216,Linear
8572,hydro_prod,Kristianstad,2020.0,23406.0,12.20793075927417,Linear
8573,hydro_prod,Kristianstad,2021.0,22554.0,9.299602272309528,Linear
8574,hydro_prod,Kristianstad,2022.0,17397.0,-14.764715893560403,Linear
8575,hydro_prod,Kristinehamn,2011.0,308.0,-39.012997562956016,Linear
8576,hydro_prod,Kristinehamn,2012.0,496.0,1.5089137061646327,Linear
8577,hydro_prod,Kristinehamn,2013.0,575.0,21.76310307721268,Linear
8578,hydro_prod,Kristinehamn,2014.0,496.0,8.812534837459795,Linear
8579,hydro_prod,Kristinehamn,2015.0,595.0,35.40230007002068,Linear
8580,hydro_prod,Kristinehamn,2016.0,357.0,-15.609347535002513,Linear
8581,hydro_prod,Kristinehamn,2017.0,407.0,0.08999919746035423,Linear
8582,hydro_prod,Kristinehamn,2018.0,322.0,-17.485708824389828,Linear
8583,hydro_prod,Kristinehamn,2019.0,546.0,46.05302539033283,Linear
8584,hydro_prod,Kristinehamn,2020.0,461.0,28.97333394200061,Linear
8585,hydro_prod,Kristinehamn,2021.0,43.0,-87.3914945388431,Linear
8586,hydro_prod,Kristinehamn,2022.0,372.0,14.588105204960838,Linear
8587,hydro_prod,Krokom,2005.0,1632861.0,19.69107811407528,Linear
8588,hydro_prod,Krokom,2006.0,1247500.0,-8.926218274097117,Linear
8589,hydro_prod,Krokom,2007.0,1509307.0,9.74323488849396,Linear
8590,hydro_prod,Krokom,2008.0,1198032.0,-13.239311515733116,Linear
8591,hydro_prod,Krokom,2009.0,1260233.0,-9.099388046585572,Linear
8592,hydro_prod,Krokom,2010.0,1391130.0,-0.05708871764468996,Linear
8593,hydro_prod,Krokom,2011.0,1406867.0,0.6728863555981125,Linear
8594,hydro_prod,Krokom,2012.0,1654356.0,17.915383871283193,Linear
8595,hydro_prod,Krokom,2013.0,1211056.0,-14.020579441509144,Linear
8596,hydro_prod,Krokom,2014.0,1246014.0,-11.885229106639898,Linear
8597,hydro_prod,Krokom,2015.0,1605239.0,13.075278619504784,Linear
8598,hydro_prod,Krokom,2016.0,1329943.0,-6.681065128239714,Linear
8599,hydro_prod,Krokom,2017.0,1403954.0,-1.8692845049064901,Linear
8600,hydro_prod,Krokom,2018.0,1280389.0,-10.851123865020156,Linear
8601,hydro_prod,Krokom,2019.0,1345235.0,-6.695968945210522,Linear
8602,hydro_prod,Krokom,2020.0,1648069.0,13.870796982548233,Linear
8603,hydro_prod,Krokom,2021.0,1463467.0,0.7304990656311329,Linear
8604,hydro_prod,Krokom,2022.0,1569950.0,7.649314207680358,Linear
8605,hydro_prod,Kungsbacka,2005.0,1453.0,-28.065141864504334,Linear
8606,hydro_prod,Kungsbacka,2006.0,1450.0,-27.942754222249853,Linear
8607,hydro_prod,Kungsbacka,2007.0,1880.0,-6.220142328430929,Linear
8608,hydro_prod,Kungsbacka,2008.0,1480.0,-25.89257354830801,Linear
8609,hydro_prod,Kungsbacka,2009.0,1466.0,-26.313392453283928,Linear
8610,hydro_prod,Kungsbacka,2010.0,1389.0,-29.91618385745153,Linear
8611,hydro_prod,Kungsbacka,2011.0,1128.0,-42.866362427482734,Linear
8612,hydro_prod,Kungsbacka,2012.0,1573.0,-20.019299427628525,Linear
8613,hydro_prod,Kungsbacka,2013.0,6470.0,230.2485675636579,Linear
8614,hydro_prod,Kungsbacka,2014.0,4646.333333333333,138.08593020132167,Linear
8615,hydro_prod,Kungsbacka,2015.0,2822.6666666666665,45.20321923044235,Linear
8616,hydro_prod,Kungsbacka,2016.0,999.0,-48.4080374292677,Linear
8617,hydro_prod,Kungsbacka,2017.0,1565.0,-18.859534914912032,Linear
8618,hydro_prod,Kungsbacka,2018.0,1438.0,-25.149387302563113,Linear
8619,hydro_prod,Kungsbacka,2019.0,1121.0,-41.41826971475933,Linear
8620,hydro_prod,Kungsbacka,2020.0,1240.0,-34.94132467973161,Linear
8621,hydro_prod,Kungsbacka,2021.0,1587.0,-16.402305373987833,Linear
8622,hydro_prod,Kungsbacka,2022.0,1488.0,-21.302470586780487,Linear
8623,hydro_prod,Kungsör,2005.0,1152.0,-27.086718509991943,Linear
8624,hydro_prod,Kungsör,2006.0,1562.0,-0.36457598485434395,Linear
8625,hydro_prod,Kungsör,2007.0,1079.0,-30.631986637052773,Linear
8626,hydro_prod,Kungsör,2008.0,1673.0,8.409097748299097,Linear
8627,hydro_prod,Kungsör,2009.0,1909.0,24.690977993170662,Linear
8628,hydro_prod,Kungsör,2010.0,1620.0,6.667276710817063,Linear
8629,hydro_prod,Kungsör,2011.0,1850.0,22.801377087077984,Linear
8630,hydro_prod,Kungsör,2012.0,2143.0,43.41602519638898,Linear
8631,hydro_prod,Kungsör,2013.0,1268.0,-14.44056167243657,Linear
8632,hydro_prod,Kungsör,2014.0,1193.0,-18.830678088560663,Linear
8633,hydro_prod,Kungsör,2015.0,2034.0,39.55177470208392,Linear
8634,hydro_prod,Kungsör,2016.0,1388.0,-3.9632467905562456,Linear
8635,hydro_prod,Kungsör,2017.0,1090.0,-23.937734481689944,Linear
8636,hydro_prod,Kungsör,2018.0,996.0,-29.898299011317825,Linear
8637,hydro_prod,Kungsör,2019.0,1242.0,-11.824176554154969,Linear
8638,hydro_prod,Kungsör,2020.0,1432.0,2.5563301463074697,Linear
8639,hydro_prod,Kungsör,2021.0,1977.0,42.840394694230305,Linear
8640,hydro_prod,Kungsör,2022.0,958.0,-30.16569969434878,Linear
8641,hydro_prod,Kävlinge,2011.0,624.0,9.550068648857165,Linear
8642,hydro_prod,Kävlinge,2012.0,522.0,-4.777536584691132,Linear
8643,hydro_prod,Kävlinge,2013.0,543.0,3.0795951103500725,Linear
8644,hydro_prod,Kävlinge,2014.0,472.0,-6.602122217787736,Linear
8645,hydro_prod,Kävlinge,2015.0,331.0,-31.60481755938233,Linear
8646,hydro_prod,Kävlinge,2016.0,522.0,12.85519542205261,Linear
8647,hydro_prod,Kävlinge,2017.0,538.0,21.96033153054295,Linear
8648,hydro_prod,Kävlinge,2018.0,384.0,-8.50922621940203,Linear
8649,hydro_prod,Kävlinge,2019.0,432.0,8.46045127478902,Linear
8650,hydro_prod,Kävlinge,2020.0,380.0,0.8253677664385645,Linear
8651,hydro_prod,Kävlinge,2021.0,405.0,13.931521086954064,Linear
8652,hydro_prod,Kävlinge,2022.0,269.0,-19.476532217829917,Linear
8653,hydro_prod,Köping,2005.0,10861.0,-28.35677360894615,Linear
8654,hydro_prod,Köping,2006.0,16024.0,6.3686703224316545,Linear
8655,hydro_prod,Köping,2007.0,10711.0,-28.447032498025965,Linear
8656,hydro_prod,Köping,2008.0,17516.0,17.76195037555721,Linear
8657,hydro_prod,Köping,2009.0,16481.0,11.517711281067621,Linear
8658,hydro_prod,Köping,2010.0,13826.0,-5.8402886851706155,Linear
8659,hydro_prod,Köping,2011.0,15435.0,5.803919038595787,Linear
8660,hydro_prod,Köping,2012.0,21421.0,47.801871663199435,Linear
8661,hydro_prod,Köping,2013.0,10727.0,-25.495534052593392,Linear
8662,hydro_prod,Köping,2014.0,17469.0,22.139155619821402,Linear
8663,hydro_prod,Köping,2015.0,18674.0,31.439630701474048,Linear
8664,hydro_prod,Köping,2016.0,12236.0,-13.293815652049531,Linear
8665,hydro_prod,Köping,2017.0,12147.0,-13.339526710263078,Linear
8666,hydro_prod,Köping,2018.0,10970.0,-21.20110470403581,Linear
8667,hydro_prod,Köping,2019.0,13476.0,-2.5332884995830485,Linear
8668,hydro_prod,Köping,2020.0,13512.0,-1.594953365347131,Linear
8669,hydro_prod,Köping,2021.0,18161.0,33.186687786208935,Linear
8670,hydro_prod,Köping,2022.0,8656.0,-36.07322028276446,Linear
8671,hydro_prod,Laholm,2005.0,315076.0,-15.938011713524954,Linear
8672,hydro_prod,Laholm,2006.0,341894.0,-7.2294280140262375,Linear
8673,hydro_prod,Laholm,2007.0,451354.0,24.5938099821355,Linear
8674,hydro_prod,Laholm,2008.0,424624.0,19.281893301949353,Linear
8675,hydro_prod,Laholm,2009.0,294892.0,-15.674517769036775,Linear
8676,hydro_prod,Laholm,2010.0,393467.0,14.569744371313437,Linear
8677,hydro_prod,Laholm,2011.0,419032.0,24.28528188370897,Linear
8678,hydro_prod,Laholm,2012.0,404036.0,22.11077976003559,Linear
8679,hydro_prod,Laholm,2013.0,256225.0,-21.064350256087355,Linear
8680,hydro_prod,Laholm,2014.0,250254.0,-21.383649598472907,Linear
8681,hydro_prod,Laholm,2015.0,244283.0,-21.715794234118217,Linear
8682,hydro_prod,Laholm,2016.0,238312.0,-22.06157521694739,Linear
8683,hydro_prod,Laholm,2017.0,234908.5,-21.564567300101643,Linear
8684,hydro_prod,Laholm,2018.0,231505.0,-21.046280902433733,Linear
8685,hydro_prod,Laholm,2019.0,321611.0,12.083277169952986,Linear
8686,hydro_prod,Laholm,2020.0,321611.0,14.58991401345186,Linear
8687,hydro_prod,Laholm,2021.0,321611.0,17.211232749850957,Linear
8688,hydro_prod,Laholm,2022.0,321611.0,19.95528789998895,Linear
8689,hydro_prod,Laxå,2005.0,2454.0,-40.12806647586061,Linear
8690,hydro_prod,Laxå,2006.0,3503.0,-13.188860385346505,Linear
8691,hydro_prod,Laxå,2007.0,2823.0,-28.921127324159496,Linear
8692,hydro_prod,Laxå,2008.0,3851.0,-1.460871148078856,Linear
8693,hydro_prod,Laxå,2009.0,2966.0,-22.851630061994673,Linear
8694,hydro_prod,Laxå,2010.0,5456.0,44.300909116384325,Linear
8695,hydro_prod,Laxå,2011.0,3976.0,6.955443652603215,Linear
8696,hydro_prod,Laxå,2012.0,5856.0,60.2678255368189,Linear
8697,hydro_prod,Laxå,2013.0,3723.0,3.69515690861924,Linear
8698,hydro_prod,Laxå,2014.0,4975.0,41.06353978620381,Linear
8699,hydro_prod,Laxå,2015.0,5737.0,65.65473088824957,Linear
8700,hydro_prod,Laxå,2016.0,3907.0,14.922740956663583,Linear
8701,hydro_prod,Laxå,2017.0,1804.0,-45.92525760173866,Linear
8702,hydro_prod,Laxå,2018.0,2885.0,-11.84301368054444,Linear
8703,hydro_prod,Laxå,2019.0,3223.0,0.4356808264635051,Linear
8704,hydro_prod,Laxå,2020.0,2449.0,-22.141921934164653,Linear
8705,hydro_prod,Laxå,2021.0,2864.0,-7.070756678720191,Linear
8706,hydro_prod,Laxå,2022.0,1602.0,-46.92486534661129,Linear
8707,hydro_prod,Lekeberg,2005.0,4361.0,-19.436180072413613,Linear
8708,hydro_prod,Lekeberg,2006.0,5601.0,6.9847212581222395,Linear
8709,hydro_prod,Lekeberg,2008.0,2475.0,-49.28051432747142,Linear
8710,hydro_prod,Lekeberg,2009.0,4950.0,5.274160670025791,Linear
8711,hydro_prod,Lekeberg,2010.0,4964.0,9.720190167775396,Linear
8712,hydro_prod,Lekeberg,2011.0,4609.0,6.0402481188711645,Linear
8713,hydro_prod,Lekeberg,2012.0,4507.333333333333,8.123494444325317,Linear
8714,hydro_prod,Lekeberg,2013.0,4405.666666666667,10.392334493350397,Linear
8715,hydro_prod,Lekeberg,2014.0,4304.0,12.872725993727336,Linear
8716,hydro_prod,Lekeberg,2015.0,6901.0,89.82929022604257,Linear
8717,hydro_prod,Lekeberg,2016.0,4442.0,28.470663168198445,Linear
8718,hydro_prod,Lekeberg,2017.0,3133.0,-4.476636636504989,Linear
8719,hydro_prod,Lekeberg,2018.0,2790.4,-10.04667079452234,Linear
8720,hydro_prod,Lekeberg,2019.0,2447.8,-16.29393192793302,Linear
8721,hydro_prod,Lekeberg,2020.0,2105.2,-23.349924384725675,Linear
8722,hydro_prod,Lekeberg,2021.0,1762.6,-31.382556273973726,Linear
8723,hydro_prod,Lekeberg,2022.0,1420.0,-40.60967293115429,Linear
8724,hydro_prod,Leksand,2005.0,102312.0,-19.060296691363092,Linear
8725,hydro_prod,Leksand,2006.0,127328.0,2.381394568774119,Linear
8726,hydro_prod,Leksand,2007.0,90112.0,-26.335443262577773,Linear
8727,hydro_prod,Leksand,2008.0,125776.0,4.561840734793701,Linear
8728,hydro_prod,Leksand,2009.0,142873.0,20.823074625188735,Linear
8729,hydro_prod,Leksand,2010.0,137728.0,18.515558406853586,Linear
8730,hydro_prod,Leksand,2011.0,131231.0,14.941450053298395,Linear
8731,hydro_prod,Leksand,2012.0,108914.0,-2.8708544735026664,Linear
8732,hydro_prod,Leksand,2013.0,86597.0,-21.342899006228038,Linear
8733,hydro_prod,Leksand,2014.0,116761.5,8.057012347628179,Linear
8734,hydro_prod,Leksand,2015.0,146926.0,38.58773406323376,Linear
8735,hydro_prod,Leksand,2016.0,99053.0,-4.7363373161573,Linear
8736,hydro_prod,Leksand,2017.0,96834.83333333331,-5.006963194947226,Linear
8737,hydro_prod,Leksand,2018.0,94616.66666666669,-5.288635489709562,Linear
8738,hydro_prod,Leksand,2019.0,92398.5,-5.582044630902307,Linear
8739,hydro_prod,Leksand,2020.0,90180.33333333331,-5.887939811584878,Linear
8740,hydro_prod,Leksand,2021.0,87962.16666666667,-6.207135374941973,Linear
8741,hydro_prod,Leksand,2022.0,85744.0,-6.540518053508842,Linear
8742,hydro_prod,Lerum,2005.0,18437.0,-13.449940332114341,Linear
8743,hydro_prod,Lerum,2006.0,24498.0,15.635049265268663,Linear
8744,hydro_prod,Lerum,2007.0,28650.0,35.981041509120416,Linear
8745,hydro_prod,Lerum,2008.0,28847.0,37.67736596391921,Linear
8746,hydro_prod,Lerum,2009.0,11096.0,-46.74628290924528,Linear
8747,hydro_prod,Lerum,2010.0,12878.0,-37.84628923063924,Linear
8748,hydro_prod,Lerum,2011.0,17237.0,-16.337812122468502,Linear
8749,hydro_prod,Lerum,2012.0,27381.0,33.65328051181596,Linear
8750,hydro_prod,Lerum,2013.0,14913.0,-26.7897040182103,Linear
8751,hydro_prod,Lerum,2014.0,19160.0,-5.399445217805962,Linear
8752,hydro_prod,Lerum,2015.0,22631.0,12.384735435823826,Linear
8753,hydro_prod,Lerum,2016.0,20586.0,2.8242364123507593,Linear
8754,hydro_prod,Lerum,2017.0,20956.0,5.285014948638475,Linear
8755,hydro_prod,Lerum,2018.0,15799.0,-20.156916489848776,Linear
8756,hydro_prod,Lerum,2019.0,18827.0,-4.29086122608385,Linear
8757,hydro_prod,Lerum,2020.0,23393.0,19.629427599071924,Linear
8758,hydro_prod,Lerum,2021.0,22278.0,14.610270654795162,Linear
8759,hydro_prod,Lerum,2022.0,18046.0,-6.601666351895058,Linear
8760,hydro_prod,Lidköping,2005.0,3702.0,-24.554417921725594,Linear
8761,hydro_prod,Lidköping,2006.0,4203.0,-13.303225105116635,Linear
8762,hydro_prod,Lidköping,2007.0,6070.0,26.748416945817933,Linear
8763,hydro_prod,Lidköping,2008.0,6308.0,33.35876775603612,Linear
8764,hydro_prod,Lidköping,2009.0,4112.0,-11.97086881089468,Linear
8765,hydro_prod,Lidköping,2010.0,4563.0,-1.0681129236808677,Linear
8766,hydro_prod,Lidköping,2011.0,5904.0,29.662848737147673,Linear
8767,hydro_prod,Lidköping,2012.0,5536.0,23.174666349286433,Linear
8768,hydro_prod,Lidköping,2013.0,538.0,-87.87062765980464,Linear
8769,hydro_prod,Lidköping,2014.0,5633.0,28.7072986004305,Linear
8770,hydro_prod,Lidköping,2015.0,4675.0,8.275729978662728,Linear
8771,hydro_prod,Lidköping,2016.0,3037.0,-28.68822426989606,Linear
8772,hydro_prod,Lidköping,2017.0,4171.0,-0.686856491812703,Linear
8773,hydro_prod,Lidköping,2018.0,4208.666666666667,1.6357797729193573,Linear
8774,hydro_prod,Lidköping,2019.0,4246.333333333333,4.025462454408235,Linear
8775,hydro_prod,Lidköping,2020.0,4284.0,6.485137162080176,Linear
8776,hydro_prod,Lidköping,2021.0,4762.0,20.125728585472558,Linear
8777,hydro_prod,Lidköping,2022.0,3356.0,-14.064690026954093,Linear
8778,hydro_prod,Lilla Edet,2005.0,177423.0,-19.336600154400625,Linear
8779,hydro_prod,Lilla Edet,2006.0,199644.0,-7.821205841309071,Linear
8780,hydro_prod,Lilla Edet,2007.0,200087.0,-6.1558877152217635,Linear
8781,hydro_prod,Lilla Edet,2008.0,251576.0,19.889006367398938,Linear
8782,hydro_prod,Lilla Edet,2009.0,218913.0,6.026839659281257,Linear
8783,hydro_prod,Lilla Edet,2011.0,203127.0,1.7024555473677836,Linear
8784,hydro_prod,Lilla Edet,2012.0,223074.0,13.607264067644746,Linear
8785,hydro_prod,Lilla Edet,2013.0,186451.0,-3.3852862132496444,Linear
8786,hydro_prod,Lilla Edet,2014.0,233271.0,23.024971806799442,Linear
8787,hydro_prod,Lilla Edet,2015.0,206847.0,11.063929372772684,Linear
8788,hydro_prod,Lilla Edet,2016.0,167225.0,-8.555280665201531,Linear
8789,hydro_prod,Lilla Edet,2017.0,153455.0,-14.509133286834025,Linear
8790,hydro_prod,Lilla Edet,2018.0,159279.0,-9.56601336446967,Linear
8791,hydro_prod,Lilla Edet,2019.0,164736.0,-4.6424014926661625,Linear
8792,hydro_prod,Lilla Edet,2020.0,172663.0,1.9354232315285973,Linear
8793,hydro_prod,Lilla Edet,2021.0,180590.0,8.780408126400765,Linear
8794,hydro_prod,Lilla Edet,2022.0,141912.0,-12.745791244884986,Linear
8795,hydro_prod,Lindesberg,2005.0,56053.0,-12.706363623282263,Linear
8796,hydro_prod,Lindesberg,2006.0,63493.0,-1.4521579193519918,Linear
8797,hydro_prod,Lindesberg,2007.0,43317.0,-32.99270322589414,Linear
8798,hydro_prod,Lindesberg,2008.0,73706.0,13.635466831490856,Linear
8799,hydro_prod,Lindesberg,2009.0,68951.0,5.950692701737507,Linear
8800,hydro_prod,Lindesberg,2010.0,61084.0,-6.449161570773927,Linear
8801,hydro_prod,Lindesberg,2011.0,65047.0,-0.7091450453141596,Linear
8802,hydro_prod,Lindesberg,2012.0,71476.0,8.744857698162264,Linear
8803,hydro_prod,Lindesberg,2013.0,77905.0,18.136757718437988,Linear
8804,hydro_prod,Lindesberg,2014.0,84334.0,27.467164935317584,Linear
8805,hydro_prod,Lindesberg,2015.0,90763.0,36.73668130785261,Linear
8806,hydro_prod,Lindesberg,2016.0,63418.0,-4.769969263701724,Linear
8807,hydro_prod,Lindesberg,2017.0,61796.0,-7.5064323202783045,Linear
8808,hydro_prod,Lindesberg,2018.0,46140.0,-31.162814453623817,Linear
8809,hydro_prod,Lindesberg,2019.0,65984.0,-1.8742389600909843,Linear
8810,hydro_prod,Lindesberg,2020.0,62667.0,-7.106207784897281,Linear
8811,hydro_prod,Lindesberg,2021.0,82610.0,22.06419068640899,Linear
8812,hydro_prod,Lindesberg,2022.0,50211.0,-26.04511963118349,Linear
8813,hydro_prod,Linköping,2005.0,138548.0,-23.663526963480752,Linear
8814,hydro_prod,Linköping,2006.0,142139.0,-19.37405199189668,Linear
8815,hydro_prod,Linköping,2007.0,221399.0,29.403284086873487,Linear
8816,hydro_prod,Linköping,2008.0,173410.0,4.533027465753345,Linear
8817,hydro_prod,Linköping,2009.0,141441.0,-11.977897575718403,Linear
8818,hydro_prod,Linköping,2010.0,185277.0,19.159965492386462,Linear
8819,hydro_prod,Linköping,2011.0,187672.0,24.878361323889884,Linear
8820,hydro_prod,Linköping,2012.0,168600.8,16.210903778272577,Linear
8821,hydro_prod,Linköping,2013.0,149529.6,6.898763208748653,Linear
8822,hydro_prod,Linköping,2014.0,130458.4,-3.1327656733213916,Linear
8823,hydro_prod,Linköping,2015.0,111387.2,-13.970394285181891,Linear
8824,hydro_prod,Linköping,2016.0,92316.0,-25.71535306622325,Linear
8825,hydro_prod,Linköping,2017.0,108154.5,-9.16822746920821,Linear
8826,hydro_prod,Linköping,2018.0,123993.0,8.890806994802093,Linear
8827,hydro_prod,Linköping,2019.0,81038.0,-25.425390983507867,Linear
8828,hydro_prod,Linköping,2020.0,107162.0,3.5732799114270417,Linear
8829,hydro_prod,Linköping,2021.0,116098.0,18.15050409482538,Linear
8830,hydro_prod,Linköping,2022.0,92391.0,-0.7196396994243536,Linear
8831,hydro_prod,Ljungby,2005.0,31832.0,-20.022533035890085,Linear
8832,hydro_prod,Ljungby,2006.0,32993.0,-16.033032911176505,Linear
8833,hydro_prod,Ljungby,2007.0,44853.0,15.646848395024184,Linear
8834,hydro_prod,Ljungby,2008.0,50290.0,31.38754913483803,Linear
8835,hydro_prod,Ljungby,2009.0,27619.0,-26.871373617126327,Linear
8836,hydro_prod,Ljungby,2010.0,43301.0,16.215211918209725,Linear
8837,hydro_prod,Ljungby,2011.0,45802.0,24.628090261998054,Linear
8838,hydro_prod,Ljungby,2012.0,43981.0,21.35178098654025,Linear
8839,hydro_prod,Ljungby,2013.0,25138.0,-29.652803643135755,Linear
8840,hydro_prod,Ljungby,2014.0,42669.0,21.129928914179448,Linear
8841,hydro_prod,Ljungby,2015.0,35634.0,2.640075814196359,Linear
8842,hydro_prod,Ljungby,2016.0,26517.0,-22.48543715680023,Linear
8843,hydro_prod,Ljungby,2017.0,26632.0,-20.97488369426701,Linear
8844,hydro_prod,Ljungby,2018.0,23896.0,-28.00739997796869,Linear
8845,hydro_prod,Ljungby,2019.0,32288.0,-1.2113680645282476,Linear
8846,hydro_prod,Ljungby,2020.0,34821.0,8.221943458203146,Linear
8847,hydro_prod,Ljungby,2021.0,35187.0,11.115085845963135,Linear
8848,hydro_prod,Ljungby,2022.0,35187.0,12.92800713493087,Linear
8849,hydro_prod,Ljusdal,2005.0,506623.0,-9.282546238710246,Linear
8850,hydro_prod,Ljusdal,2006.0,524101.0,-5.465388110409282,Linear
8851,hydro_prod,Ljusdal,2007.0,434028.0,-21.134543848782663,Linear
8852,hydro_prod,Ljusdal,2008.0,488798.0,-10.522187207182792,Linear
8853,hydro_prod,Ljusdal,2009.0,657908.0,21.33664424890943,Linear
8854,hydro_prod,Ljusdal,2010.0,696531.0,29.42927007742606,Linear
8855,hydro_prod,Ljusdal,2011.0,640206.0,19.86758823920549,Linear
8856,hydro_prod,Ljusdal,2012.0,611225.0,15.31829835072475,Linear
8857,hydro_prod,Ljusdal,2013.0,469370.0,-10.761341591933956,Linear
8858,hydro_prod,Ljusdal,2014.0,476096.5,-8.77808669814512,Linear
8859,hydro_prod,Ljusdal,2015.0,482823.0,-6.763723392923906,Linear
8860,hydro_prod,Ljusdal,2016.0,489549.5,-4.7175139624996545,Linear
8861,hydro_prod,Ljusdal,2017.0,496276.0,-2.6386971814417333,Linear
8862,hydro_prod,Ljusdal,2018.0,481262.5,-4.825778454706404,Linear
8863,hydro_prod,Ljusdal,2019.0,466249.0,-7.048276321277531,Linear
8864,hydro_prod,Ljusdal,2020.0,499416.0,0.3766465184792062,Linear
8865,hydro_prod,Ljusdal,2021.0,559033.0,13.283670117782892,Linear
8866,hydro_prod,Ljusdal,2022.0,451441.0,-7.759867722934817,Linear
8867,hydro_prod,Ljusnarsberg,2005.0,14778.0,-41.841580412299486,Linear
8868,hydro_prod,Ljusnarsberg,2006.0,25185.0,0.22909708955219008,Linear
8869,hydro_prod,Ljusnarsberg,2007.0,18400.0,-25.940717294851535,Linear
8870,hydro_prod,Ljusnarsberg,2008.0,31682.0,28.985302245892193,Linear
8871,hydro_prod,Ljusnarsberg,2009.0,25843.0,6.43732766677134,Linear
8872,hydro_prod,Ljusnarsberg,2010.0,25952.0,8.144403843198392,Linear
8873,hydro_prod,Ljusnarsberg,2011.0,23657.0,-0.24486758067235528,Linear
8874,hydro_prod,Ljusnarsberg,2012.0,31769.0,35.57609011182608,Linear
8875,hydro_prod,Ljusnarsberg,2013.0,18053.0,-22.017700412678106,Linear
8876,hydro_prod,Ljusnarsberg,2014.0,29134.0,27.402670300405347,Linear
8877,hydro_prod,Ljusnarsberg,2015.0,32371.0,43.328501823726796,Linear
8878,hydro_prod,Ljusnarsberg,2016.0,23368.0,4.776517618773465,Linear
8879,hydro_prod,Ljusnarsberg,2017.0,21990.0,-0.13730374205303209,Linear
8880,hydro_prod,Ljusnarsberg,2018.0,15394.0,-29.183142070267177,Linear
8881,hydro_prod,Ljusnarsberg,2019.0,19872.0,-7.379482417704525,Linear
8882,hydro_prod,Ljusnarsberg,2020.0,19688.0,-7.012844224030252,Linear
8883,hydro_prod,Ljusnarsberg,2021.0,25312.0,21.166027727138,Linear
8884,hydro_prod,Ljusnarsberg,2022.0,11712.0,-43.16734705923409,Linear
8885,hydro_prod,Ludvika,2005.0,37577.0,-21.217441199675726,Linear
8886,hydro_prod,Ludvika,2006.0,52615.0,11.845986756684928,Linear
8887,hydro_prod,Ludvika,2007.0,32853.0,-29.177238967552327,Linear
8888,hydro_prod,Ludvika,2008.0,62887.0,37.509345557768995,Linear
8889,hydro_prod,Ludvika,2009.0,56413.0,25.144876810784,Linear
8890,hydro_prod,Ludvika,2010.0,50352.0,13.345628624441016,Linear
8891,hydro_prod,Ludvika,2011.0,40698.0,-7.015697429272476,Linear
8892,hydro_prod,Ludvika,2012.0,61752.0,43.2297762465303,Linear
8893,hydro_prod,Ludvika,2013.0,31508.0,-25.79229397821465,Linear
8894,hydro_prod,Ludvika,2014.0,31580.0,-24.457828951860346,Linear
8895,hydro_prod,Ludvika,2015.0,31652.0,-23.080898282681808,Linear
8896,hydro_prod,Ludvika,2016.0,31724.0,-21.659442170270317,Linear
8897,hydro_prod,Ludvika,2017.0,31796.0,-20.191265410519883,Linear
8898,hydro_prod,Ludvika,2018.0,31868.0,-18.67402608354297,Linear
8899,hydro_prod,Ludvika,2019.0,42535.0,10.392277268025865,Linear
8900,hydro_prod,Ludvika,2020.0,45695.0,20.64356103829122,Linear
8901,hydro_prod,Ludvika,2021.0,53171.0,42.85100475251398,Linear
8902,hydro_prod,Ludvika,2022.0,31697.0,-13.316979274516916,Linear
8903,hydro_prod,Lycksele,2005.0,1771644.0,21.243877607106597,Linear
8904,hydro_prod,Lycksele,2006.0,1171574.0,-19.69496464077291,Linear
8905,hydro_prod,Lycksele,2007.0,1635227.0,12.26435662037754,Linear
8906,hydro_prod,Lycksele,2008.0,1405044.0,-3.384755438717052,Linear
8907,hydro_prod,Lycksele,2009.0,1446632.0,-0.3661769694729833,Linear
8908,hydro_prod,Lycksele,2010.0,1446340.0,-0.2269550679844153,Linear
8909,hydro_prod,Lycksele,2011.0,1366178.0,-5.605795719576544,Linear
8910,hydro_prod,Lycksele,2012.0,1681738.0,16.38384677238594,Linear
8911,hydro_prod,Lycksele,2013.0,1208212.0,-16.251900375927104,Linear
8912,hydro_prod,Lycksele,2014.0,1238849.0,-13.99003743575746,Linear
8913,hydro_prod,Lycksele,2015.0,1604746.0,11.59285254969315,Linear
8914,hydro_prod,Lycksele,2016.0,1195245.0,-16.74931120555947,Linear
8915,hydro_prod,Lycksele,2017.0,1415781.0,-1.2291173604853012,Linear
8916,hydro_prod,Lycksele,2018.0,1401463.0,-2.069587674379585,Linear
8917,hydro_prod,Lycksele,2019.0,1469354.0,2.841077418760392,Linear
8918,hydro_prod,Lycksele,2020.0,1448123.5,1.5198938795815526,Linear
8919,hydro_prod,Lycksele,2021.0,1426893.0,0.19440816142028458,Linear
8920,hydro_prod,Lycksele,2022.0,1614219.0,13.53302409515129,Linear
8921,hydro_prod,Malung,2005.0,109187.0,1.3857848168643465,Linear
8922,hydro_prod,Malung,2006.0,108217.0,-1.067480384359558,Linear
8923,hydro_prod,Malung,2007.0,86068.0,-22.513431905171224,Linear
8924,hydro_prod,Malung,2008.0,113795.0,0.9135742192835913,Linear
8925,hydro_prod,Malung,2009.0,112516.0,-1.69401661184828,Linear
8926,hydro_prod,Malung,2010.0,125076.0,7.689563341124031,Linear
8927,hydro_prod,Malung,2011.0,108055.0,-8.299768201361305,Linear
8928,hydro_prod,Malung,2012.0,120042.66666666669,0.43301104905210863,Linear
8929,hydro_prod,Malung,2013.0,132030.33333333334,8.92227209916931,Linear
8930,hydro_prod,Malung,2014.0,144018.0,17.178060833631335,Linear
8931,hydro_prod,Malung,2015.0,131036.0,5.169266815409933,Linear
8932,hydro_prod,Malung,2016.0,131685.4,4.276020731195101,Linear
8933,hydro_prod,Malung,2017.0,132334.8,3.406367491683763,Linear
8934,hydro_prod,Malung,2018.0,132984.2,2.5593845617739097,Linear
8935,hydro_prod,Malung,2019.0,133633.6,1.7341968852077991,Linear
8936,hydro_prod,Malung,2020.0,134283.0,0.9299738689659313,Linear
8937,hydro_prod,Malung,2021.0,121061.0,-10.149333892597026,Linear
8938,hydro_prod,Malung,2022.0,121061.0,-11.262424652217684,Linear
8939,hydro_prod,Malå,2005.0,874848.0,11.432422640357725,Linear
8940,hydro_prod,Malå,2006.0,754586.0,-4.193677792785929,Linear
8941,hydro_prod,Malå,2007.0,816830.0,3.377974529676917,Linear
8942,hydro_prod,Malå,2008.0,896579.0,13.109802412624658,Linear
8943,hydro_prod,Malå,2009.0,731504.0,-8.008409115221234,Linear
8944,hydro_prod,Malå,2010.0,808896.0,1.4023985531136605,Linear
8945,hydro_prod,Malå,2011.0,615752.0,-23.05332958891504,Linear
8946,hydro_prod,Malå,2012.0,968197.0,20.609220958917717,Linear
8947,hydro_prod,Malå,2013.0,665037.0,-17.415288217990145,Linear
8948,hydro_prod,Malå,2014.0,724362.0,-10.329241878384504,Linear
8949,hydro_prod,Malå,2015.0,820056.0,1.2008740435738139,Linear
8950,hydro_prod,Malå,2016.0,878401.0,8.06457651248342,Linear
8951,hydro_prod,Malå,2017.0,819425.0,0.49714182067675156,Linear
8952,hydro_prod,Malå,2018.0,787237.0,-3.7483632194261554,Linear
8953,hydro_prod,Malå,2019.0,718506.0,-12.421947476839449,Linear
8954,hydro_prod,Malå,2020.0,820536.5,-0.29219503942124636,Linear
8955,hydro_prod,Malå,2021.0,922567.0,11.763402828121826,Linear
8956,hydro_prod,Malå,2022.0,894404.0,8.021434469944296,Linear
8957,hydro_prod,Mariestad,2005.0,8046.0,-8.907719697115107,Linear
8958,hydro_prod,Mariestad,2006.0,7563.0,-14.110541062031478,Linear
8959,hydro_prod,Mariestad,2007.0,2781.0,-68.31927221965738,Linear
8960,hydro_prod,Mariestad,2008.0,9838.0,12.422586561044687,Linear
8961,hydro_prod,Mariestad,2009.0,9807.0,12.419008306339926,Linear
8962,hydro_prod,Mariestad,2010.0,9278.0,6.6888452948124195,Linear
8963,hydro_prod,Mariestad,2011.0,11728.0,35.28634222961067,Linear
8964,hydro_prod,Mariestad,2012.0,11396.0,31.87184883825953,Linear
8965,hydro_prod,Mariestad,2013.0,5098.0,-40.820202365317286,Linear
8966,hydro_prod,Mariestad,2014.0,12972.0,51.063288811725236,Linear
8967,hydro_prod,Mariestad,2015.0,11650.333333333334,36.1046886094856,Linear
8968,hydro_prod,Mariestad,2016.0,10328.666666666666,21.050378766300557,Linear
8969,hydro_prod,Mariestad,2017.0,9007.0,5.899437765323956,Linear
8970,hydro_prod,Mariestad,2018.0,5964.0,-29.652737712229033,Linear
8971,hydro_prod,Mariestad,2019.0,8291.0,-1.8891456798567061,Linear
8972,hydro_prod,Mariestad,2020.0,8072.0,-4.171121981332409,Linear
8973,hydro_prod,Mariestad,2021.0,7022.0,-16.365446252786274,Linear
8974,hydro_prod,Mariestad,2022.0,5972.0,-28.639320446355477,Linear
8975,hydro_prod,Mark,2005.0,63307.0,-14.356281921587163,Linear
8976,hydro_prod,Mark,2006.0,69608.0,-5.062325328677778,Linear
8977,hydro_prod,Mark,2007.0,95614.0,31.481786847174632,Linear
8978,hydro_prod,Mark,2008.0,96730.0,34.12183136379224,Linear
8979,hydro_prod,Mark,2009.0,58607.0,-18.056983279748547,Linear
8980,hydro_prod,Mark,2010.0,24881.0,-64.91795050128145,Linear
8981,hydro_prod,Mark,2011.0,89078.0,26.66985333338532,Linear
8982,hydro_prod,Mark,2012.0,87006.0,24.786971340549716,Linear
8983,hydro_prod,Mark,2013.0,49441.0,-28.47520687686685,Linear
8984,hydro_prod,Mark,2014.0,77477.0,13.063944639110517,Linear
8985,hydro_prod,Mark,2015.0,74472.0,9.637608048560637,Linear
8986,hydro_prod,Mark,2016.0,56774.0,-15.673312925611317,Linear
8987,hydro_prod,Mark,2017.0,73864.0,10.695966374205634,Linear
8988,hydro_prod,Mark,2018.0,52437.0,-20.703270144616788,Linear
8989,hydro_prod,Mark,2019.0,67744.0,3.3814028207333884,Linear
8990,hydro_prod,Mark,2020.0,72625.0,11.853146772750305,Linear
8991,hydro_prod,Mark,2021.0,77506.0,20.482749062079915,Linear
8992,hydro_prod,Mark,2022.0,51672.0,-18.920698588273623,Linear
8993,hydro_prod,Markaryd,2005.0,174047.0,-13.887939507640231,Linear
8994,hydro_prod,Markaryd,2006.0,171749.0,-13.60833219493956,Linear
8995,hydro_prod,Markaryd,2007.0,231041.0,18.186428149601486,Linear
8996,hydro_prod,Markaryd,2008.0,218137.0,13.509872470602621,Linear
8997,hydro_prod,Markaryd,2009.0,155354.0,-17.74133295098442,Linear
8998,hydro_prod,Markaryd,2010.0,210955.0,13.694049262235323,Linear
8999,hydro_prod,Markaryd,2011.0,222806.0,22.26497183536579,Linear
9000,hydro_prod,Markaryd,2012.0,204473.8,14.283560150036081,Linear
9001,hydro_prod,Markaryd,2013.0,186141.6,6.000885665924385,Linear
9002,hydro_prod,Markaryd,2014.0,167809.4,-2.6004367185740738,Linear
9003,hydro_prod,Markaryd,2015.0,149477.2,-11.539156006840802,Linear
9004,hydro_prod,Markaryd,2016.0,131145.0,-20.83552153139206,Linear
9005,hydro_prod,Markaryd,2017.0,124895.5,-23.068934255139016,Linear
9006,hydro_prod,Markaryd,2018.0,118646.0,-25.39543226669105,Linear
9007,hydro_prod,Markaryd,2019.0,166091.0,6.660697751331,Linear
9008,hydro_prod,Markaryd,2020.0,166091.0,8.980095610964845,Linear
9009,hydro_prod,Markaryd,2021.0,166091.0,11.402609042990166,Linear
9010,hydro_prod,Markaryd,2022.0,166091.0,13.935270832520223,Linear
9011,hydro_prod,Mellerud,2005.0,29373.0,-5.871863215291217,Linear
9012,hydro_prod,Mellerud,2006.0,31878.0,2.258673862904722,Linear
9013,hydro_prod,Mellerud,2007.0,34682.0,11.365737921862511,Linear
9014,hydro_prod,Mellerud,2008.0,37538.0,20.65835868171191,Linear
9015,hydro_prod,Mellerud,2010.0,13223.333333333334,-57.41014144379534,Linear
9016,hydro_prod,Mellerud,2011.0,26446.666666666668,-14.733910486164453,Linear
9017,hydro_prod,Mellerud,2012.0,39670.0,28.028955884944363,Linear
9018,hydro_prod,Mellerud,2013.0,33967.0,9.73476572410347,Linear
9019,hydro_prod,Mellerud,2014.0,36337.0,17.510754066881795,Linear
9020,hydro_prod,Mellerud,2015.0,37192.0,20.398207565978975,Linear
9021,hydro_prod,Mellerud,2016.0,28323.0,-8.219137477366676,Linear
9022,hydro_prod,Mellerud,2017.0,21057.0,-31.695042610070317,Linear
9023,hydro_prod,Mellerud,2018.0,26757.0,-13.116672868873652,Linear
9024,hydro_prod,Mellerud,2019.0,33173.0,7.827000385278779,Linear
9025,hydro_prod,Mellerud,2020.0,34483.5,12.201411023901217,Linear
9026,hydro_prod,Mellerud,2021.0,35794.0,16.58478386145643,Linear
9027,hydro_prod,Mellerud,2022.0,25910.0,-15.521894514153173,Linear
9028,hydro_prod,Mjölby,2005.0,33442.0,-15.85429000123203,Linear
9029,hydro_prod,Mjölby,2006.0,32021.0,-17.207994563133155,Linear
9030,hydro_prod,Mjölby,2007.0,48603.0,29.229222791006798,Linear
9031,hydro_prod,Mjölby,2008.0,36960.0,1.1400446149598964,Linear
9032,hydro_prod,Mjölby,2009.0,28473.0,-19.74206012430113,Linear
9033,hydro_prod,Mjölby,2010.0,40477.0,17.630345333251903,Linear
9034,hydro_prod,Mjölby,2011.0,38212.0,14.59997019513139,Linear
9035,hydro_prod,Mjölby,2012.0,41670.0,29.100065953266924,Linear
9036,hydro_prod,Mjölby,2013.0,28941.0,-7.272371610847318,Linear
9037,hydro_prod,Mjölby,2014.0,31919.0,5.887568561831115,Linear
9038,hydro_prod,Mjölby,2015.0,36902.0,26.908196579231287,Linear
9039,hydro_prod,Mjölby,2016.0,17228.0,-38.496001155368596,Linear
9040,hydro_prod,Mjölby,2017.0,13152.0,-51.1888468269462,Linear
9041,hydro_prod,Mjölby,2018.0,29430.0,13.725346162856072,Linear
9042,hydro_prod,Mjölby,2019.0,17951.0,-27.65080814763718,Linear
9043,hydro_prod,Mjölby,2020.0,23607.0,-0.5815336163400078,Linear
9044,hydro_prod,Mjölby,2021.0,28099.0,23.90116277085689,Linear
9045,hydro_prod,Mjölby,2022.0,25108.0,16.17600979311507,Linear
9046,hydro_prod,Mora,2005.0,158891.0,-9.403785464345688,Linear
9047,hydro_prod,Mora,2006.0,170845.0,-2.2934603333015153,Linear
9048,hydro_prod,Mora,2007.0,141948.0,-18.57360436883708,Linear
9049,hydro_prod,Mora,2008.0,191937.0,10.436643928861589,Linear
9050,hydro_prod,Mora,2009.0,192885.0,11.320598733960116,Linear
9051,hydro_prod,Mora,2010.0,179830.75,4.1040568486525295,Linear
9052,hydro_prod,Mora,2011.0,166776.5,-3.1567760492870467,Linear
9053,hydro_prod,Mora,2012.0,153722.25,-10.462308964387816,Linear
9054,hydro_prod,Mora,2013.0,140668.0,-17.81295595265354,Linear
9055,hydro_prod,Mora,2014.0,204042.0,19.583331980465065,Linear
9056,hydro_prod,Mora,2015.0,230404.0,35.4528942781373,Linear
9057,hydro_prod,Mora,2016.0,168590.0,-0.5782338451167438,Linear
9058,hydro_prod,Mora,2017.0,151059.0,-10.638206778822697,Linear
9059,hydro_prod,Mora,2018.0,174716.0,3.6806710431465293,Linear
9060,hydro_prod,Mora,2019.0,198373.0,18.089641713287865,Linear
9061,hydro_prod,Mora,2020.0,200042.0,19.458993833316367,Linear
9062,hydro_prod,Mora,2021.0,142153.0,-14.841806438741076,Linear
9063,hydro_prod,Mora,2022.0,109168.0,-34.394105111291424,Linear
9064,hydro_prod,Motala,2005.0,52611.0,-30.030908103747038,Linear
9065,hydro_prod,Motala,2006.0,52267.0,-28.844334177168758,Linear
9066,hydro_prod,Motala,2007.0,93934.0,30.978489346020773,Linear
9067,hydro_prod,Motala,2008.0,78660.0,12.403875392601119,Linear
9068,hydro_prod,Motala,2009.0,63337.0,-7.188291503111914,Linear
9069,hydro_prod,Motala,2010.0,60979.0,-8.309344613005141,Linear
9070,hydro_prod,Motala,2011.0,74953.0,15.725688265871856,Linear
9071,hydro_prod,Motala,2012.0,80325.0,27.438325586988356,Linear
9072,hydro_prod,Motala,2013.0,66795.0,8.976265330596574,Linear
9073,hydro_prod,Motala,2014.0,63945.0,7.369828516937487,Linear
9074,hydro_prod,Motala,2015.0,61095.0,5.666851526814767,Linear
9075,hydro_prod,Motala,2016.0,58245.0,3.858362272533898,Linear
9076,hydro_prod,Motala,2017.0,55395.0,1.9342413468916062,Linear
9077,hydro_prod,Motala,2018.0,52545.0,-0.11696742744139814,Linear
9078,hydro_prod,Motala,2019.0,49695.0,-2.308285270176545,Linear
9079,hydro_prod,Motala,2020.0,46845.0,-4.65457514653912,Linear
9080,hydro_prod,Motala,2021.0,43132.0,-8.993763636675776,Linear
9081,hydro_prod,Motala,2022.0,32883.0,-27.978544931684397,Linear
9082,hydro_prod,Mullsjö,2005.0,1325.0,66.2909739228423,Linear
9083,hydro_prod,Mullsjö,2006.0,130.0,-84.19493327606082,Linear
9084,hydro_prod,Mullsjö,2008.0,126.0,-85.5830444937151,Linear
9085,hydro_prod,Mullsjö,2009.0,252.0,-71.99053501770369,Linear
9086,hydro_prod,Mullsjö,2010.0,1102.5,19.13499071901413,Linear
9087,hydro_prod,Mullsjö,2011.0,1953.0,105.3313058598416,Linear
9088,hydro_prod,Mullsjö,2012.0,1712.3333333333333,75.28761360038988,Linear
9089,hydro_prod,Mullsjö,2013.0,1471.6666666666667,46.78566401682012,Linear
9090,hydro_prod,Mullsjö,2014.0,1231.0,19.709750271146188,Linear
9091,hydro_prod,Mullsjö,2015.0,990.3333333333334,-6.044538751113851,Linear
9092,hydro_prod,Mullsjö,2016.0,749.6666666666667,-30.571664013169187,Linear
9093,hydro_prod,Mullsjö,2017.0,509.0,-53.957294029926864,Linear
9094,hydro_prod,Mullsjö,2018.0,916.5,-18.98130188746864,Linear
9095,hydro_prod,Mullsjö,2019.0,1324.0,14.439291953832297,Linear
9096,hydro_prod,Mullsjö,2020.0,1224.0,3.494614575390377,Linear
9097,hydro_prod,Mullsjö,2021.0,1542.0,27.60726218067338,Linear
9098,hydro_prod,Mullsjö,2022.0,871.0,-29.423401539211742,Linear
9099,hydro_prod,Munkedal,2005.0,10788.0,-15.517388776243582,Linear
9100,hydro_prod,Munkedal,2006.0,10788.0,-12.726465841383803,Linear
9101,hydro_prod,Munkedal,2007.0,12118.0,1.382274595419611,Linear
9102,hydro_prod,Munkedal,2008.0,13100.0,13.47469753486313,Linear
9103,hydro_prod,Munkedal,2009.0,13300.0,19.431743507822873,Linear
9104,hydro_prod,Munkedal,2010.0,9783.0,-8.806275868971703,Linear
9105,hydro_prod,Munkedal,2011.0,11220.0,8.72771568085509,Linear
9106,hydro_prod,Munkedal,2012.0,13180.0,32.98355362728282,Linear
9107,hydro_prod,Munkedal,2013.0,7314.0,-23.03194812571518,Linear
9108,hydro_prod,Munkedal,2014.0,7715.0,-15.166531792194501,Linear
9109,hydro_prod,Munkedal,2015.0,8614.0,-0.8281453466829857,Linear
9110,hydro_prod,Munkedal,2016.0,8867.666666666666,7.128783385522119,Linear
9111,hydro_prod,Munkedal,2017.0,9121.333333333334,15.911526902966378,Linear
9112,hydro_prod,Munkedal,2018.0,9375.0,25.655683322785283,Linear
9113,hydro_prod,Munkedal,2019.0,3381.0,-52.05960999691578,Linear
9114,hydro_prod,Munkfors,2005.0,184543.0,-6.322382527061447,Linear
9115,hydro_prod,Munkfors,2006.0,193750.0,-1.4674695541204792,Linear
9116,hydro_prod,Munkfors,2007.0,175360.0,-10.655134029229146,Linear
9117,hydro_prod,Munkfors,2008.0,211251.0,7.8302119252889995,Linear
9118,hydro_prod,Munkfors,2009.0,209894.0,7.336101117223364,Linear
9119,hydro_prod,Munkfors,2010.0,196600.0,0.7244497184727516,Linear
9120,hydro_prod,Munkfors,2011.0,202716.0,4.051061051784826,Linear
9121,hydro_prod,Munkfors,2012.0,198545.2,2.1001723406732236,Linear
9122,hydro_prod,Munkfors,2013.0,194374.4,0.14199870141561513,Linear
9123,hydro_prod,Munkfors,2014.0,190203.6,-1.823500746933487,Linear
9124,hydro_prod,Munkfors,2015.0,186032.8,-3.796367191775497,Linear
9125,hydro_prod,Munkfors,2016.0,181862.0,-5.776642129844841,Linear
9126,hydro_prod,Munkfors,2017.0,199147.0,3.372871202079026,Linear
9127,hydro_prod,Munkfors,2018.0,204380.5,6.289411103214639,Linear
9128,hydro_prod,Munkfors,2019.0,209614.0,9.216965213754145,Linear
9129,hydro_prod,Munkfors,2020.0,209451.0,9.338492405023267,Linear
9130,hydro_prod,Munkfors,2021.0,191276.0,0.039958458575015045,Linear
9131,hydro_prod,Munkfors,2022.0,151516.0,-20.604578872935736,Linear
9132,hydro_prod,Mönsterås,2007.0,14559.0,-18.791500936347067,Linear
9133,hydro_prod,Mönsterås,2008.0,15246.0,-14.590641786168156,Linear
9134,hydro_prod,Mönsterås,2009.0,15933.0,-10.353182862316295,Linear
9135,hydro_prod,Mönsterås,2010.0,16620.0,-6.078643761521358,Linear
9136,hydro_prod,Mönsterås,2011.0,16291.0,-7.5332889608507525,Linear
9137,hydro_prod,Mönsterås,2012.0,23675.0,34.970971054892885,Linear
9138,hydro_prod,Mönsterås,2013.0,19272.0,10.356609989539473,Linear
9139,hydro_prod,Mönsterås,2014.0,25414.0,46.17540486941198,Linear
9140,hydro_prod,Mönsterås,2015.0,19669.0,13.637556982672308,Linear
9141,hydro_prod,Mönsterås,2016.0,18101.0,5.048340220384307,Linear
9142,hydro_prod,Mönsterås,2017.0,18078.0,5.3883960835043165,Linear
9143,hydro_prod,Mönsterås,2018.0,10589.0,-37.98996233334518,Linear
9144,hydro_prod,Mönsterås,2019.0,16029.0,-5.705353322466591,Linear
9145,hydro_prod,Mönsterås,2020.0,15405.0,-8.961544217449667,Linear
9146,hydro_prod,Mönsterås,2021.0,18953.0,12.520798559933422,Linear
9147,hydro_prod,Mönsterås,2022.0,13722.0,-18.158591104324685,Linear
9148,hydro_prod,Nora,2005.0,21690.0,-25.65811983285964,Linear
9149,hydro_prod,Nora,2006.0,20139.0,-29.780372628700487,Linear
9150,hydro_prod,Nora,2007.0,20993.0,-25.514511754517144,Linear
9151,hydro_prod,Nora,2008.0,29435.0,6.309549017034331,Linear
9152,hydro_prod,Nora,2009.0,36243.0,33.285479628360264,Linear
9153,hydro_prod,Nora,2010.0,27445.0,2.8056359506303563,Linear
9154,hydro_prod,Nora,2011.0,31550.0,20.419823612164418,Linear
9155,hydro_prod,Nora,2012.0,43175.0,67.96994553257095,Linear
9156,hydro_prod,Nora,2013.0,22147.0,-12.142974082343274,Linear
9157,hydro_prod,Nora,2014.0,27003.0,9.270804174756629,Linear
9158,hydro_prod,Nora,2015.0,29433.0,21.543623071359857,Linear
9159,hydro_prod,Nora,2016.0,21116.0,-10.978058206173854,Linear
9160,hydro_prod,Nora,2017.0,23687.0,1.9936590077639242,Linear
9161,hydro_prod,Nora,2018.0,18560.0,-18.338579792977782,Linear
9162,hydro_prod,Nora,2019.0,19636.0,-11.6768170818299,Linear
9163,hydro_prod,Nora,2020.0,20421.0,-6.049813193520491,Linear
9164,hydro_prod,Nora,2021.0,21456.0,1.017022774529475,Linear
9165,hydro_prod,Nora,2022.0,15151.0,-26.961951341627667,Linear
9166,hydro_prod,Norberg,2008.0,451.0,-12.61085736795453,Linear
9167,hydro_prod,Norberg,2009.0,407.5,-15.333375191929777,Linear
9168,hydro_prod,Norberg,2010.0,364.0,-18.48005315876121,Linear
9169,hydro_prod,Norberg,2011.0,389.0,-5.521415083633642,Linear
9170,hydro_prod,Norberg,2012.0,643.0,70.5794038335428,Linear
9171,hydro_prod,Norberg,2013.0,387.0,13.102473725207343,Linear
9172,hydro_prod,Norberg,2014.0,338.625,10.16328828829551,Linear
9173,hydro_prod,Norberg,2015.0,290.25,6.474044362927413,Linear
9174,hydro_prod,Norberg,2016.0,241.875,1.705635006817592,Linear
9175,hydro_prod,Norberg,2017.0,193.5,-4.696569920842376,Linear
9176,hydro_prod,Norberg,2018.0,145.125,-13.745836326821967,Linear
9177,hydro_prod,Norberg,2019.0,96.75,-27.51168104069151,Linear
9178,hydro_prod,Norberg,2020.0,48.375,-50.981292801060405,Linear
9179,hydro_prod,Nordanstig,2006.0,12910.0,24.743324118006377,Linear
9180,hydro_prod,Nordanstig,2007.0,9242.0,-11.687308559003167,Linear
9181,hydro_prod,Nordanstig,2008.0,11531.0,8.979152616164692,Linear
9182,hydro_prod,Nordanstig,2009.0,13830.0,29.291503576479577,Linear
9183,hydro_prod,Nordanstig,2010.0,11375.0,5.201394026142823,Linear
9184,hydro_prod,Nordanstig,2011.0,14195.0,29.89056807779726,Linear
9185,hydro_prod,Nordanstig,2012.0,15652.0,41.72060051124466,Linear
9186,hydro_prod,Nordanstig,2013.0,5715.0,-48.79078931720526,Linear
9187,hydro_prod,Nordanstig,2015.0,2288.5,-79.91094149361957,Linear
9188,hydro_prod,Nordanstig,2016.0,4577.0,-60.22631658145219,Linear
9189,hydro_prod,Nordanstig,2017.0,6865.5,-40.93403386980625,Linear
9190,hydro_prod,Nordanstig,2018.0,9154.0,-22.022479205842092,Linear
9191,hydro_prod,Nordanstig,2019.0,15770.0,33.022734144632786,Linear
9192,hydro_prod,Nordanstig,2020.0,15770.0,31.735552266683843,Linear
9193,hydro_prod,Nordanstig,2021.0,15770.0,30.473042240762638,Linear
9194,hydro_prod,Nordanstig,2022.0,15770.0,29.234501459776794,Linear
9195,hydro_prod,Nordmaling,2005.0,5000.0,-66.47066248711405,Linear
9196,hydro_prod,Nordmaling,2006.0,7315.0,-49.93670209794711,Linear
9197,hydro_prod,Nordmaling,2007.0,11583.0,-19.060513170428354,Linear
9198,hydro_prod,Nordmaling,2008.0,17198.0,22.756227179313257,Linear
9199,hydro_prod,Nordmaling,2009.0,19067.0,39.08311730105679,Linear
9200,hydro_prod,Nordmaling,2010.0,17118.0,27.667597282842905,Linear
9201,hydro_prod,Nordmaling,2011.0,19656.0,49.96056350248641,Linear
9202,hydro_prod,Nordmaling,2012.0,23189.0,81.0702058350193,Linear
9203,hydro_prod,Nordmaling,2013.0,14471.0,15.714090847088407,Linear
9204,hydro_prod,Nordmaling,2014.0,10718.0,-12.183619515045521,Linear
9205,hydro_prod,Nordmaling,2015.0,10817.0,-9.132918556927388,Linear
9206,hydro_prod,Nordmaling,2016.0,8615.0,-25.754454358861523,Linear
9207,hydro_prod,Nordmaling,2017.0,18601.0,64.57306722481361,Linear
9208,hydro_prod,Nordmaling,2018.0,10610.0,-3.5609475393995274,Linear
9209,hydro_prod,Nordmaling,2019.0,5148.0,-51.8921481725792,Linear
9210,hydro_prod,Nordmaling,2020.0,10398.0,-0.02062094253380833,Linear
9211,hydro_prod,Nordmaling,2021.0,3095.0,-69.35441283253031,Linear
9212,hydro_prod,Norrköping,2005.0,170054.0,-25.35275410798466,Linear
9213,hydro_prod,Norrköping,2006.0,177916.0,-19.466021858130038,Linear
9214,hydro_prod,Norrköping,2007.0,242781.0,13.432799495025188,Linear
9215,hydro_prod,Norrköping,2008.0,218181.0,5.329724646056113,Linear
9216,hydro_prod,Norrköping,2009.0,185916.0,-7.158621641899933,Linear
9217,hydro_prod,Norrköping,2010.0,233031.0,20.515719147886198,Linear
9218,hydro_prod,Norrköping,2011.0,229698.0,23.181113076912947,Linear
9219,hydro_prod,Norrköping,2012.0,209293.0,16.544505962280386,Linear
9220,hydro_prod,Norrköping,2013.0,196424.0,13.742181599782342,Linear
9221,hydro_prod,Norrköping,2014.0,188583.0,13.739484883008627,Linear
9222,hydro_prod,Norrköping,2015.0,207929.0,30.84467365445629,Linear
9223,hydro_prod,Norrköping,2016.0,104889.0,-31.004573695972198,Linear
9224,hydro_prod,Norrköping,2017.0,89317.0,-38.45868306428917,Linear
9225,hydro_prod,Norrköping,2018.0,102580.0,-25.797682774572817,Linear
9226,hydro_prod,Norrköping,2019.0,115843.0,-11.808501932266731,Linear
9227,hydro_prod,Norrköping,2020.0,129106.0,3.729424205333562,Linear
9228,hydro_prod,Norrköping,2021.0,142259.0,20.99480202392013,Linear
9229,hydro_prod,Norrköping,2022.0,102654.0,-7.2555101045374135,Linear
9230,hydro_prod,Norsjö,2005.0,776721.0,17.473363710115503,Linear
9231,hydro_prod,Norsjö,2006.0,605064.0,-16.063756417423118,Linear
9232,hydro_prod,Norsjö,2007.0,696449.0,-10.772731423655353,Linear
9233,hydro_prod,Norsjö,2008.0,755306.0,-10.104686118458542,Linear
9234,hydro_prod,Norsjö,2009.0,630336.0,-29.953217137992795,Linear
9235,hydro_prod,Norsjö,2010.0,689557.0,-28.13753330476933,Linear
9236,hydro_prod,Norsjö,2011.0,648252.0,-36.39745483013207,Linear
9237,hydro_prod,Norsjö,2012.0,1844191.0,70.93319700211748,Linear
9238,hydro_prod,Norsjö,2013.0,1418011.0,24.543358542271076,Linear
9239,hydro_prod,Norsjö,2014.0,1288582.0,7.5395106900748505,Linear
9240,hydro_prod,Norsjö,2015.0,1518646.0,20.727435217186414,Linear
9241,hydro_prod,Norsjö,2016.0,1552261.0,17.81104388367472,Linear
9242,hydro_prod,Norsjö,2017.0,1453948.0,5.5683340192967785,Linear
9243,hydro_prod,Norsjö,2018.0,1370969.0,-4.59041677852428,Linear
9244,hydro_prod,Norsjö,2019.0,1266387.0,-15.382539618421212,Linear
9245,hydro_prod,Norsjö,2020.0,1401331.0,-9.956072667464898,Linear
9246,hydro_prod,Norsjö,2021.0,1536275.0,-4.93037404952755,Linear
9247,hydro_prod,Norsjö,2022.0,1578992.0,-5.76668056150064,Linear
9248,hydro_prod,Nybro,2008.0,1600.0,-47.100734528342215,Linear
9249,hydro_prod,Nybro,2009.0,1643.0,-45.128380473762974,Linear
9250,hydro_prod,Nybro,2010.0,1686.0,-43.11562681499051,Linear
9251,hydro_prod,Nybro,2011.0,3317.0,13.071101833305526,Linear
9252,hydro_prod,Nybro,2012.0,3902.0,34.40352714535645,Linear
9253,hydro_prod,Nybro,2013.0,4398.0,53.0887771694545,Linear
9254,hydro_prod,Nybro,2014.0,4398.0,54.7236031478129,Linear
9255,hydro_prod,Nybro,2015.0,3931.0,39.78711298658205,Linear
9256,hydro_prod,Nybro,2016.0,3571.333333333333,28.38309166711636,Linear
9257,hydro_prod,Nybro,2017.0,3211.6666666666665,16.727443280448682,Linear
9258,hydro_prod,Nybro,2018.0,2852.0,4.811746783695452,Linear
9259,hydro_prod,Nybro,2019.0,2812.0,4.5075657021500914,Linear
9260,hydro_prod,Nybro,2020.0,1488.0,-44.06771014658774,Linear
9261,hydro_prod,Nybro,2021.0,1686.0,-35.89365219327884,Linear
9262,hydro_prod,Nybro,2022.0,1686.0,-35.1451156886508,Linear
9263,hydro_prod,Nyköping,2007.0,9768.0,11.687360674336603,Linear
9264,hydro_prod,Nyköping,2008.0,14052.0,58.68536741876164,Linear
9265,hydro_prod,Nyköping,2009.0,7481.5,-16.544666857885893,Linear
9266,hydro_prod,Nyköping,2010.0,911.0,-89.96042871244786,Linear
9267,hydro_prod,Nyköping,2011.0,1290.0,-85.9530826234012,Linear
9268,hydro_prod,Nyköping,2012.0,11778.0,26.74156023161173,Linear
9269,hydro_prod,Nyköping,2013.0,11893.0,26.489743209354504,Linear
9270,hydro_prod,Nyköping,2014.0,12059.0,26.77989801170288,Linear
9271,hydro_prod,Nyköping,2015.0,12225.0,27.063453238609025,Linear
9272,hydro_prod,Nyköping,2016.0,12391.0,27.34063151938638,Linear
9273,hydro_prod,Nyköping,2017.0,12557.0,27.61164558116028,Linear
9274,hydro_prod,Nyköping,2018.0,12723.0,27.87669879335453,Linear
9275,hydro_prod,Nyköping,2019.0,6690.0,-33.491369060694,Linear
9276,hydro_prod,Nyköping,2020.0,9484.0,-6.729387780721094,Linear
9277,hydro_prod,Nyköping,2021.0,11220.0,9.168620202992212,Linear
9278,hydro_prod,Nyköping,2022.0,6541.0,-37.027632561612656,Linear
9279,hydro_prod,Nässjö,2011.0,247.0,-18.581752102439395,Linear
9280,hydro_prod,Nässjö,2012.0,247.0,-20.053266134508988,Linear
9281,hydro_prod,Nässjö,2013.0,278.0,-11.61685965724968,Linear
9282,hydro_prod,Nässjö,2014.0,335.0,4.647098658005093,Linear
9283,hydro_prod,Nässjö,2015.0,392.0,20.353399628564922,Linear
9284,hydro_prod,Nässjö,2016.0,449.0,35.53024119782641,Linear
9285,hydro_prod,Nässjö,2017.0,565.0,67.71785122422786,Linear
9286,hydro_prod,Nässjö,2018.0,316.0,-7.726236259061343,Linear
9287,hydro_prod,Nässjö,2019.0,157.0,-54.89064734228369,Linear
9288,hydro_prod,Nässjö,2020.0,236.0,-33.26302189761838,Linear
9289,hydro_prod,Nässjö,2021.0,412.0,14.695833590197957,Linear
9290,hydro_prod,Nässjö,2022.0,375.0,2.797497715610833,Linear
9291,hydro_prod,Ockelbo,2010.0,9387.0,-8.833341871366255,Linear
9292,hydro_prod,Ockelbo,2011.0,11465.0,11.63439912174619,Linear
9293,hydro_prod,Ockelbo,2012.0,14201.0,38.63105837928272,Linear
9294,hydro_prod,Ockelbo,2013.0,7747.0,-24.1779220416057,Linear
9295,hydro_prod,Ockelbo,2014.0,9624.0,-5.563223546867796,Linear
9296,hydro_prod,Ockelbo,2015.0,10646.0,4.736565568329346,Linear
9297,hydro_prod,Ockelbo,2016.0,9536.0,-5.939482230113184,Linear
9298,hydro_prod,Ockelbo,2017.0,8791.0,-13.06160818109694,Linear
9299,hydro_prod,Ockelbo,2018.0,7763.0,-23.02706130525363,Linear
9300,hydro_prod,Ockelbo,2019.0,10892.0,8.281496144711666,Linear
9301,hydro_prod,Ockelbo,2020.0,8626.0,-14.020048983311304,Linear
9302,hydro_prod,Ockelbo,2021.0,11423.0,14.159497101790079,Linear
9303,hydro_prod,Ockelbo,2022.0,11695.0,17.18694943622291,Linear
9304,hydro_prod,Olofström,2005.0,753.0,-68.77359931902978,Linear
9305,hydro_prod,Olofström,2006.0,1148.0,-51.36964832556219,Linear
9306,hydro_prod,Olofström,2007.0,2857.0,23.68446095099851,Linear
9307,hydro_prod,Olofström,2008.0,2313.0,2.3834223873419096,Linear
9308,hydro_prod,Olofström,2009.0,2318.0,4.962898475144011,Linear
9309,hydro_prod,Olofström,2010.0,2457.8,13.911286677505938,Linear
9310,hydro_prod,Olofström,2011.0,2597.6,23.29081224055128,Linear
9311,hydro_prod,Olofström,2012.0,2737.4,33.13340289792282,Linear
9312,hydro_prod,Olofström,2013.0,2877.2,43.474218702962474,Linear
9313,hydro_prod,Olofström,2014.0,3017.0,54.35207169478604,Linear
9314,hydro_prod,Olofström,2015.0,3114.0,63.56185634906358,Linear
9315,hydro_prod,Olofström,2016.0,1818.0,-1.8947298076192527,Linear
9316,hydro_prod,Olofström,2017.0,1939.0,7.581407892318961,Linear
9317,hydro_prod,Olofström,2018.0,1343.0,-23.32727076694104,Linear
9318,hydro_prod,Olofström,2019.0,1391.0,-18.2171311658922,Linear
9319,hydro_prod,Olofström,2020.0,1241.0,-24.791971165842387,Linear
9320,hydro_prod,Olofström,2021.0,1091.0,-31.784120715855096,Linear
9321,hydro_prod,Olofström,2022.0,627.0,-59.51126669612224,Linear
9322,hydro_prod,Orsa,2005.0,97944.0,-1.3238053238901497,Linear
9323,hydro_prod,Orsa,2006.0,101823.0,3.0367688841313125,Linear
9324,hydro_prod,Orsa,2007.0,81113.0,-17.556381263882486,Linear
9325,hydro_prod,Orsa,2008.0,92624.0,-5.437513925823682,Linear
9326,hydro_prod,Orsa,2009.0,112291.0,15.15363986586987,Linear
9327,hydro_prod,Orsa,2010.0,116563.0,20.071376580534217,Linear
9328,hydro_prod,Orsa,2011.0,86539.0,-10.45415112221242,Linear
9329,hydro_prod,Orsa,2012.0,100925.0,4.904953184459168,Linear
9330,hydro_prod,Orsa,2013.0,77109.0,-19.485356026496923,Linear
9331,hydro_prod,Orsa,2014.0,106982.0,12.217887438222167,Linear
9332,hydro_prod,Orsa,2015.0,124443.0,31.1331522438009,Linear
9333,hydro_prod,Orsa,2016.0,83057.0,-12.073843642527368,Linear
9334,hydro_prod,Orsa,2017.0,71707.0,-23.737248155771837,Linear
9335,hydro_prod,Orsa,2018.0,80816.0,-13.649137867554941,Linear
9336,hydro_prod,Orsa,2019.0,89925.0,-3.4665993430585185,Linear
9337,hydro_prod,Orsa,2020.0,108223.0,16.72236355355378,Linear
9338,hydro_prod,Orsa,2021.0,116048.0,25.753219494216918,Linear
9339,hydro_prod,Orsa,2022.0,71807.0,-21.818341921920652,Linear
9340,hydro_prod,Osby,2005.0,24063.0,-17.02157779822599,Linear
9341,hydro_prod,Osby,2006.0,25470.0,-10.731701732828782,Linear
9342,hydro_prod,Osby,2007.0,40032.0,42.64118573186938,Linear
9343,hydro_prod,Osby,2008.0,30528.0,10.617970894831307,Linear
9344,hydro_prod,Osby,2009.0,20683.0,-23.76489563380376,Linear
9345,hydro_prod,Osby,2010.0,26408.0,-0.9578899556231497,Linear
9346,hydro_prod,Osby,2011.0,32237.0,23.05952187074716,Linear
9347,hydro_prod,Osby,2012.0,28531.0,10.88989006227431,Linear
9348,hydro_prod,Osby,2013.0,16812.0,-33.44941442342156,Linear
9349,hydro_prod,Osby,2014.0,21764.5,-12.221679689633397,Linear
9350,hydro_prod,Osby,2015.0,26717.0,9.821283584465093,Linear
9351,hydro_prod,Osby,2016.0,20421.0,-14.415278010821886,Linear
9352,hydro_prod,Osby,2017.0,23445.0,0.22045831454629566,Linear
9353,hydro_prod,Osby,2018.0,19800.0,-13.636256729373358,Linear
9354,hydro_prod,Osby,2019.0,26069.0,16.0729716617913,Linear
9355,hydro_prod,Osby,2020.0,27092.0,23.190207644391023,Linear
9356,hydro_prod,Osby,2021.0,21737.0,0.9855210070463623,Linear
9357,hydro_prod,Osby,2022.0,18702.0,-11.187000147047538,Linear
9358,hydro_prod,Oskarshamn,2011.0,37.0,-3.932950061719224e-11,Linear
9359,hydro_prod,Oskarshamn,2012.0,74.0,0.0,Linear
9360,hydro_prod,Oskarshamn,2013.0,111.0,-1.3109833539067517e-11,Linear
9361,hydro_prod,Oskarshamn,2014.0,148.0,-9.83237515430096e-12,Linear
9362,hydro_prod,Oskarshamn,2015.0,185.0,0.0,Linear
9363,hydro_prod,Oskarshamn,2016.0,222.0,0.0,Linear
9364,hydro_prod,Oskarshamn,2017.0,259.0,0.0,Linear
9365,hydro_prod,Oskarshamn,2018.0,296.0,0.0,Linear
9366,hydro_prod,Oskarshamn,2019.0,333.0,0.0,Linear
9367,hydro_prod,Oskarshamn,2020.0,370.0,-3.932950061720617e-12,Linear
9368,hydro_prod,Oskarshamn,2021.0,407.0,0.0,Linear
9369,hydro_prod,Oskarshamn,2022.0,444.0,0.0,Linear
9370,hydro_prod,Ovanåker,2005.0,150763.0,-9.526187722486926,Linear
9371,hydro_prod,Ovanåker,2006.0,204029.0,21.48643565256396,Linear
9372,hydro_prod,Ovanåker,2007.0,102957.0,-39.168877633817914,Linear
9373,hydro_prod,Ovanåker,2008.0,167946.0,-1.5309921299936504,Linear
9374,hydro_prod,Ovanåker,2009.0,218981.0,27.41535580955963,Linear
9375,hydro_prod,Ovanåker,2010.0,203740.0,17.65277715426209,Linear
9376,hydro_prod,Ovanåker,2011.0,150772.0,-13.586449494719826,Linear
9377,hydro_prod,Ovanåker,2012.0,205268.0,16.772891989702135,Linear
9378,hydro_prod,Ovanåker,2013.0,150506.0,-15.011878808723262,Linear
9379,hydro_prod,Ovanåker,2014.0,214143.0,20.037121487140364,Linear
9380,hydro_prod,Ovanåker,2015.0,210322.0,17.038020538598587,Linear
9381,hydro_prod,Ovanåker,2016.0,135981.0,-24.876807908541785,Linear
9382,hydro_prod,Ovanåker,2017.0,145874.0,-19.988969362575347,Linear
9383,hydro_prod,Ovanåker,2018.0,163623.5,-10.892116166151233,Linear
9384,hydro_prod,Ovanåker,2019.0,181373.0,-1.9238159750269892,Linear
9385,hydro_prod,Ovanåker,2020.0,170349.0,-8.531266392144165,Linear
9386,hydro_prod,Ovanåker,2021.0,211382.0,12.710561836534595,Linear
9387,hydro_prod,Ovanåker,2022.0,211382.0,11.930703045111514,Linear
9388,hydro_prod,Partille,2005.0,5445.0,-32.015760446079696,Linear
9389,hydro_prod,Partille,2006.0,6965.0,-11.894780894969237,Linear
9390,hydro_prod,Partille,2007.0,10266.0,31.591227950076505,Linear
9391,hydro_prod,Partille,2008.0,8971.0,16.543678699266163,Linear
9392,hydro_prod,Partille,2012.0,9379.0,28.797238194529683,Linear
9393,hydro_prod,Partille,2013.0,4963.0,-30.85913865471388,Linear
9394,hydro_prod,Partille,2014.0,8546.0,20.804990334053564,Linear
9395,hydro_prod,Partille,2015.0,6919.0,-0.7362985755559702,Linear
9396,hydro_prod,Partille,2016.0,7139.0,3.9695468372589158,Linear
9397,hydro_prod,Partille,2017.0,5852.5,-13.45713796401055,Linear
9398,hydro_prod,Partille,2018.0,4566.0,-31.427606765830063,Linear
9399,hydro_prod,Partille,2019.0,6309.0,-3.749448545002507,Linear
9400,hydro_prod,Partille,2020.0,7217.0,11.876227281879025,Linear
9401,hydro_prod,Partille,2021.0,8228.0,29.63624730843636,Linear
9402,hydro_prod,Partille,2022.0,5036.0,-19.334966214290397,Linear
9403,hydro_prod,Perstorp,2011.0,148.75,-64.21698340149183,Linear
9404,hydro_prod,Perstorp,2012.0,297.5,-27.119059284665486,Linear
9405,hydro_prod,Perstorp,2013.0,446.25,11.367606688294774,Linear
9406,hydro_prod,Perstorp,2014.0,595.0,51.322482197354056,Linear
9407,hydro_prod,Perstorp,2015.0,546.0,41.560798548093445,Linear
9408,hydro_prod,Perstorp,2016.0,546.0,44.36805922792146,Linear
9409,hydro_prod,Perstorp,2017.0,496.0,33.80091718370689,Linear
9410,hydro_prod,Perstorp,2018.0,372.0,2.4229074889865787,Linear
9411,hydro_prod,Perstorp,2019.0,248.0,-30.27832443069946,Linear
9412,hydro_prod,Perstorp,2020.0,124.0,-64.3882825962086,Linear
9413,hydro_prod,Piteå,2005.0,172350.0,-11.9298198535494,Linear
9414,hydro_prod,Piteå,2006.0,184211.0,-6.042379227601321,Linear
9415,hydro_prod,Piteå,2007.0,236021.0,20.16207680226171,Linear
9416,hydro_prod,Piteå,2008.0,204560.0,3.953542429535622,Linear
9417,hydro_prod,Piteå,2009.0,186573.0,-5.360892448962669,Linear
9418,hydro_prod,Piteå,2010.0,223785.0,13.307207527047543,Linear
9419,hydro_prod,Piteå,2011.0,273304.0,38.12704695058501,Linear
9420,hydro_prod,Piteå,2012.0,167250.0,-15.626417520463868,Linear
9421,hydro_prod,Piteå,2013.0,144271.0,-27.351195460617483,Linear
9422,hydro_prod,Piteå,2014.0,166157.0,-16.4822900741937,Linear
9423,hydro_prod,Piteå,2015.0,188043.0,-5.65279393911509,Linear
9424,hydro_prod,Piteå,2016.0,209929.0,5.137506896043947,Linear
9425,hydro_prod,Piteå,2017.0,231815.0,15.888824836794171,Linear
9426,hydro_prod,Piteå,2018.0,136512.0,-31.878052018974007,Linear
9427,hydro_prod,Piteå,2019.0,200817.0,0.030933122492667775,Linear
9428,hydro_prod,Piteå,2020.0,223179.0,10.970155786718214,Linear
9429,hydro_prod,Piteå,2021.0,207673.0,3.074996850879396,Linear
9430,hydro_prod,Piteå,2022.0,221366.0,9.67459342322444,Linear
9431,hydro_prod,Ragunda,2005.0,6923880.0,15.616712563366198,Linear
9432,hydro_prod,Ragunda,2006.0,5579000.0,-6.295261959080814,Linear
9433,hydro_prod,Ragunda,2007.0,6218843.0,5.066378017348954,Linear
9434,hydro_prod,Ragunda,2008.0,3177994.0,-45.99036172162508,Linear
9435,hydro_prod,Ragunda,2009.0,6308872.0,7.857206321883613,Linear
9436,hydro_prod,Ragunda,2010.0,6066672.0,4.338029622287099,Linear
9437,hydro_prod,Ragunda,2011.0,6221309.0,7.642592314680748,Linear
9438,hydro_prod,Ragunda,2012.0,6919293.0,20.445378399695695,Linear
9439,hydro_prod,Ragunda,2013.0,5140581.0,-9.97095474918671,Linear
9440,hydro_prod,Ragunda,2014.0,5311055.0,-6.414314341439338,Linear
9441,hydro_prod,Ragunda,2015.0,6665035.0,18.169561008930504,Linear
9442,hydro_prod,Ragunda,2016.0,5209486.0,-7.06288296056696,Linear
9443,hydro_prod,Ragunda,2017.0,6177858.0,10.90219855473739,Linear
9444,hydro_prod,Ragunda,2018.0,5308999.0,-4.095324304576174,Linear
9445,hydro_prod,Ragunda,2019.0,5308999.0,-3.4878724546053785,Linear
9446,hydro_prod,Ragunda,2020.0,5308999.0,-2.8726764598388455,Linear
9447,hydro_prod,Ragunda,2021.0,5308999.0,-2.2495872800489463,Linear
9448,hydro_prod,Ragunda,2022.0,5308999.0,-1.6184520258342803,Linear
9449,hydro_prod,Robertsfors,2005.0,37700.0,2.8983342048254177,Linear
9450,hydro_prod,Robertsfors,2006.0,31208.0,-14.743784092348939,Linear
9451,hydro_prod,Robertsfors,2007.0,35219.0,-3.6990406929496142,Linear
9452,hydro_prod,Robertsfors,2008.0,45461.0,24.41891559606988,Linear
9453,hydro_prod,Robertsfors,2009.0,38146.0,4.493824192547208,Linear
9454,hydro_prod,Robertsfors,2010.0,37323.0,2.3322949192559665,Linear
9455,hydro_prod,Robertsfors,2011.0,27278.0,-25.14107214832731,Linear
9456,hydro_prod,Robertsfors,2012.0,48225.0,32.46421866420684,Linear
9457,hydro_prod,Robertsfors,2013.0,37209.0,2.2986664793322236,Linear
9458,hydro_prod,Robertsfors,2014.0,30074.0,-17.24215781876956,Linear
9459,hydro_prod,Robertsfors,2015.0,36698.0,1.078016198695729,Linear
9460,hydro_prod,Robertsfors,2016.0,33118.0,-8.699085509788008,Linear
9461,hydro_prod,Robertsfors,2017.0,39732.0,9.634824981504629,Linear
9462,hydro_prod,Robertsfors,2018.0,25426.0,-29.77632040461581,Linear
9463,hydro_prod,Robertsfors,2019.0,24912.0,-31.13287750049807,Linear
9464,hydro_prod,Robertsfors,2020.0,45335.0,25.43973537323615,Linear
9465,hydro_prod,Robertsfors,2021.0,50694.0,40.39660376310172,Linear
9466,hydro_prod,Robertsfors,2022.0,30656.0,-15.020449848024262,Linear
9467,hydro_prod,Ronneby,2005.0,30719.0,-13.927347454486775,Linear
9468,hydro_prod,Ronneby,2006.0,36282.0,2.1896320687705515,Linear
9469,hydro_prod,Ronneby,2007.0,40502.0,14.673055683223863,Linear
9470,hydro_prod,Ronneby,2008.0,43999.0,25.230161718082204,Linear
9471,hydro_prod,Ronneby,2009.0,23251.0,-33.472525554498375,Linear
9472,hydro_prod,Ronneby,2010.0,27402.0,-21.178063267215318,Linear
9473,hydro_prod,Ronneby,2011.0,41703.0,20.600714423512517,Linear
9474,hydro_prod,Ronneby,2012.0,35738.0,3.9065691903994217,Linear
9475,hydro_prod,Ronneby,2013.0,35298.125,3.1827613156580856,Linear
9476,hydro_prod,Ronneby,2014.0,34858.25,2.451080772013464,Linear
9477,hydro_prod,Ronneby,2015.0,34418.375,1.7113984136830782,Linear
9478,hydro_prod,Ronneby,2016.0,33978.5,0.963582254622217,Linear
9479,hydro_prod,Ronneby,2017.0,33538.625,0.20749739000961218,Linear
9480,hydro_prod,Ronneby,2018.0,33098.75,-0.5569940848827805,Linear
9481,hydro_prod,Ronneby,2019.0,32658.875,-1.3300331585429244,Linear
9482,hydro_prod,Ronneby,2020.0,32219.0,-2.1117639899016707,Linear
9483,hydro_prod,Ronneby,2021.0,32219.0,-1.5583436951165002,Linear
9484,hydro_prod,Ronneby,2022.0,32219.0,-0.9986301943406609,Linear
9485,hydro_prod,Rättvik,2005.0,17252.0,-21.261422075793664,Linear
9486,hydro_prod,Rättvik,2006.0,20886.0,-3.4716567676608308,Linear
9487,hydro_prod,Rättvik,2007.0,14268.0,-33.21430643964453,Linear
9488,hydro_prod,Rättvik,2008.0,13914.0,-34.02731120699381,Linear
9489,hydro_prod,Rättvik,2009.0,23928.0,14.94322299832929,Linear
9490,hydro_prod,Rättvik,2010.0,26623.0,29.59063403699452,Linear
9491,hydro_prod,Rättvik,2011.0,29772.0,46.87272662353884,Linear
9492,hydro_prod,Rättvik,2012.0,26779.0,33.91307619232741,Linear
9493,hydro_prod,Rättvik,2013.0,16135.0,-18.196060611916177,Linear
9494,hydro_prod,Rättvik,2014.0,25026.0,28.663897570561975,Linear
9495,hydro_prod,Rättvik,2015.0,21560.33333333333,12.425934468241937,Linear
9496,hydro_prod,Rättvik,2016.0,18094.666666666668,-4.281559544760544,Linear
9497,hydro_prod,Rättvik,2017.0,14629.0,-21.479248395833434,Linear
9498,hydro_prod,Rättvik,2018.0,17742.0,-3.3524971846755096,Linear
9499,hydro_prod,Rättvik,2019.0,20855.0,15.322165227900545,Linear
9500,hydro_prod,Rättvik,2020.0,20260.0,13.75114473834396,Linear
9501,hydro_prod,Rättvik,2021.0,15072.0,-14.058438600914666,Linear
9502,hydro_prod,Rättvik,2022.0,9776.0,-43.37410777677249,Linear
9503,hydro_prod,Sandviken,2005.0,15375.0,-54.129632846018616,Linear
9504,hydro_prod,Sandviken,2006.0,2619.0,-91.93376930103837,Linear
9505,hydro_prod,Sandviken,2007.0,2441.0,-92.23082132002075,Linear
9506,hydro_prod,Sandviken,2008.0,2713.0,-91.06665052929654,Linear
9507,hydro_prod,Sandviken,2009.0,2681.0,-90.85596918393308,Linear
9508,hydro_prod,Sandviken,2010.0,233687.0,726.6254180655735,Linear
9509,hydro_prod,Sandviken,2011.0,18372.0,-32.50631627708854,Linear
9510,hydro_prod,Sandviken,2012.0,21623.0,-17.37691044021022,Linear
9511,hydro_prod,Sandviken,2013.0,11419.0,-54.54396374530332,Linear
9512,hydro_prod,Sandviken,2014.0,16195.0,-32.720713605208765,Linear
9513,hydro_prod,Sandviken,2015.0,15869.5,-31.066992755598104,Linear
9514,hydro_prod,Sandviken,2016.0,15544.0,-29.25526424398126,Linear
9515,hydro_prod,Sandviken,2017.0,16189.0,-22.623150119694127,Linear
9516,hydro_prod,Sandviken,2018.0,9559.0,-51.8986038692286,Linear
9517,hydro_prod,Sandviken,2019.0,11987.0,-36.31703342009827,Linear
9518,hydro_prod,Sandviken,2020.0,14362.0,-19.19319336132181,Linear
9519,hydro_prod,Sandviken,2021.0,15934.0,-4.7213622903962245,Linear
9520,hydro_prod,Sandviken,2022.0,16161.0,3.1076717813850374,Linear
9521,hydro_prod,Skara,2005.0,1809.0,-24.661187745058687,Linear
9522,hydro_prod,Skara,2006.0,1754.0,-27.732561896956128,Linear
9523,hydro_prod,Skara,2008.0,515.0,-79.22534319564252,Linear
9524,hydro_prod,Skara,2009.0,1030.0,-58.88100522639008,Linear
9525,hydro_prod,Skara,2010.0,2346.333333333333,-7.291362877937707,Linear
9526,hydro_prod,Skara,2011.0,3662.6666666666665,43.25135561753151,Linear
9527,hydro_prod,Skara,2012.0,4979.0,92.778698454159,Linear
9528,hydro_prod,Skara,2013.0,3417.0,30.98491736059421,Linear
9529,hydro_prod,Skara,2014.0,4316.0,63.81742514441599,Linear
9530,hydro_prod,Skara,2015.0,3918.0,47.26093408141708,Linear
9531,hydro_prod,Skara,2016.0,3288.0,22.388519847571274,Linear
9532,hydro_prod,Skara,2017.0,3108.0,14.581931562821346,Linear
9533,hydro_prod,Skara,2018.0,3103.0,13.313822377663117,Linear
9534,hydro_prod,Skara,2019.0,2430.0,-12.095247906461767,Linear
9535,hydro_prod,Skara,2020.0,2501.0,-10.368020105841435,Linear
9536,hydro_prod,Skara,2021.0,1419.0,-49.6137014218417,Linear
9537,hydro_prod,Skara,2022.0,1141.0,-59.85482799604361,Linear
9538,hydro_prod,Skellefteå,2006.0,1770452.0,-7.983261937422882,Linear
9539,hydro_prod,Skellefteå,2007.0,2012310.0,5.6515146159603225,Linear
9540,hydro_prod,Skellefteå,2008.0,2141855.0,13.609348834640041,Linear
9541,hydro_prod,Skellefteå,2009.0,1836202.0,-1.5912875815212624,Linear
9542,hydro_prod,Skellefteå,2010.0,1907160.0,3.2847490700804247,Linear
9543,hydro_prod,Skellefteå,2011.0,1738711.0,-4.83870944374826,Linear
9544,hydro_prod,Skellefteå,2012.0,1732118.142857143,-4.182864738981004,Linear
9545,hydro_prod,Skellefteå,2013.0,1725525.2857142857,-3.5128004564093978,Linear
9546,hydro_prod,Skellefteå,2014.0,1718932.4285714286,-2.8280490790535486,Linear
9547,hydro_prod,Skellefteå,2015.0,1712339.5714285714,-2.1281223678821264,Linear
9548,hydro_prod,Skellefteå,2016.0,1705746.7142857143,-1.4125102008524275,Linear
9549,hydro_prod,Skellefteå,2017.0,1699153.857142857,-0.6806793330160981,Linear
9550,hydro_prod,Skellefteå,2018.0,1692561.0,0.0679279286483149,Linear
9551,hydro_prod,Skellefteå,2019.0,1669811.0,-0.132426585111177,Linear
9552,hydro_prod,Skellefteå,2020.0,1669811.0,1.0391049577342688,Linear
9553,hydro_prod,Skellefteå,2021.0,1669811.0,2.238448885551307,Linear
9554,hydro_prod,Skellefteå,2022.0,1669811.0,3.4666075028743504,Linear
9555,hydro_prod,Skinnskatteberg,2007.0,10202.0,-22.54261846961791,Linear
9556,hydro_prod,Skinnskatteberg,2008.0,14470.0,12.074551438206079,Linear
9557,hydro_prod,Skinnskatteberg,2009.0,13479.5,6.549027721299964,Linear
9558,hydro_prod,Skinnskatteberg,2010.0,12489.0,0.7915605173117124,Linear
9559,hydro_prod,Skinnskatteberg,2011.0,12600.0,3.867385142014148,Linear
9560,hydro_prod,Skinnskatteberg,2012.0,15802.0,33.11668958329111,Linear
9561,hydro_prod,Skinnskatteberg,2013.0,7492.0,-35.473440087677524,Linear
9562,hydro_prod,Skinnskatteberg,2014.0,11062.5,-2.538686376100115,Linear
9563,hydro_prod,Skinnskatteberg,2015.0,14633.0,31.940652668948704,Linear
9564,hydro_prod,Skinnskatteberg,2016.0,8692.0,-19.745365717015765,Linear
9565,hydro_prod,Skinnskatteberg,2017.0,8863.0,-16.153144566625624,Linear
9566,hydro_prod,Skinnskatteberg,2018.0,9449.666666666666,-8.348176725003297,Linear
9567,hydro_prod,Skinnskatteberg,2019.0,10036.333333333334,-0.13928181523055774,Linear
9568,hydro_prod,Skinnskatteberg,2020.0,10623.0,8.50572949268117,Linear
9569,hydro_prod,Skinnskatteberg,2021.0,13586.0,42.55732569068807,Linear
9570,hydro_prod,Skinnskatteberg,2022.0,6050.0,-34.73666426463566,Linear
9571,hydro_prod,Skövde,2014.0,3673.0,12.516082478438278,Linear
9572,hydro_prod,Skövde,2015.0,3666.0,15.975549314389298,Linear
9573,hydro_prod,Skövde,2016.0,2276.0,-25.56253270538928,Linear
9574,hydro_prod,Skövde,2017.0,2615.0,-11.481624961917744,Linear
9575,hydro_prod,Skövde,2018.0,2636.6666666666665,-7.510620883189883,Linear
9576,hydro_prod,Skövde,2019.0,2658.333333333333,-3.2406789531784628,Linear
9577,hydro_prod,Skövde,2020.0,2680.0,1.3632772445348096,Linear
9578,hydro_prod,Skövde,2021.0,3174.0,24.933850574462753,Linear
9579,hydro_prod,Skövde,2022.0,2278.0,-6.529529228327173,Linear
9580,hydro_prod,Smedjebacken,2005.0,28108.0,-22.229992353198714,Linear
9581,hydro_prod,Smedjebacken,2006.0,39851.0,10.63485136489689,Linear
9582,hydro_prod,Smedjebacken,2007.0,27621.0,-23.05725730237501,Linear
9583,hydro_prod,Smedjebacken,2008.0,44974.0,25.710149642666835,Linear
9584,hydro_prod,Smedjebacken,2009.0,21424.0,-39.9109947143885,Linear
9585,hydro_prod,Smedjebacken,2010.0,40291.0,13.394823219441667,Linear
9586,hydro_prod,Smedjebacken,2011.0,35579.0,0.4788788614603807,Linear
9587,hydro_prod,Smedjebacken,2012.0,37817.333333333336,7.16993717551081,Linear
9588,hydro_prod,Smedjebacken,2013.0,40055.66666666666,13.90748845491738,Linear
9589,hydro_prod,Smedjebacken,2014.0,42294.0,20.692018975211116,Linear
9590,hydro_prod,Smedjebacken,2015.0,43870.0,25.627345758778358,Linear
9591,hydro_prod,Smedjebacken,2016.0,34526.0,-0.7832744187447018,Linear
9592,hydro_prod,Smedjebacken,2017.0,34974.333333333336,0.8591946520685891,Linear
9593,hydro_prod,Smedjebacken,2018.0,35422.666666666664,2.513278214088187,Linear
9594,hydro_prod,Smedjebacken,2019.0,35871.0,4.179099899824173,Linear
9595,hydro_prod,Smedjebacken,2020.0,36075.0,5.144648100588169,Linear
9596,hydro_prod,Smedjebacken,2021.0,29731.0,-13.03598726462652,Linear
9597,hydro_prod,Smedjebacken,2022.0,23387.0,-31.34702875743789,Linear
9598,hydro_prod,Sollefteå,2005.0,10931118.0,29.350032495367316,Linear
9599,hydro_prod,Sollefteå,2006.0,6375965.0,-24.450778206069803,Linear
9600,hydro_prod,Sollefteå,2007.0,8639474.0,2.5071750551671173,Linear
9601,hydro_prod,Sollefteå,2008.0,7615593.0,-9.5196306034948,Linear
9602,hydro_prod,Sollefteå,2009.0,8545716.0,1.6678304654358476,Linear
9603,hydro_prod,Sollefteå,2010.0,8692438.0,3.552824897749407,Linear
9604,hydro_prod,Sollefteå,2011.0,8808627.0,5.078679874122774,Linear
9605,hydro_prod,Sollefteå,2012.0,10243690.0,22.362867375217967,Linear
9606,hydro_prod,Sollefteå,2013.0,7720391.0,-7.653564096725122,Linear
9607,hydro_prod,Sollefteå,2014.0,7534444.333333333,-9.75555217119163,Linear
9608,hydro_prod,Sollefteå,2015.0,7348497.666666667,-11.863247764087772,Linear
9609,hydro_prod,Sollefteå,2016.0,7162551.0,-13.976674153414137,Linear
9610,hydro_prod,Sollefteå,2017.0,7543521.2,-9.27782797098301,Linear
9611,hydro_prod,Sollefteå,2018.0,7924491.4,-4.566170855193842,Linear
9612,hydro_prod,Sollefteå,2019.0,8305461.6,0.15834965706063361,Linear
9613,hydro_prod,Sollefteå,2020.0,8686431.8,4.895786315740533,Linear
9614,hydro_prod,Sollefteå,2021.0,9067402.0,9.646192159621803,Linear
9615,hydro_prod,Sollefteå,2022.0,9236774.0,11.847394004343059,Linear
9616,hydro_prod,Sollentuna,2022.0,5.0,,Linear
9617,hydro_prod,Sorsele,2011.0,1071.0,10.177088691308166,Linear
9618,hydro_prod,Sorsele,2013.0,794.0,-11.079113670905706,Linear
9619,hydro_prod,Sorsele,2014.0,794.0,-6.955721101531992,Linear
9620,hydro_prod,Sorsele,2015.0,794.0,-2.431317475644185,Linear
9621,hydro_prod,Sorsele,2016.0,794.0,2.555586308699514,Linear
9622,hydro_prod,Sorsele,2017.0,794.0,8.07972775887245,Linear
9623,hydro_prod,Storfors,2005.0,4405.0,-7.26350041181785,Linear
9624,hydro_prod,Storfors,2006.0,4538.0,-4.196922020436636,Linear
9625,hydro_prod,Storfors,2007.0,4421.0,-6.40577512081226,Linear
9626,hydro_prod,Storfors,2008.0,5424.0,15.150329412140678,Linear
9627,hydro_prod,Storfors,2009.0,5806.0,23.606958970984238,Linear
9628,hydro_prod,Storfors,2010.0,5390.0,15.074336923106246,Linear
9629,hydro_prod,Storfors,2011.0,1069.0,-77.11269247195986,Linear
9630,hydro_prod,Storfors,2012.0,5661.0,21.546068776061485,Linear
9631,hydro_prod,Storfors,2013.0,4438.0,-4.441500938936766,Linear
9632,hydro_prod,Storfors,2014.0,5570.0,20.27489724222545,Linear
9633,hydro_prod,Storfors,2015.0,5662.0,22.611436285934655,Linear
9634,hydro_prod,Storfors,2016.0,4602.0,-0.05694910148831444,Linear
9635,hydro_prod,Storfors,2017.0,4733.0,3.083924711473654,Linear
9636,hydro_prod,Storfors,2018.0,3493.0,-23.70341884599711,Linear
9637,hydro_prod,Storfors,2019.0,4972.0,8.91640131978312,Linear
9638,hydro_prod,Storfors,2020.0,4237.0,-6.914949212666216,Linear
9639,hydro_prod,Storfors,2021.0,4921.0,8.427093397462082,Linear
9640,hydro_prod,Storfors,2022.0,4136.0,-8.603063467509951,Linear
9641,hydro_prod,Storuman,2005.0,2662777.0,22.867787702469204,Linear
9642,hydro_prod,Storuman,2006.0,1788557.0,-17.665272082200286,Linear
9643,hydro_prod,Storuman,2007.0,2222104.0,2.052601966336295,Linear
9644,hydro_prod,Storuman,2008.0,2073249.0,-5.006696758256252,Linear
9645,hydro_prod,Storuman,2009.0,1978499.0,-9.559789162183714,Linear
9646,hydro_prod,Storuman,2010.0,2142268.0,-2.301902261473075,Linear
9647,hydro_prod,Storuman,2011.0,2243658.0,2.084052180396154,Linear
9648,hydro_prod,Storuman,2012.0,2243658.0,1.8472212990689856,Linear
9649,hydro_prod,Storuman,2013.0,2243658.0,1.6114867504681873,Linear
9650,hydro_prod,Storuman,2014.0,2243658.0,1.3768409394915488,Linear
9651,hydro_prod,Storuman,2015.0,2243658.0,1.143276341030774,Linear
9652,hydro_prod,Storuman,2016.0,2243658.0,0.9107854991672893,Linear
9653,hydro_prod,Storuman,2017.0,2243658.0,0.6793610263791111,Linear
9654,hydro_prod,Storuman,2018.0,2243658.0,0.44899560275784617,Linear
9655,hydro_prod,Storuman,2019.0,2243658.0,0.21968197523717414,Linear
9656,hydro_prod,Storuman,2020.0,2243658.0,-0.008587043168213444,Linear
9657,hydro_prod,Storuman,2021.0,2243658.0,-0.23581857411362875,Linear
9658,hydro_prod,Storuman,2022.0,2243658.0,-0.4620196746651846,Linear
9659,hydro_prod,Strängnäs,2005.0,241.0,-24.067591763811883,Linear
9660,hydro_prod,Strängnäs,2006.0,326.0,5.446281308034736,Linear
9661,hydro_prod,Strängnäs,2008.0,402.0,37.33663750937841,Linear
9662,hydro_prod,Strängnäs,2009.0,259.0,-8.95862158842316,Linear
9663,hydro_prod,Strängnäs,2010.0,374.0,35.37939668053179,Linear
9664,hydro_prod,Strängnäs,2011.0,109.0,-59.33371031449871,Linear
9665,hydro_prod,Strängnäs,2012.0,413.0,58.96238342818364,Linear
9666,hydro_prod,Strängnäs,2013.0,271.0,7.717280737234263,Linear
9667,hydro_prod,Strängnäs,2014.0,234.66666666666663,-3.5718701277887623,Linear
9668,hydro_prod,Strängnäs,2015.0,198.3333333333333,-15.650848255300767,Linear
9669,hydro_prod,Strängnäs,2016.0,162.0,-28.605546823203316,Linear
9670,hydro_prod,Strängnäs,2017.0,125.0,-42.83963716245462,Linear
9671,hydro_prod,Strängnäs,2018.0,154.66666666666666,-26.509356120499366,Linear
9672,hydro_prod,Strängnäs,2019.0,184.33333333333331,-8.850674436604303,Linear
9673,hydro_prod,Strängnäs,2020.0,214.0,10.305369893538852,Linear
9674,hydro_prod,Strängnäs,2021.0,308.0,65.78615512927642,Linear
9675,hydro_prod,Strömsund,2005.0,2067814.0,20.825986267165515,Linear
9676,hydro_prod,Strömsund,2006.0,1408763.0,-18.07385714460835,Linear
9677,hydro_prod,Strömsund,2007.0,1983568.0,14.80931481523598,Linear
9678,hydro_prod,Strömsund,2008.0,1635604.0,-5.775611117526667,Linear
9679,hydro_prod,Strömsund,2009.0,1471468.0,-15.62754147104136,Linear
9680,hydro_prod,Strömsund,2010.0,1579969.0,-9.827801434696669,Linear
9681,hydro_prod,Strömsund,2011.0,1912168.0,8.62599184167882,Linear
9682,hydro_prod,Strömsund,2012.0,2019307.0,14.18340622554771,Linear
9683,hydro_prod,Strömsund,2013.0,1605008.0,-9.66001530942458,Linear
9684,hydro_prod,Strömsund,2014.0,1621691.0,-9.138012227619457,Linear
9685,hydro_prod,Strömsund,2015.0,2046112.0,14.120564260072488,Linear
9686,hydro_prod,Strömsund,2016.0,1583926.0,-12.057509779072614,Linear
9687,hydro_prod,Strömsund,2017.0,1849859.0,2.244690163832219,Linear
9688,hydro_prod,Strömsund,2018.0,1719768.0,-5.372125228089917,Linear
9689,hydro_prod,Strömsund,2019.0,1729740.0,-5.248546639533586,Linear
9690,hydro_prod,Strömsund,2020.0,2233292.0,21.790960434343063,Linear
9691,hydro_prod,Strömsund,2021.0,1807898.0,-1.8440681348172787,Linear
9692,hydro_prod,Strömsund,2022.0,1776786.0,-3.9584097195337744,Linear
9693,hydro_prod,Sundsvall,2005.0,949278.0,9.319441757082593,Linear
9694,hydro_prod,Sundsvall,2006.0,774986.0,-10.505409011876646,Linear
9695,hydro_prod,Sundsvall,2007.0,720227.0,-16.59836034040793,Linear
9696,hydro_prod,Sundsvall,2008.0,857832.0,-0.38768549605660374,Linear
9697,hydro_prod,Sundsvall,2009.0,925437.0,7.7622377088194545,Linear
9698,hydro_prod,Sundsvall,2010.0,919368.0,7.354796696709438,Linear
9699,hydro_prod,Sundsvall,2011.0,945734.0,10.743130281246579,Linear
9700,hydro_prod,Sundsvall,2012.0,1035116.0,21.550275933562464,Linear
9701,hydro_prod,Sundsvall,2013.0,795789.0,-6.2896789002893,Linear
9702,hydro_prod,Sundsvall,2014.0,783297.3333333334,-7.4999088971462,Linear
9703,hydro_prod,Sundsvall,2015.0,770805.6666666666,-8.717000932339063,Linear
9704,hydro_prod,Sundsvall,2016.0,758314.0,-9.941013533722236,Linear
9705,hydro_prod,Sundsvall,2017.0,790181.0,-5.888855734743608,Linear
9706,hydro_prod,Sundsvall,2018.0,822048.0,-1.8135249995484377,Linear
9707,hydro_prod,Sundsvall,2019.0,853915.0,2.2851780192807185,Linear
9708,hydro_prod,Sundsvall,2020.0,853915.0,2.5793275366995543,Linear
9709,hydro_prod,Sundsvall,2021.0,853915.0,2.875173751168487,Linear
9710,hydro_prod,Sundsvall,2022.0,853915.0,3.1727313853404673,Linear
9711,hydro_prod,Sunne,2005.0,99014.0,-12.458991474114733,Linear
9712,hydro_prod,Sunne,2006.0,101755.0,-10.70918880336954,Linear
9713,hydro_prod,Sunne,2007.0,112157.0,-2.3127663946836314,Linear
9714,hydro_prod,Sunne,2008.0,122415.5,5.835713310900123,Linear
9715,hydro_prod,Sunne,2009.0,132674.0,13.864853289020251,Linear
9716,hydro_prod,Sunne,2010.0,117034.0,-0.28804224986222887,Linear
9717,hydro_prod,Sunne,2011.0,125786.0,6.395137412123571,Linear
9718,hydro_prod,Sunne,2012.0,153017.0,28.500866485940037,Linear
9719,hydro_prod,Sunne,2013.0,100369.0,-16.311618500000762,Linear
9720,hydro_prod,Sunne,2014.0,137989.0,14.243426402395954,Linear
9721,hydro_prod,Sunne,2015.0,128973.0,6.02991386544751,Linear
9722,hydro_prod,Sunne,2016.0,98779.0,-19.358526297163557,Linear
9723,hydro_prod,Sunne,2017.0,113647.0,-7.8623558509979485,Linear
9724,hydro_prod,Sunne,2018.0,109498.5,-11.835575386676696,Linear
9725,hydro_prod,Sunne,2019.0,105350.0,-15.754574994762674,Linear
9726,hydro_prod,Sunne,2020.0,144372.0,14.667819949327153,Linear
9727,hydro_prod,Sunne,2021.0,137227.0,8.25922048346138,Linear
9728,hydro_prod,Sunne,2022.0,126395.0,-0.952927683025155,Linear
9729,hydro_prod,Surahammar,2005.0,20012.0,-39.29896155263176,Linear
9730,hydro_prod,Surahammar,2006.0,33846.0,4.399884181127533,Linear
9731,hydro_prod,Surahammar,2007.0,22931.0,-28.050619278347718,Linear
9732,hydro_prod,Surahammar,2008.0,39670.0,26.65033503601501,Linear
9733,hydro_prod,Surahammar,2009.0,40099.0,30.301971285829193,Linear
9734,hydro_prod,Surahammar,2010.0,35367.0,17.011079214730852,Linear
9735,hydro_prod,Surahammar,2011.0,31362.0,5.678564445959602,Linear
9736,hydro_prod,Surahammar,2012.0,33117.0,13.693843222228692,Linear
9737,hydro_prod,Surahammar,2013.0,18471.0,-35.370138056076215,Linear
9738,hydro_prod,Surahammar,2014.0,33535.0,19.63493531610658,Linear
9739,hydro_prod,Surahammar,2015.0,34678.0,26.18187976967899,Linear
9740,hydro_prod,Surahammar,2016.0,26186.0,-2.777134146878483,Linear
9741,hydro_prod,Surahammar,2017.0,21957.0,-16.7836340162179,Linear
9742,hydro_prod,Surahammar,2018.0,21459.0,-16.944294733703455,Linear
9743,hydro_prod,Surahammar,2019.0,28379.0,12.22177678409947,Linear
9744,hydro_prod,Surahammar,2020.0,26516.0,7.179698258926736,Linear
9745,hydro_prod,Surahammar,2021.0,25402.0,5.005118962318155,Linear
9746,hydro_prod,Surahammar,2022.0,16510.0,-30.168552610359523,Linear
9747,hydro_prod,Svenljunga,2005.0,52465.0,-14.36225160417173,Linear
9748,hydro_prod,Svenljunga,2006.0,51986.0,-14.784542001055081,Linear
9749,hydro_prod,Svenljunga,2007.0,73396.0,20.822714121905918,Linear
9750,hydro_prod,Svenljunga,2008.0,60284.0,-0.3378305600145751,Linear
9751,hydro_prod,Svenljunga,2009.0,51443.0,-14.588848864731121,Linear
9752,hydro_prod,Svenljunga,2010.0,59970.0,-0.002222137277933155,Linear
9753,hydro_prod,Svenljunga,2011.0,74600.0,24.931285897433607,Linear
9754,hydro_prod,Svenljunga,2012.0,72248.0,21.518509411069772,Linear
9755,hydro_prod,Svenljunga,2013.0,46817.0,-20.91163132265053,Linear
9756,hydro_prod,Svenljunga,2014.0,65938.0,11.878213142095062,Linear
9757,hydro_prod,Svenljunga,2015.0,61939.0,5.556020898062949,Linear
9758,hydro_prod,Svenljunga,2016.0,55558.0,-4.899473096779426,Linear
9759,hydro_prod,Svenljunga,2017.0,60842.0,4.608217982545027,Linear
9760,hydro_prod,Svenljunga,2018.0,51183.0,-11.606029575866277,Linear
9761,hydro_prod,Svenljunga,2019.0,53003.0,-8.052358523933627,Linear
9762,hydro_prod,Svenljunga,2020.0,58042.0,1.142686086121987,Linear
9763,hydro_prod,Svenljunga,2021.0,62541.0,9.475697415532712,Linear
9764,hydro_prod,Svenljunga,2022.0,50943.0,-10.42081763438036,Linear
9765,hydro_prod,Säffle,2005.0,2557.0,-76.35283915250342,Linear
9766,hydro_prod,Säffle,2006.0,5019.0,-56.24007863103396,Linear
9767,hydro_prod,Säffle,2007.0,8608.0,-29.010053548445562,Linear
9768,hydro_prod,Säffle,2008.0,12197.0,-4.576168160612477,Linear
9769,hydro_prod,Säffle,2009.0,15786.0,17.471230910292604,Linear
9770,hydro_prod,Säffle,2010.0,22626.0,60.53132446982402,Linear
9771,hydro_prod,Säffle,2011.0,19120.0,29.62090486971919,Linear
9772,hydro_prod,Säffle,2012.0,19810.0,28.578180371205892,Linear
9773,hydro_prod,Säffle,2013.0,21438.0,33.46007989303403,Linear
9774,hydro_prod,Säffle,2014.0,23066.0,37.95873771641007,Linear
9775,hydro_prod,Säffle,2015.0,22669.0,30.463406758829066,Linear
9776,hydro_prod,Säffle,2016.0,15636.0,-13.287561694153055,Linear
9777,hydro_prod,Säffle,2017.0,15349.5,-17.86562127264529,Linear
9778,hydro_prod,Säffle,2018.0,15063.0,-22.13306038617849,Linear
9779,hydro_prod,Säffle,2019.0,19025.0,-4.878804684205367,Linear
9780,hydro_prod,Säffle,2020.0,19025.0,-7.900744108942392,Linear
9781,hydro_prod,Säffle,2021.0,19025.0,-10.736585587836974,Linear
9782,hydro_prod,Säffle,2022.0,19025.0,-13.403006123031606,Linear
9783,hydro_prod,Säter,2005.0,454205.0,-14.91345340220536,Linear
9784,hydro_prod,Säter,2006.0,543294.0,2.0470892275349697,Linear
9785,hydro_prod,Säter,2007.0,401711.0,-24.34471842310474,Linear
9786,hydro_prod,Säter,2008.0,557755.0,5.325109893043079,Linear
9787,hydro_prod,Säter,2009.0,583766.0,10.533338868399058,Linear
9788,hydro_prod,Säter,2010.0,598336.0,13.597508974419071,Linear
9789,hydro_prod,Säter,2011.0,501787.0,-4.47535807211523,Linear
9790,hydro_prod,Säter,2012.0,610888.0,16.609281262774957,Linear
9791,hydro_prod,Säter,2013.0,578580.5,10.742422346669048,Linear
9792,hydro_prod,Säter,2014.0,546273.0,4.843587236810447,Linear
9793,hydro_prod,Säter,2015.0,591945.0,13.919646319714465,Linear
9794,hydro_prod,Säter,2016.0,465962.0,-10.080030656995657,Linear
9795,hydro_prod,Säter,2017.0,432815.0,-16.24715048603124,Linear
9796,hydro_prod,Säter,2018.0,483383.5,-6.204062689018248,Linear
9797,hydro_prod,Säter,2019.0,533952.0,3.8945191891816484,Linear
9798,hydro_prod,Säter,2020.0,525232.0,2.48094631507357,Linear
9799,hydro_prod,Säter,2021.0,602423.0,17.868662755998603,Linear
9800,hydro_prod,Säter,2022.0,379122.0,-25.61523192633167,Linear
9801,hydro_prod,Sävsjö,2011.0,129.0,-11.257035647278792,Linear
9802,hydro_prod,Sävsjö,2012.0,174.0,21.693794506612395,Linear
9803,hydro_prod,Sävsjö,2013.0,106.0,-24.60881934566116,Linear
9804,hydro_prod,Sävsjö,2014.0,198.0,43.25177584846208,Linear
9805,hydro_prod,Sävsjö,2015.0,155.0,14.107883817427261,Linear
9806,hydro_prod,Sävsjö,2016.0,87.0,-34.80926430517691,Linear
9807,hydro_prod,Sävsjö,2017.0,126.0,-3.8701622971278735,Linear
9808,hydro_prod,Sävsjö,2018.0,84.0,-34.727324102854055,Linear
9809,hydro_prod,Sävsjö,2019.0,127.0,0.5469987044769763,Linear
9810,hydro_prod,Sävsjö,2020.0,137.0,10.548708920188545,Linear
9811,hydro_prod,Sävsjö,2021.0,145.0,19.296933433059575,Linear
9812,hydro_prod,Söderhamn,2005.0,639419.0,-5.96232314341295,Linear
9813,hydro_prod,Söderhamn,2006.0,691204.0,2.095413351996336,Linear
9814,hydro_prod,Söderhamn,2007.0,664738.5,-1.3850720899533535,Linear
9815,hydro_prod,Söderhamn,2008.0,638273.0,-4.896079760136776,Linear
9816,hydro_prod,Söderhamn,2009.0,727534.0,8.881402572588815,Linear
9817,hydro_prod,Söderhamn,2010.0,712538.0,7.108844325460881,Linear
9818,hydro_prod,Söderhamn,2011.0,720849.0,8.839613786302287,Linear
9819,hydro_prod,Söderhamn,2012.0,665490.0,0.9295154719306781,Linear
9820,hydro_prod,Söderhamn,2013.0,610131.0,-7.051505600703891,Linear
9821,hydro_prod,Söderhamn,2014.0,771079.0,17.99659771766062,Linear
9822,hydro_prod,Söderhamn,2015.0,597077.5,-8.217165765726289,Linear
9823,hydro_prod,Söderhamn,2016.0,423076.0,-34.66916867825389,Linear
9824,hydro_prod,Söderhamn,2017.0,632315.0,-1.9130380099929858,Linear
9825,hydro_prod,Söderhamn,2018.0,650045.0,1.2997271301156714,Linear
9826,hydro_prod,Söderhamn,2019.0,667775.0,4.542094504274196,Linear
9827,hydro_prod,Söderhamn,2020.0,649521.0,2.1550035445451603,Linear
9828,hydro_prod,Söderhamn,2021.0,761802.0,20.371386520134,Linear
9829,hydro_prod,Söderhamn,2022.0,566179.0,-10.120838975694884,Linear
9830,hydro_prod,Söderköping,2005.0,4743.0,-7.6773083148749945,Linear
9831,hydro_prod,Söderköping,2006.0,5341.0,8.201578197402162,Linear
9832,hydro_prod,Söderköping,2007.0,4363.0,-7.854427146298093,Linear
9833,hydro_prod,Söderköping,2008.0,3976.0,-12.300073714110644,Linear
9834,hydro_prod,Söderköping,2009.0,2756.0,-36.386052097792806,Linear
9835,hydro_prod,Söderköping,2010.0,5287.0,27.97965989520729,Linear
9836,hydro_prod,Söderköping,2011.0,4753.0,20.945562215537645,Linear
9837,hydro_prod,Söderköping,2012.0,4055.0,8.753687010144635,Linear
9838,hydro_prod,Söderköping,2013.0,3465.0,-1.7676499242722177,Linear
9839,hydro_prod,Söderköping,2014.0,3667.0,10.249465479872086,Linear
9840,hydro_prod,Söderköping,2015.0,4698.0,50.34392731928783,Linear
9841,hydro_prod,Söderköping,2016.0,1297.0,-55.63654047335146,Linear
9842,hydro_prod,Söderköping,2017.0,2788.0,2.412677023450518,Linear
9843,hydro_prod,Söderköping,2018.0,3827.0,51.80115231503181,Linear
9844,hydro_prod,Söderköping,2019.0,1827.0,-21.24332040070819,Linear
9845,hydro_prod,Söderköping,2020.0,1883.0,-11.118253775079472,Linear
9846,hydro_prod,Söderköping,2021.0,2813.0,46.71771368860769,Linear
9847,hydro_prod,Söderköping,2022.0,142.0,-91.72508272531807,Linear
9848,hydro_prod,Tibro,2008.0,992.0,-68.669891618459,Linear
9849,hydro_prod,Tibro,2009.0,1984.0,-34.72733339913175,Linear
9850,hydro_prod,Tibro,2010.0,2976.0,2.168647911662592,Linear
9851,hydro_prod,Tibro,2011.0,3747.0,34.48884088042578,Linear
9852,hydro_prod,Tibro,2012.0,3527.0,32.624968776272034,Linear
9853,hydro_prod,Tibro,2013.0,3154.0,24.533474223336007,Linear
9854,hydro_prod,Tibro,2014.0,3673.0,52.66469996209911,Linear
9855,hydro_prod,Tibro,2015.0,3576.0,56.8971568971561,Linear
9856,hydro_prod,Tibro,2016.0,2780.333333333333,29.169206195751023,Linear
9857,hydro_prod,Tibro,2017.0,1984.6666666666667,-2.0279403018754376,Linear
9858,hydro_prod,Tibro,2018.0,1189.0,-37.38880551261471,Linear
9859,hydro_prod,Tibro,2019.0,1377.0,-22.304141522158965,Linear
9860,hydro_prod,Tibro,2020.0,1775.0,7.86542215097186,Linear
9861,hydro_prod,Tibro,2021.0,1076.0,-29.15659477609947,Linear
9862,hydro_prod,Tibro,2022.0,377.0,-72.91893639182601,Linear
9863,hydro_prod,Tidaholm,2008.0,729.0,-47.76346667144356,Linear
9864,hydro_prod,Tidaholm,2009.0,1277.0,-10.231626304875233,Linear
9865,hydro_prod,Tidaholm,2010.0,1825.0,25.903313154309043,Linear
9866,hydro_prod,Tidaholm,2011.0,1702.0,15.272604131390668,Linear
9867,hydro_prod,Tidaholm,2012.0,2133.0,41.87133141555342,Linear
9868,hydro_prod,Tidaholm,2013.0,1466.0,-4.21117971838421,Linear
9869,hydro_prod,Tidaholm,2014.0,1500.2857142857142,-3.668830647658513,Linear
9870,hydro_prod,Tidaholm,2015.0,1534.571428571429,-3.1449489667112163,Linear
9871,hydro_prod,Tidaholm,2016.0,1568.857142857143,-2.638607223202003,Linear
9872,hydro_prod,Tidaholm,2017.0,1603.142857142857,-2.1489390458177864,Linear
9873,hydro_prod,Tidaholm,2018.0,1637.428571428571,-1.6751341973148297,Linear
9874,hydro_prod,Tidaholm,2019.0,1671.7142857142858,-1.2164341006750743,Linear
9875,hydro_prod,Tidaholm,2020.0,1706.0,-0.772127786422526,Linear
9876,hydro_prod,Tidaholm,2021.0,1706.0,-2.304939155333263,Linear
9877,hydro_prod,Tidaholm,2022.0,1706.0,-3.7911150587210085,Linear
9878,hydro_prod,Tierp,2005.0,320360.0,-12.881219883909006,Linear
9879,hydro_prod,Tierp,2006.0,545958.0,49.2770312420347,Linear
9880,hydro_prod,Tierp,2007.0,283679.0,-22.01086658337731,Linear
9881,hydro_prod,Tierp,2008.0,397872.0,9.985763899521512,Linear
9882,hydro_prod,Tierp,2009.0,290985.0,-19.115915364707696,Linear
9883,hydro_prod,Tierp,2010.0,309403.0,-13.517208933643365,Linear
9884,hydro_prod,Tierp,2011.0,263664.0,-25.889081488995863,Linear
9885,hydro_prod,Tierp,2012.0,444386.0,25.61211856555153,Linear
9886,hydro_prod,Tierp,2013.0,284493.0,-19.128340747860587,Linear
9887,hydro_prod,Tierp,2014.0,416222.0,18.99188317235011,Linear
9888,hydro_prod,Tierp,2015.0,416663.0,19.80056873808965,Linear
9889,hydro_prod,Tierp,2016.0,332138.0,-3.9519816673175954,Linear
9890,hydro_prod,Tierp,2017.0,293635.0,-14.594077238345351,Linear
9891,hydro_prod,Tierp,2018.0,327133.0,-4.296141760702767,Linear
9892,hydro_prod,Tierp,2019.0,360631.0,6.122588006661528,Linear
9893,hydro_prod,Tierp,2020.0,372930.0,10.389234847150993,Linear
9894,hydro_prod,Tierp,2021.0,385229.0,14.706523274022079,Linear
9895,hydro_prod,Tierp,2022.0,268781.0,-19.48945882644006,Linear
9896,hydro_prod,Timrå,2005.0,896184.0,17.188996801157625,Linear
9897,hydro_prod,Timrå,2006.0,704103.0,-8.18504299482364,Linear
9898,hydro_prod,Timrå,2007.0,771395.0,0.3101835670303037,Linear
9899,hydro_prod,Timrå,2008.0,707815.0,-8.212764599602448,Linear
9900,hydro_prod,Timrå,2009.0,814518.0,5.33213160588779,Linear
9901,hydro_prod,Timrå,2010.0,759579.0,-2.043306934852562,Linear
9902,hydro_prod,Timrå,2011.0,799818.0,2.8623921488365274,Linear
9903,hydro_prod,Timrå,2012.0,931830.0,19.511500160058787,Linear
9904,hydro_prod,Timrå,2013.0,680800.0,-12.9230146612748,Linear
9905,hydro_prod,Timrå,2014.0,675587.0,-13.825415565910362,Linear
9906,hydro_prod,Timrå,2015.0,871578.0,10.871897028713832,Linear
9907,hydro_prod,Timrå,2016.0,651489.0,-17.350006529724716,Linear
9908,hydro_prod,Timrå,2017.0,764873.0,-3.2282089937080776,Linear
9909,hydro_prod,Timrå,2018.0,681266.0,-14.038684576515308,Linear
9910,hydro_prod,Timrå,2019.0,749307.0,-5.707711369158681,Linear
9911,hydro_prod,Timrå,2020.0,875409.0,9.865310444701644,Linear
9912,hydro_prod,Timrå,2021.0,857658.0,7.349504017995398,Linear
9913,hydro_prod,Timrå,2022.0,899096.0,12.235796722275436,Linear
9914,hydro_prod,Tingsryd,2005.0,54165.0,-14.389092266303397,Linear
9915,hydro_prod,Tingsryd,2006.0,60151.0,-2.678561492286193,Linear
9916,hydro_prod,Tingsryd,2007.0,86863.0,43.94579069077999,Linear
9917,hydro_prod,Tingsryd,2008.0,66114.0,12.282261362385638,Linear
9918,hydro_prod,Tingsryd,2009.0,51930.0,-9.560627891551722,Linear
9919,hydro_prod,Tingsryd,2010.0,51617.0,-7.756616384516916,Linear
9920,hydro_prod,Tingsryd,2011.0,42966.0,-21.15624256295718,Linear
9921,hydro_prod,Tingsryd,2012.0,58844.0,10.957666366365272,Linear
9922,hydro_prod,Tingsryd,2013.0,45720.0,-11.34476256341703,Linear
9923,hydro_prod,Tingsryd,2014.0,48342.0,-3.5249188292845677,Linear
9924,hydro_prod,Tingsryd,2015.0,58980.0,21.243280549486578,Linear
9925,hydro_prod,Tingsryd,2016.0,37672.0,-20.158891473512792,Linear
9926,hydro_prod,Tingsryd,2017.0,33008.0,-27.806286321156335,Linear
9927,hydro_prod,Tingsryd,2018.0,42460.0,-4.065037712082789,Linear
9928,hydro_prod,Tingsryd,2019.0,37665.0,-11.9912273321685,Linear
9929,hydro_prod,Tingsryd,2020.0,43066.5,4.1899805974395745,Linear
9930,hydro_prod,Tingsryd,2021.0,48468.0,21.558051184346933,Linear
9931,hydro_prod,Tingsryd,2022.0,47078.0,22.56695585925088,Linear
9932,hydro_prod,Torsby,2005.0,875753.0,0.6327378918977721,Linear
9933,hydro_prod,Torsby,2006.0,804637.0,-7.481742609735178,Linear
9934,hydro_prod,Torsby,2007.0,768417.0,-11.59142973026731,Linear
9935,hydro_prod,Torsby,2008.0,822303.0,-5.3328280464788955,Linear
9936,hydro_prod,Torsby,2009.0,918904.0,5.854168390265912,Linear
9937,hydro_prod,Torsby,2010.0,858805.0,-1.007373081039979,Linear
9938,hydro_prod,Torsby,2011.0,944967.0,8.992234911054442,Linear
9939,hydro_prod,Torsby,2012.0,1053442.0,21.57949761365151,Linear
9940,hydro_prod,Torsby,2013.0,751390.0,-13.22670391489337,Linear
9941,hydro_prod,Torsby,2014.0,988838.0,14.265985274691781,Linear
9942,hydro_prod,Torsby,2015.0,966578.0,11.7635104369983,Linear
9943,hydro_prod,Torsby,2016.0,738485.0,-14.557040382739364,Linear
9944,hydro_prod,Torsby,2017.0,805073.0,-6.794505897901022,Linear
9945,hydro_prod,Torsby,2018.0,837410.5,-2.990007776104508,Linear
9946,hydro_prod,Torsby,2019.0,869748.0,0.8192571429856762,Linear
9947,hydro_prod,Torsby,2020.0,983165.0,14.037745041760989,Linear
9948,hydro_prod,Torsby,2021.0,905022.0,5.039749118617962,Linear
9949,hydro_prod,Torsby,2022.0,688814.0,-20.00386522496013,Linear
9950,hydro_prod,Torsås,2011.0,198.0,-11.509123290432417,Linear
9951,hydro_prod,Torsås,2013.0,248.0,13.702644007033154,Linear
9952,hydro_prod,Torsås,2014.0,248.0,15.191730111057607,Linear
9953,hydro_prod,Torsås,2015.0,198.0,-6.8119891008172075,Linear
9954,hydro_prod,Torsås,2016.0,198.0,-5.558743365370222,Linear
9955,hydro_prod,Torsås,2017.0,198.0,-4.271329383110412,Linear
9956,hydro_prod,Torsås,2018.0,198.0,-2.9483305078498256,Linear
9957,hydro_prod,Torsås,2019.0,198.0,-1.5882506820130264,Linear
9958,hydro_prod,Torsås,2020.0,198.0,-0.18950879320708275,Linear
9959,hydro_prod,Torsås,2021.0,198.0,1.2495674574190108,Linear
9960,hydro_prod,Torsås,2022.0,198.0,2.7307482250140365,Linear
9961,hydro_prod,Tranemo,2005.0,963.0,34.63448120937508,Linear
9962,hydro_prod,Tranemo,2006.0,934.0,30.901682781954953,Linear
9963,hydro_prod,Tranemo,2007.0,993.0,39.51425221236592,Linear
9964,hydro_prod,Tranemo,2008.0,561.0,-20.985679478464228,Linear
9965,hydro_prod,Tranemo,2009.0,129.0,-81.78584865646363,Linear
9966,hydro_prod,Tranemo,2011.0,149.0,-78.85702491130418,Linear
9967,hydro_prod,Tranemo,2012.0,1110.0,57.90182599984559,Linear
9968,hydro_prod,Tranemo,2013.0,746.0,6.387366596286682,Linear
9969,hydro_prod,Tranemo,2014.0,631.0,-9.786740115298723,Linear
9970,hydro_prod,Tranemo,2015.0,650.5,-6.7645984951188,Linear
9971,hydro_prod,Tranemo,2016.0,670.0,-3.7271940669483423,Linear
9972,hydro_prod,Tranemo,2017.0,689.5,-0.6744109147891152,Linear
9973,hydro_prod,Tranemo,2018.0,709.0,2.3938680541281747,Linear
9974,hydro_prod,Tranemo,2019.0,728.5,5.477761124314964,Linear
9975,hydro_prod,Tranemo,2020.0,748.0,8.577387787224545,Linear
9976,hydro_prod,Tranemo,2021.0,744.0,8.272956814298754,Linear
9977,hydro_prod,Tranemo,2022.0,744.0,8.550569926967809,Linear
9978,hydro_prod,Tranås,2009.0,12529.0,-83.92931093245903,Linear
9979,hydro_prod,Tranås,2010.0,123728.0,96.96719305709043,Linear
9980,hydro_prod,Tranås,2011.0,102094.0,114.16242099170005,Linear
9981,hydro_prod,Tranås,2012.0,1036.0,-96.81485953817564,Linear
9982,hydro_prod,Tranås,2013.0,611.0,-96.48462286203409,Linear
9983,hydro_prod,Tranås,2014.0,594.0,-73.42904613814353,Linear
9984,hydro_prod,Trollhättan,2005.0,1070607.0,-28.47082329054708,Linear
9985,hydro_prod,Trollhättan,2006.0,1279204.0,-12.306065965959116,Linear
9986,hydro_prod,Trollhättan,2007.0,1406116.0,-1.0256320913771682,Linear
9987,hydro_prod,Trollhättan,2008.0,1589661.0,14.97124036228184,Linear
9988,hydro_prod,Trollhättan,2009.0,1303912.0,-3.028364236109232,Linear
9989,hydro_prod,Trollhättan,2010.0,1535012.0,17.480949173598205,Linear
9990,hydro_prod,Trollhättan,2011.0,1279514.0,0.8620907176056085,Linear
9991,hydro_prod,Trollhättan,2012.0,1497446.0,21.689125690396658,Linear
9992,hydro_prod,Trollhättan,2013.0,1408735.0,18.130630387810623,Linear
9993,hydro_prod,Trollhättan,2014.0,1320024.0,14.33771227053825,Linear
9994,hydro_prod,Trollhättan,2015.0,1231313.0,10.286417754228072,Linear
9995,hydro_prod,Trollhättan,2016.0,1142602.0,5.9494147080701705,Linear
9996,hydro_prod,Trollhättan,2017.0,868216.0,-16.55089063273885,Linear
9997,hydro_prod,Trollhättan,2018.0,858197.8,-14.384533785268482,Linear
9998,hydro_prod,Trollhättan,2019.0,848179.6,-12.047326133045031,Linear
9999,hydro_prod,Trollhättan,2020.0,838161.4,-9.51822661951462,Linear
10000,hydro_prod,Trollhättan,2021.0,828143.2,-6.772591210864226,Linear
10001,hydro_prod,Trollhättan,2022.0,818125.0,-3.781367208093199,Linear
10002,hydro_prod,Tyresö,2005.0,951.0,-15.252275100701334,Linear
10003,hydro_prod,Tyresö,2006.0,1266.0,13.511696046880148,Linear
10004,hydro_prod,Tyresö,2007.0,1033.0,-6.8070650258665655,Linear
10005,hydro_prod,Tyresö,2008.0,1327.0,20.46085451797069,Linear
10006,hydro_prod,Tyresö,2011.0,872.0,-19.337780888726282,Linear
10007,hydro_prod,Tyresö,2012.0,1744.0,62.35324431367167,Linear
10008,hydro_prod,Tyresö,2013.0,794.0,-25.610187108013026,Linear
10009,hydro_prod,Tyresö,2014.0,838.2857142857143,-20.953728025863537,Linear
10010,hydro_prod,Tyresö,2015.0,882.5714285714286,-16.23671973476535,Linear
10011,hydro_prod,Tyresö,2016.0,926.8571428571428,-11.457973499144606,Linear
10012,hydro_prod,Tyresö,2017.0,971.1428571428572,-6.616269261231272,Linear
10013,hydro_prod,Tyresö,2018.0,1015.4285714285714,-1.7103546025735181,Linear
10014,hydro_prod,Tyresö,2019.0,1059.7142857142858,3.26105633603727,Linear
10015,hydro_prod,Tyresö,2020.0,1104.0,8.299283978191557,Linear
10016,hydro_prod,Tyresö,2021.0,1389.0,37.17883431322673,Linear
10017,hydro_prod,Tyresö,2022.0,794.0,-21.049734547843165,Linear
10018,hydro_prod,Uddevalla,2012.0,1921.0,-47.20417749350455,Linear
10019,hydro_prod,Uddevalla,2013.0,3842.0,2.1294900050243597,Linear
10020,hydro_prod,Uddevalla,2014.0,5763.0,48.330743888282576,Linear
10021,hydro_prod,Uddevalla,2015.0,4983.0,24.30830218803206,Linear
10022,hydro_prod,Uddevalla,2016.0,4397.0,6.415232161084712,Linear
10023,hydro_prod,Uddevalla,2017.0,3609.0,-15.187574773544302,Linear
10024,hydro_prod,Uddevalla,2018.0,3626.0,-17.188486197389746,Linear
10025,hydro_prod,Uddevalla,2019.0,3621.0,-19.56843074537305,Linear
10026,hydro_prod,Uddevalla,2020.0,5161.0,11.581732129937887,Linear
10027,hydro_prod,Uddevalla,2021.0,5583.0,17.57014427052816,Linear
10028,hydro_prod,Uddevalla,2022.0,4302.0,-11.699507389164145,Linear
10029,hydro_prod,Umeå,2005.0,2688812.0,30.216324926220757,Linear
10030,hydro_prod,Umeå,2006.0,1972129.0,-5.662657332965287,Linear
10031,hydro_prod,Umeå,2007.0,2562398.0,21.088666066836886,Linear
10032,hydro_prod,Umeå,2008.0,436796.0,-79.6057450209229,Linear
10033,hydro_prod,Umeå,2009.0,2312358.0,6.688774909935574,Linear
10034,hydro_prod,Umeå,2010.0,2272363.0,3.618319908983658,Linear
10035,hydro_prod,Umeå,2011.0,2605969.0,17.457991592838074,Linear
10036,hydro_prod,Umeå,2012.0,2928646.0,30.494629352355883,Linear
10037,hydro_prod,Umeå,2013.0,2091774.0,-7.84697806794879,Linear
10038,hydro_prod,Umeå,2014.0,2136114.5,-6.944131132752256,Linear
10039,hydro_prod,Umeå,2015.0,2180455.0,-6.061219791083798,Linear
10040,hydro_prod,Umeå,2016.0,2224795.5,-5.197590962080135,Linear
10041,hydro_prod,Umeå,2017.0,2269136.0,-4.352619782910745,Linear
10042,hydro_prod,Umeå,2018.0,2313476.5,-3.525708101026443,Linear
10043,hydro_prod,Umeå,2019.0,2357817.0,-2.7162830620586402,Linear
10044,hydro_prod,Umeå,2020.0,2474932.5,1.0474897191250503,Linear
10045,hydro_prod,Umeå,2021.0,2592048.0,4.733318538665855,Linear
10046,hydro_prod,Umeå,2022.0,2668672.0,6.724282662236446,Linear
10047,hydro_prod,Uppvidinge,2005.0,1749.0,-36.88754897957412,Linear
10048,hydro_prod,Uppvidinge,2006.0,2295.0,-18.05377684178213,Linear
10049,hydro_prod,Uppvidinge,2008.0,3345.0,16.9840744567354,Linear
10050,hydro_prod,Uppvidinge,2009.0,2045.0,-29.2078104866248,Linear
10051,hydro_prod,Uppvidinge,2010.0,2958.0,1.3669823554404015,Linear
10052,hydro_prod,Uppvidinge,2011.0,3871.0,31.332387944770275,Linear
10053,hydro_prod,Uppvidinge,2012.0,3735.0,25.467929017947853,Linear
10054,hydro_prod,Uppvidinge,2013.0,3564.0,18.55382162561249,Linear
10055,hydro_prod,Uppvidinge,2014.0,3848.0,26.76230534314342,Linear
10056,hydro_prod,Uppvidinge,2015.0,3556.0,16.020487253074027,Linear
10057,hydro_prod,Uppvidinge,2016.0,3211.5,3.785962035595531,Linear
10058,hydro_prod,Uppvidinge,2017.0,2867.0,-8.218474172939844,Linear
10059,hydro_prod,Uppvidinge,2018.0,2846.0,-9.739492669055476,Linear
10060,hydro_prod,Uppvidinge,2019.0,2914.0,-8.435863009525814,Linear
10061,hydro_prod,Uppvidinge,2020.0,2914.0,-9.27324270262961,Linear
10062,hydro_prod,Uppvidinge,2021.0,2914.0,-10.095445052858343,Linear
10063,hydro_prod,Uppvidinge,2022.0,2914.0,-10.902878983930488,Linear
10064,hydro_prod,Vaggeryd,2005.0,1145.0,-17.231075302005816,Linear
10065,hydro_prod,Vaggeryd,2006.0,1185.0,-15.828937522904868,Linear
10066,hydro_prod,Vaggeryd,2007.0,1666.0,16.314375851694177,Linear
10067,hydro_prod,Vaggeryd,2008.0,1749.0,20.057418682057193,Linear
10068,hydro_prod,Vaggeryd,2009.0,1564.0,5.58430446040928,Linear
10069,hydro_prod,Vaggeryd,2011.0,723.0,-52.752399608621445,Linear
10070,hydro_prod,Vaggeryd,2012.0,2357.0,51.60341875440555,Linear
10071,hydro_prod,Vaggeryd,2013.0,1408.0,-10.840486984394815,Linear
10072,hydro_prod,Vaggeryd,2014.0,1654.0,3.1384293371285787,Linear
10073,hydro_prod,Vaggeryd,2015.0,1673.6666666666667,2.795746138716963,Linear
10074,hydro_prod,Vaggeryd,2016.0,1693.3333333333333,2.4632142329004827,Linear
10075,hydro_prod,Vaggeryd,2017.0,1713.0,2.1403891360542877,Linear
10076,hydro_prod,Vaggeryd,2018.0,1732.6666666666667,1.8268519407571793,Linear
10077,hydro_prod,Vaggeryd,2019.0,1752.3333333333333,1.5222075022636794,Linear
10078,hydro_prod,Vaggeryd,2020.0,1772.0,1.2260827771381089,Linear
10079,hydro_prod,Vaggeryd,2021.0,1728.0,-2.648699246180745,Linear
10080,hydro_prod,Vaggeryd,2022.0,1624.0,-9.752339956656261,Linear
10081,hydro_prod,Valdemarsvik,2005.0,297.0,-1.751313485114044,Linear
10082,hydro_prod,Valdemarsvik,2006.0,260.0,-10.174012447604944,Linear
10083,hydro_prod,Valdemarsvik,2007.0,245.0,-11.42538146631863,Linear
10084,hydro_prod,Valdemarsvik,2008.0,228.0,-13.55691226896442,Linear
10085,hydro_prod,Valdemarsvik,2009.0,148.0,-41.01512132223625,Linear
10086,hydro_prod,Valdemarsvik,2010.0,361.0,51.63850881798863,Linear
10087,hydro_prod,Valdemarsvik,2011.0,302.0,34.09076069213432,Linear
10088,hydro_prod,Valdemarsvik,2012.0,178.0,-16.18599175985874,Linear
10089,hydro_prod,Valdemarsvik,2013.0,303.0,51.85731132075716,Linear
10090,hydro_prod,Valdemarsvik,2014.0,160.0,-14.293591712945275,Linear
10091,hydro_prod,Valdemarsvik,2015.0,326.0,87.53066576431635,Linear
10092,hydro_prod,Valdemarsvik,2016.0,1.0,-99.37885361954784,Linear
10093,hydro_prod,Valdemarsvik,2017.0,166.0,12.050823903118067,Linear
10094,hydro_prod,Valdemarsvik,2018.0,224.0,65.5562197706615,Linear
10095,hydro_prod,Valdemarsvik,2019.0,28.0,-77.13462231295772,Linear
10096,hydro_prod,Valdemarsvik,2020.0,65.0,-40.699000469573996,Linear
10097,hydro_prod,Valdemarsvik,2021.0,100.0,3.343465045596362,Linear
10098,hydro_prod,Vansbro,2005.0,98470.0,4.470546892661158,Linear
10099,hydro_prod,Vansbro,2006.0,91170.0,-5.390070680203647,Linear
10100,hydro_prod,Vansbro,2007.0,93765.0,-4.779994921469219,Linear
10101,hydro_prod,Vansbro,2008.0,88737.0,-11.774545419484905,Linear
10102,hydro_prod,Vansbro,2009.0,85967.0,-16.283042130487495,Linear
10103,hydro_prod,Vansbro,2010.0,82875.0,-20.917435657840265,Linear
10104,hydro_prod,Vansbro,2011.0,113045.0,5.744998432311967,Linear
10105,hydro_prod,Vansbro,2012.0,130677.0,19.87476928591068,Linear
10106,hydro_prod,Vansbro,2013.0,133536.5,20.1741827626173,Linear
10107,hydro_prod,Vansbro,2014.0,136396.0,20.462448327965735,Linear
10108,hydro_prod,Vansbro,2015.0,135974.0,17.894983355229037,Linear
10109,hydro_prod,Vansbro,2016.0,109187.0,-7.029563477959846,Linear
10110,hydro_prod,Vansbro,2017.0,114671.0,-4.081596171481823,Linear
10111,hydro_prod,Vansbro,2018.0,116736.5,-4.045698380671478,Linear
10112,hydro_prod,Vansbro,2019.0,118802.0,-4.01102333921939,Linear
10113,hydro_prod,Vansbro,2020.0,134057.0,6.500812815260361,Linear
10114,hydro_prod,Vansbro,2021.0,132622.0,3.625494935941323,Linear
10115,hydro_prod,Vansbro,2022.0,102427.0,-21.26443662803597,Linear
10116,hydro_prod,Vara,2005.0,1663.0,-38.82136034284001,Linear
10117,hydro_prod,Vara,2006.0,2265.0,-13.9250267793253,Linear
10118,hydro_prod,Vara,2007.0,2616.5,2.8262058631554177,Linear
10119,hydro_prod,Vara,2008.0,2968.0,20.761217681796452,Linear
10120,hydro_prod,Vara,2009.0,2735.5,15.378097991238024,Linear
10121,hydro_prod,Vara,2010.0,2503.0,9.585635500569598,Linear
10122,hydro_prod,Vara,2011.0,3120.0,41.997849485261604,Linear
10123,hydro_prod,Vara,2012.0,2774.0,31.44587861691191,Linear
10124,hydro_prod,Vara,2013.0,2018.0,-0.27339144105644725,Linear
10125,hydro_prod,Vara,2014.0,1832.2,-5.395290693109474,Linear
10126,hydro_prod,Vara,2015.0,1646.4,-10.998090565371186,Linear
10127,hydro_prod,Vara,2016.0,1460.6,-17.15285563597593,Linear
10128,hydro_prod,Vara,2017.0,1274.8,-23.9453779167144,Linear
10129,hydro_prod,Vara,2018.0,1089.0,-31.480200460678564,Linear
10130,hydro_prod,Vara,2019.0,1275.0,-15.140274945121208,Linear
10131,hydro_prod,Vara,2020.0,1467.0,3.62822938440273,Linear
10132,hydro_prod,Vara,2021.0,1467.0,10.400749920781559,Linear
10133,hydro_prod,Vara,2022.0,1467.0,18.12039138500663,Linear
10134,hydro_prod,Varberg,2005.0,6444.0,83.19479172208298,Linear
10135,hydro_prod,Varberg,2006.0,2884.0,-15.686142982981648,Linear
10136,hydro_prod,Varberg,2007.0,445.0,-86.61065550100462,Linear
10137,hydro_prod,Varberg,2008.0,3156.0,-2.185755005195566,Linear
10138,hydro_prod,Varberg,2009.0,2944.0,-5.92774881494652,Linear
10139,hydro_prod,Varberg,2010.0,2932.0,-3.3139382469189855,Linear
10140,hydro_prod,Varberg,2011.0,3250.0,10.714410433680252,Linear
10141,hydro_prod,Varberg,2012.0,3641.0,28.273505860384567,Linear
10142,hydro_prod,Varberg,2013.0,3028.0,10.452430546842246,Linear
10143,hydro_prod,Varberg,2014.0,2415.0,-8.676221115154155,Linear
10144,hydro_prod,Varberg,2015.0,1802.0,-29.2618398732382,Linear
10145,hydro_prod,Varberg,2016.0,2225.0,-9.198806682878157,Linear
10146,hydro_prod,Varberg,2017.0,2557.0,8.651595687146035,Linear
10147,hydro_prod,Varberg,2018.0,2073.0,-8.127153909071248,Linear
10148,hydro_prod,Varberg,2019.0,2146.0,-0.6189310837789976,Linear
10149,hydro_prod,Varberg,2020.0,2052.0,-0.501880404377497,Linear
10150,hydro_prod,Varberg,2021.0,2702.0,37.48284683695714,Linear
10151,hydro_prod,Varberg,2022.0,1777.0,-4.887897008603548,Linear
10152,hydro_prod,Vetlanda,2005.0,11149.0,-88.2339519736289,Linear
10153,hydro_prod,Vetlanda,2006.0,12749.0,-85.78253433787197,Linear
10154,hydro_prod,Vetlanda,2007.0,14380.0,-82.99977240665109,Linear
10155,hydro_prod,Vetlanda,2008.0,16011.0,-79.86108899756931,Linear
10156,hydro_prod,Vetlanda,2009.0,619031.0,731.8239010514443,Linear
10157,hydro_prod,Vetlanda,2010.0,16645.0,-75.9930961828015,Linear
10158,hydro_prod,Vetlanda,2011.0,18771.0,-70.78440326198134,Linear
10159,hydro_prod,Vetlanda,2012.0,14586.5,-75.34633062293788,Linear
10160,hydro_prod,Vetlanda,2013.0,10402.0,-80.76600956913235,Linear
10161,hydro_prod,Vetlanda,2014.0,32403.0,-33.86744394134658,Linear
10162,hydro_prod,Vetlanda,2015.0,24656.0,-43.85230319092266,Linear
10163,hydro_prod,Vetlanda,2016.0,16909.0,-56.45204623554039,Linear
10164,hydro_prod,Vetlanda,2017.0,17769.0,-47.34200999848063,Linear
10165,hydro_prod,Vetlanda,2018.0,18629.0,-34.9997125041722,Linear
10166,hydro_prod,Vetlanda,2019.0,18007.0,-23.620117602581754,Linear
10167,hydro_prod,Vetlanda,2020.0,24034.0,29.9747348896389,Linear
10168,hydro_prod,Vetlanda,2021.0,23639.0,76.31844069272987,Linear
10169,hydro_prod,Vetlanda,2022.0,17935.0,115.49500186730508,Linear
10170,hydro_prod,Vilhelmina,2005.0,700589.0,10.981570703664607,Linear
10171,hydro_prod,Vilhelmina,2006.0,452960.0,-28.40534315595934,Linear
10172,hydro_prod,Vilhelmina,2007.0,688112.0,8.521364502419859,Linear
10173,hydro_prod,Vilhelmina,2008.0,677560.0,6.620659812765278,Linear
10174,hydro_prod,Vilhelmina,2009.0,525701.0,-17.458562074371777,Linear
10175,hydro_prod,Vilhelmina,2010.0,687421.0,7.69555090104911,Linear
10176,hydro_prod,Vilhelmina,2011.0,759989.0,18.802648557252585,Linear
10177,hydro_prod,Vilhelmina,2012.0,699878.0,9.165927364122947,Linear
10178,hydro_prod,Vilhelmina,2013.0,639767.0,-0.428593363374527,Linear
10179,hydro_prod,Vilhelmina,2014.0,619646.3333333334,-3.7708133614215398,Linear
10180,hydro_prod,Vilhelmina,2015.0,599525.6666666666,-7.098461153479393,Linear
10181,hydro_prod,Vilhelmina,2016.0,579405.0,-10.411631835294227,Linear
10182,hydro_prod,Vilhelmina,2017.0,642833.0,-0.8200543412420994,Linear
10183,hydro_prod,Vilhelmina,2018.0,706261.0,8.729975236784838,Linear
10184,hydro_prod,Vilhelmina,2019.0,649597.0,-0.20966666743423315,Linear
10185,hydro_prod,Vilhelmina,2020.0,649597.0,-0.4248657961150836,Linear
10186,hydro_prod,Vilhelmina,2021.0,649597.0,-0.6391387627355789,Linear
10187,hydro_prod,Vilhelmina,2022.0,649597.0,-0.8524915334050377,Linear
10188,hydro_prod,Vimmerby,2014.0,90.66666666666669,-52.30859146698891,Linear
10189,hydro_prod,Vimmerby,2015.0,181.33333333333331,-34.200181433325575,Linear
10190,hydro_prod,Vimmerby,2016.0,272.0,-24.66533312818099,Linear
10191,hydro_prod,Vimmerby,2017.0,615.0,37.72939346810822,Linear
10192,hydro_prod,Vimmerby,2018.0,833.0,56.57894736842105,Linear
10193,hydro_prod,Vimmerby,2019.0,654.0,5.915695712803156,Linear
10194,hydro_prod,Vimmerby,2020.0,572.0,-18.62799336126082,Linear
10195,hydro_prod,Vimmerby,2021.0,884.0,12.123454180316445,Linear
10196,hydro_prod,Vimmerby,2022.0,686.0,-21.500317863955683,Linear
10197,hydro_prod,Vindeln,2005.0,658100.0,19.748629046808805,Linear
10198,hydro_prod,Vindeln,2006.0,442495.0,-19.39298697418669,Linear
10199,hydro_prod,Vindeln,2007.0,587433.0,7.129516748102019,Linear
10200,hydro_prod,Vindeln,2008.0,526375.0,-3.897883876299959,Linear
10201,hydro_prod,Vindeln,2010.0,549177.0,0.4906044038396706,Linear
10202,hydro_prod,Vindeln,2011.0,554076.0,1.5011564862182931,Linear
10203,hydro_prod,Vindeln,2012.0,682448.0,25.158485926704177,Linear
10204,hydro_prod,Vindeln,2013.0,480048.0,-11.861625804651183,Linear
10205,hydro_prod,Vindeln,2014.0,479884.6666666667,-11.79211032571885,Linear
10206,hydro_prod,Vindeln,2015.0,479721.3333333333,-11.722437656539503,Linear
10207,hydro_prod,Vindeln,2016.0,479558.0,-11.652607263345454,Linear
10208,hydro_prod,Vindeln,2017.0,508070.0,-6.293869985670445,Linear
10209,hydro_prod,Vindeln,2018.0,536582.0,-0.9229741490711652,Linear
10210,hydro_prod,Vindeln,2019.0,571785.0,5.6969825749179055,Linear
10211,hydro_prod,Vindeln,2020.0,571785.0,5.817164382608498,Linear
10212,hydro_prod,Vindeln,2021.0,571785.0,5.937619804706657,Linear
10213,hydro_prod,Vindeln,2022.0,571785.0,6.058349776672177,Linear
10214,hydro_prod,Vingåker,2006.0,395.0,-70.88592349937369,Linear
10215,hydro_prod,Vingåker,2007.0,935.0,-30.65126391592156,Linear
10216,hydro_prod,Vingåker,2008.0,1534.0,14.496041212369315,Linear
10217,hydro_prod,Vingåker,2009.0,998.0,-25.036268259933465,Linear
10218,hydro_prod,Vingåker,2010.0,1353.0,2.2802059349585115,Linear
10219,hydro_prod,Vingåker,2011.0,1585.0,20.59075821429944,Linear
10220,hydro_prod,Vingåker,2012.0,1698.3333333333333,30.051901642134123,Linear
10221,hydro_prod,Vingåker,2013.0,1811.6666666666667,39.636632922679695,Linear
10222,hydro_prod,Vingåker,2014.0,1925.0,49.34738955823345,Linear
10223,hydro_prod,Vingåker,2015.0,2723.0,112.65673531160789,Linear
10224,hydro_prod,Vingåker,2016.0,1512.0,18.868535313311206,Linear
10225,hydro_prod,Vingåker,2017.0,404.0,-68.02582267087722,Linear
10226,hydro_prod,Vingåker,2018.0,1243.0,-0.9597858578702816,Linear
10227,hydro_prod,Vingåker,2019.0,892.0,-28.44375817601717,Linear
10228,hydro_prod,Vingåker,2020.0,1237.0,-0.08868758215412377,Linear
10229,hydro_prod,Vingåker,2021.0,1324.0,7.675175740502555,Linear
10230,hydro_prod,Vingåker,2022.0,342.0,-71.9936200732192,Linear
10231,hydro_prod,Vänersborg,2005.0,143394.0,-22.309616234051514,Linear
10232,hydro_prod,Vänersborg,2006.0,172848.0,-5.24361836043261,Linear
10233,hydro_prod,Vänersborg,2007.0,194219.0,7.746813626778675,Linear
10234,hydro_prod,Vänersborg,2008.0,215026.0,20.735383143684246,Linear
10235,hydro_prod,Vänersborg,2009.0,158023.0,-10.18300316647075,Linear
10236,hydro_prod,Vänersborg,2010.0,162802.0,-6.31761296785933,Linear
10237,hydro_prod,Vänersborg,2011.0,161805.0,-5.720533900549969,Linear
10238,hydro_prod,Vänersborg,2012.0,193236.0,14.027303625301155,Linear
10239,hydro_prod,Vänersborg,2013.0,163328.0,-2.378037507981149,Linear
10240,hydro_prod,Vänersborg,2014.0,210629.0,27.53911350944845,Linear
10241,hydro_prod,Vänersborg,2015.0,215828.0,32.41754066376496,Linear
10242,hydro_prod,Vänersborg,2016.0,153497.0,-4.560914631808093,Linear
10243,hydro_prod,Vänersborg,2017.0,115762.0,-27.044297606518192,Linear
10244,hydro_prod,Vänersborg,2018.0,132542.0,-15.317449966959002,Linear
10245,hydro_prod,Vänersborg,2019.0,144223.0,-6.566053905132947,Linear
10246,hydro_prod,Vänersborg,2020.0,161790.5,6.30111969917769,Linear
10247,hydro_prod,Vänersborg,2021.0,179358.0,19.538431371494404,Linear
10248,hydro_prod,Vänersborg,2022.0,113786.0,-23.057293044225315,Linear
10249,hydro_prod,Vännäs,2005.0,1446420.0,18.876194082504682,Linear
10250,hydro_prod,Vännäs,2006.0,976573.0,-19.60518639151877,Linear
10251,hydro_prod,Vännäs,2007.0,1290006.0,6.37488433738224,Linear
10252,hydro_prod,Vännäs,2008.0,1177961.0,-2.702083036324286,Linear
10253,hydro_prod,Vännäs,2010.0,1230190.0,1.9527598450880055,Linear
10254,hydro_prod,Vännäs,2011.0,1224045.0,1.613892977476696,Linear
10255,hydro_prod,Vännäs,2012.0,1513452.0,25.85036942794683,Linear
10256,hydro_prod,Vännäs,2013.0,1033507.0,-13.91437589210247,Linear
10257,hydro_prod,Vännäs,2014.0,1045240.0,-12.790091328045916,Linear
10258,hydro_prod,Vännäs,2015.0,1056973.0,-11.662004087857952,Linear
10259,hydro_prod,Vännäs,2016.0,1068706.0,-10.530094846126108,Linear
10260,hydro_prod,Vännäs,2017.0,1129211.0,-5.304322361325997,Linear
10261,hydro_prod,Vännäs,2018.0,1189716.0,-0.06078457540493091,Linear
10262,hydro_prod,Vännäs,2019.0,1250291.0,5.206499449794584,Linear
10263,hydro_prod,Vännäs,2020.0,1250291.0,5.385937100002246,Linear
10264,hydro_prod,Vännäs,2021.0,1250291.0,5.565987884953541,Linear
10265,hydro_prod,Vännäs,2022.0,1250291.0,5.746654952630099,Linear
10266,hydro_prod,Värnamo,2005.0,10591.0,-2.2136443817397535,Linear
10267,hydro_prod,Värnamo,2006.0,10513.0,-7.637770760104436,Linear
10268,hydro_prod,Värnamo,2007.0,13956.0,16.943554958976026,Linear
10269,hydro_prod,Värnamo,2008.0,13489.0,8.036747322853014,Linear
10270,hydro_prod,Värnamo,2009.0,8403.0,-35.54583089209026,Linear
10271,hydro_prod,Värnamo,2010.0,13182.0,-2.993461083342297,Linear
10272,hydro_prod,Värnamo,2011.0,15100.0,6.786390072064126,Linear
10273,hydro_prod,Värnamo,2012.0,15866.5,7.994272902710403,Linear
10274,hydro_prod,Värnamo,2013.0,16633.0,9.114738896550774,Linear
10275,hydro_prod,Värnamo,2014.0,17399.5,10.156946439000597,Linear
10276,hydro_prod,Värnamo,2015.0,18166.0,11.12881775814835,Linear
10277,hydro_prod,Värnamo,2016.0,16402.0,-2.937550685876736,Linear
10278,hydro_prod,Värnamo,2017.0,14638.0,-16.11462806344104,Linear
10279,hydro_prod,Värnamo,2018.0,16456.333333333332,-8.584088123309709,Linear
10280,hydro_prod,Värnamo,2019.0,18274.666666666668,-1.501327961107748,Linear
10281,hydro_prod,Värnamo,2020.0,20093.0,5.172438007781547,Linear
10282,hydro_prod,Värnamo,2021.0,20093.0,2.2210589831552956,Linear
10283,hydro_prod,Värnamo,2022.0,20093.0,-0.5691966481968725,Linear
10284,hydro_prod,Västervik,2005.0,17411.0,-9.89983847355629,Linear
10285,hydro_prod,Västervik,2006.0,19469.0,2.7663901850158474,Linear
10286,hydro_prod,Västervik,2007.0,19073.0,2.7320706931440983,Linear
10287,hydro_prod,Västervik,2008.0,16136.0,-11.275481934112186,Linear
10288,hydro_prod,Västervik,2009.0,12023.0,-32.483467622403786,Linear
10289,hydro_prod,Västervik,2010.0,24715.0,41.8091743847217,Linear
10290,hydro_prod,Västervik,2011.0,19902.0,16.732676674397766,Linear
10291,hydro_prod,Västervik,2012.0,18097.0,8.559826459388367,Linear
10292,hydro_prod,Västervik,2013.0,16402.0,0.6817840628855679,Linear
10293,hydro_prod,Västervik,2014.0,17018.0,6.952132496369639,Linear
10294,hydro_prod,Västervik,2015.0,13692.5,-11.846988104499149,Linear
10295,hydro_prod,Västervik,2016.0,10367.0,-31.5868141609025,Linear
10296,hydro_prod,Västervik,2017.0,14537.0,-1.606644898494518,Linear
10297,hydro_prod,Västervik,2018.0,18196.0,26.40296581788203,Linear
10298,hydro_prod,Västervik,2019.0,14722.0,5.036410860930608,Linear
10299,hydro_prod,Västervik,2020.0,10658.0,-21.84470653049578,Linear
10300,hydro_prod,Västervik,2021.0,22178.0,67.28250042575414,Linear
10301,hydro_prod,Västervik,2022.0,5228.0,-59.40575401645498,Linear
10302,hydro_prod,Västerås,2005.0,3771.0,-6.816769602927489,Linear
10303,hydro_prod,Västerås,2006.0,5229.0,26.922541252509706,Linear
10304,hydro_prod,Västerås,2007.0,3765.0,-10.203326319611012,Linear
10305,hydro_prod,Västerås,2008.0,6117.0,43.39713127015549,Linear
10306,hydro_prod,Västerås,2009.0,5884.0,35.6152282288676,Linear
10307,hydro_prod,Västerås,2010.0,3383.0,-23.31781763197718,Linear
10308,hydro_prod,Västerås,2011.0,2158.0,-51.880688337224356,Linear
10309,hydro_prod,Västerås,2012.0,2946.5,-35.35053987793606,Linear
10310,hydro_prod,Västerås,2013.0,3735.0,-19.34136033631437,Linear
10311,hydro_prod,Västerås,2014.0,4523.5,-3.82890328152121,Linear
10312,hydro_prod,Västerås,2015.0,5312.0,11.209596097448307,Linear
10313,hydro_prod,Västerås,2016.0,5312.0,9.536245951616493,Linear
10314,hydro_prod,Västerås,2017.0,5312.0,7.912506500823073,Linear
10315,hydro_prod,Västerås,2018.0,5312.0,6.336203720600503,Linear
10316,hydro_prod,Västerås,2019.0,5312.0,4.805288783596255,Linear
10317,hydro_prod,Västerås,2020.0,5312.0,3.317829175213182,Linear
10318,hydro_prod,Västerås,2021.0,5312.0,1.872000555210278,Linear
10319,hydro_prod,Västerås,2022.0,5312.0,0.4660792932056159,Linear
10320,hydro_prod,Växjö,2005.0,6533.0,-2.320758339918842,Linear
10321,hydro_prod,Växjö,2006.0,5148.0,-28.722651668731373,Linear
10322,hydro_prod,Växjö,2008.0,2976.0,-64.10582119844199,Linear
10323,hydro_prod,Växjö,2009.0,8104.0,-8.173213237394856,Linear
10324,hydro_prod,Växjö,2010.0,9014.0,-3.6923118873779477,Linear
10325,hydro_prod,Växjö,2011.0,13550.0,36.95364496626444,Linear
10326,hydro_prod,Växjö,2012.0,13550.0,29.936980055441992,Linear
10327,hydro_prod,Växjö,2013.0,13550.0,23.604255972594565,Linear
10328,hydro_prod,Växjö,2014.0,13550.0,17.860120447461743,Linear
10329,hydro_prod,Växjö,2015.0,13550.0,12.626158919070333,Linear
10330,hydro_prod,Växjö,2016.0,13550.0,7.837293577934,Linear
10331,hydro_prod,Växjö,2017.0,13550.0,3.4390636158734127,Linear
10332,hydro_prod,Växjö,2018.0,13550.0,-0.6144550428649347,Linear
10333,hydro_prod,Växjö,2019.0,13550.0,-4.36225933194233,Linear
10334,hydro_prod,Växjö,2020.0,13550.0,-7.83767768394142,Linear
10335,hydro_prod,Växjö,2021.0,13550.0,-11.069363864735369,Linear
10336,hydro_prod,Växjö,2022.0,13550.0,-14.08208879763462,Linear
10337,hydro_prod,Vårgårda,2005.0,3843.0,42.22625745922384,Linear
10338,hydro_prod,Vårgårda,2006.0,3299.5,14.615566896349566,Linear
10339,hydro_prod,Vårgårda,2007.0,2756.0,-9.801255771779717,Linear
10340,hydro_prod,Vårgårda,2008.0,4712.0,45.78323788851701,Linear
10341,hydro_prod,Vårgårda,2010.0,169.0,-95.2867525936238,Linear
10342,hydro_prod,Vårgårda,2011.0,3522.0,-6.388526230074698,Linear
10343,hydro_prod,Vårgårda,2012.0,3771.0,-4.266996202742978,Linear
10344,hydro_prod,Vårgårda,2013.0,4020.0,-2.327651404348856,Linear
10345,hydro_prod,Vårgårda,2014.0,4269.0,-0.5479903990266233,Linear
10346,hydro_prod,Vårgårda,2015.0,4518.0,1.0909292769176886,Linear
10347,hydro_prod,Vårgårda,2016.0,4767.0,2.6051679878364635,Linear
10348,hydro_prod,Vårgårda,2017.0,5016.0,4.008432052805752,Linear
10349,hydro_prod,Vårgårda,2018.0,5265.0,5.312489804432899,Linear
10350,hydro_prod,Vårgårda,2019.0,5348.5,3.3301317889283615,Linear
10351,hydro_prod,Vårgårda,2020.0,5432.0,1.478666490703038,Linear
10352,hydro_prod,Vårgårda,2021.0,5779.0,4.5108330919711195,Linear
10353,hydro_prod,Vårgårda,2022.0,5779.0,1.2741828648609839,Linear
10354,hydro_prod,Ydre,2009.0,122235.0,-53.98049074783666,Linear
10355,hydro_prod,Ydre,2010.0,589563.0,147.50696368082413,Linear
10356,hydro_prod,Ydre,2011.0,495289.0,134.9729583479555,Linear
10357,hydro_prod,Ydre,2012.0,1690.0,-99.07836862301032,Linear
10358,hydro_prod,Ydre,2013.0,1176.0,-99.24593852395954,Linear
10359,hydro_prod,Ydre,2014.0,892.3333333333333,-99.3057955113469,Linear
10360,hydro_prod,Ydre,2015.0,608.6666666666666,-99.39810689720899,Linear
10361,hydro_prod,Ydre,2016.0,325.0,-99.55908491262761,Linear
10362,hydro_prod,Ydre,2017.0,2658.0,-94.25859630871273,Linear
10363,hydro_prod,Ydre,2018.0,3174.0,-83.18879089756739,Linear
10364,hydro_prod,Ydre,2019.0,2803.0,132.8420932821112,Linear
10365,hydro_prod,Ydre,2020.0,2077.0,105.77749802273043,Linear
10366,hydro_prod,Ydre,2021.0,574.0,100.90586491080107,Linear
10367,hydro_prod,Ydre,2022.0,785.0,100.86472891155154,Linear
10368,hydro_prod,Älmhult,2005.0,12161.0,5.459307868633174,Linear
10369,hydro_prod,Älmhult,2006.0,12554.0,9.066325108906682,Linear
10370,hydro_prod,Älmhult,2007.0,11551.0,0.536211981054807,Linear
10371,hydro_prod,Älmhult,2008.0,11001.0,-4.075193388931766,Linear
10372,hydro_prod,Älmhult,2009.0,9158.0,-19.998763123333465,Linear
10373,hydro_prod,Älmhult,2010.0,5719.0,-49.948750941558025,Linear
10374,hydro_prod,Älmhult,2011.0,16736.0,46.739394805114785,Linear
10375,hydro_prod,Älmhult,2012.0,14326.0,25.84087036641536,Linear
10376,hydro_prod,Älmhult,2013.0,9639.0,-15.173423511242207,Linear
10377,hydro_prod,Älmhult,2014.0,11517.0,1.541601160852674,Linear
10378,hydro_prod,Älmhult,2015.0,12928.0,14.193703646984174,Linear
10379,hydro_prod,Älmhult,2016.0,9428.0,-16.566960935461307,Linear
10380,hydro_prod,Älmhult,2017.0,10819.0,-4.07875898219918,Linear
10381,hydro_prod,Älmhult,2018.0,11358.333333333334,0.8911256124752012,Linear
10382,hydro_prod,Älmhult,2019.0,11897.666666666666,5.879616681475154,Linear
10383,hydro_prod,Älmhult,2020.0,12437.0,10.886818910379313,Linear
10384,hydro_prod,Älmhult,2021.0,11185.0,-0.08848746628835602,Linear
10385,hydro_prod,Älmhult,2022.0,9933.0,-11.105115735749512,Linear
10386,hydro_prod,Älvdalen,2005.0,809082.0,-11.928063165608464,Linear
10387,hydro_prod,Älvdalen,2006.0,974011.0,4.866108464922689,Linear
10388,hydro_prod,Älvdalen,2007.0,861806.0,-8.217689117686305,Linear
10389,hydro_prod,Älvdalen,2008.0,985401.0,3.8224907573051934,Linear
10390,hydro_prod,Älvdalen,2009.0,934442.0,-2.58867059852423,Linear
10391,hydro_prod,Älvdalen,2010.0,1014136.0,4.611794739646462,Linear
10392,hydro_prod,Älvdalen,2011.0,984862.0,0.5390579832029727,Linear
10393,hydro_prod,Älvdalen,2012.0,1047785.0,5.865205938366853,Linear
10394,hydro_prod,Älvdalen,2013.0,1047785.0,4.790182032563351,Linear
10395,hydro_prod,Älvdalen,2014.0,1047785.0,3.7367716280540475,Linear
10396,hydro_prod,Älvdalen,2015.0,1047785.0,2.704329398467344,Linear
10397,hydro_prod,Älvdalen,2016.0,1047785.0,1.69223545475903,Linear
10398,hydro_prod,Älvdalen,2017.0,1047785.0,0.6998941040904956,Linear
10399,hydro_prod,Älvdalen,2018.0,1047785.0,-0.2732673193309168,Linear
10400,hydro_prod,Älvdalen,2019.0,1047785.0,-1.2277995562665536,Linear
10401,hydro_prod,Älvdalen,2020.0,1047785.0,-2.1642324617705677,Linear
10402,hydro_prod,Älvdalen,2021.0,1047785.0,-3.083075985952454,Linear
10403,hydro_prod,Älvdalen,2022.0,1047785.0,-3.984821099987573,Linear
10404,hydro_prod,Älvkarleby,2005.0,653269.0,28.42457616607256,Linear
10405,hydro_prod,Älvkarleby,2006.0,790480.0,49.939782883055464,Linear
10406,hydro_prod,Älvkarleby,2007.0,571717.0,4.764277989736305,Linear
10407,hydro_prod,Älvkarleby,2008.0,813720.0,44.21607272698137,Linear
10408,hydro_prod,Älvkarleby,2009.0,275134.0,-52.78743520744524,Linear
10409,hydro_prod,Älvkarleby,2010.0,270754.0,-54.97002784588963,Linear
10410,hydro_prod,Älvkarleby,2011.0,225000.0,-63.697631455815305,Linear
10411,hydro_prod,Älvkarleby,2012.0,396281.25,-37.91745377382642,Linear
10412,hydro_prod,Älvkarleby,2013.0,567562.5,-13.591004254045272,Linear
10413,hydro_prod,Älvkarleby,2014.0,738843.75,9.401307527188688,Linear
10414,hydro_prod,Älvkarleby,2015.0,910125.0,31.166304675632244,Linear
10415,hydro_prod,Älvkarleby,2016.0,900349.3333333334,26.384289821940833,Linear
10416,hydro_prod,Älvkarleby,2017.0,890573.6666666666,21.84460062199237,Linear
10417,hydro_prod,Älvkarleby,2018.0,880798.0,17.529272688314652,Linear
10418,hydro_prod,Älvkarleby,2019.0,871022.3333333334,13.42207449048692,Linear
10419,hydro_prod,Älvkarleby,2020.0,861246.6666666666,9.508303334422056,Linear
10420,hydro_prod,Älvkarleby,2021.0,851471.0,5.774609503361324,Linear
10421,hydro_prod,Älvkarleby,2022.0,521313.0,-36.695860071374106,Linear
10422,hydro_prod,Åmål,2005.0,3043.0,-35.83052755351845,Linear
10423,hydro_prod,Åmål,2006.0,1767.0,-62.78048659587018,Linear
10424,hydro_prod,Åmål,2008.0,4665.0,-1.9601335266844235,Linear
10425,hydro_prod,Åmål,2009.0,7236.0,51.90039919142896,Linear
10426,hydro_prod,Åmål,2010.0,5738.0,20.31804003713886,Linear
10427,hydro_prod,Åmål,2011.0,4534.0,-5.035317414492608,Linear
10428,hydro_prod,Åmål,2012.0,5508.666666666667,15.249234806849573,Linear
10429,hydro_prod,Åmål,2013.0,6483.333333333333,35.48818020111898,Linear
10430,hydro_prod,Åmål,2014.0,7458.0,55.681672405946806,Linear
10431,hydro_prod,Åmål,2015.0,6552.0,36.6160097260597,Linear
10432,hydro_prod,Åmål,2016.0,3324.0,-30.768798734426074,Linear
10433,hydro_prod,Åmål,2017.0,3794.5,-21.057822931251817,Linear
10434,hydro_prod,Åmål,2018.0,4265.0,-11.368558787747764,Linear
10435,hydro_prod,Åmål,2019.0,4265.0,-11.46752859921552,Linear
10436,hydro_prod,Åmål,2020.0,4265.0,-11.566277629026368,Linear
10437,hydro_prod,Åmål,2021.0,4265.0,-11.664806615136044,Linear
10438,hydro_prod,Åmål,2022.0,4265.0,-11.763116292215313,Linear
10439,hydro_prod,Ånge,2005.0,1405132.0,1.1438515769610655,Linear
10440,hydro_prod,Ånge,2006.0,1271682.0,-7.735420411052416,Linear
10441,hydro_prod,Ånge,2007.0,1131267.0,-17.266177004698925,Linear
10442,hydro_prod,Ånge,2008.0,1302003.0,-4.0114875138265065,Linear
10443,hydro_prod,Ånge,2009.0,1459526.0,8.47675289061919,Linear
10444,hydro_prod,Ånge,2010.0,1545582.0,15.814564767426695,Linear
10445,hydro_prod,Ånge,2011.0,1389938.0,5.012752075774972,Linear
10446,hydro_prod,Ånge,2012.0,1631925.0,24.323140430648433,Linear
10447,hydro_prod,Ånge,2013.0,1215085.0,-6.654415709373919,Linear
10448,hydro_prod,Ånge,2014.0,1319052.0,2.1915686024936445,Linear
10449,hydro_prod,Ånge,2015.0,1537548.0,20.13763301681255,Linear
10450,hydro_prod,Ånge,2016.0,1060556.0,-16.417957613211247,Linear
10451,hydro_prod,Ånge,2017.0,825677.0,-34.36267970346002,Linear
10452,hydro_prod,Ånge,2018.0,1191004.0,-4.4901822153896145,Linear
10453,hydro_prod,Ånge,2019.0,1209618.5,-2.1387413270210103,Linear
10454,hydro_prod,Ånge,2020.0,1228233.0,0.25470261764141383,Linear
10455,hydro_prod,Ånge,2021.0,1472634.0,21.287228853192985,Linear
10456,hydro_prod,Ånge,2022.0,1135767.0,-5.606730914686962,Linear
10457,hydro_prod,Åre,2005.0,1233712.0,34.68091096317875,Linear
10458,hydro_prod,Åre,2006.0,909275.0,-2.9263208083218943,Linear
10459,hydro_prod,Åre,2007.0,1104557.0,15.377115401905236,Linear
10460,hydro_prod,Åre,2008.0,305382.0,-68.77499032658154,Linear
10461,hydro_prod,Åre,2009.0,1022955.0,2.432345402702249,Linear
10462,hydro_prod,Åre,2010.0,1065332.0,4.513622512634181,Linear
10463,hydro_prod,Åre,2011.0,1071212.0,3.0028255024775365,Linear
10464,hydro_prod,Åre,2012.0,1111158.0,4.762710379869381,Linear
10465,hydro_prod,Åre,2013.0,1151104.0,6.455345949185121,Linear
10466,hydro_prod,Åre,2014.0,1191050.0,8.084514573460678,Linear
10467,hydro_prod,Åre,2015.0,1230996.0,9.653720189222263,Linear
10468,hydro_prod,Åre,2016.0,1034095.0,-9.550219041553202,Linear
10469,hydro_prod,Åre,2017.0,1073678.25,-7.754874386308814,Linear
10470,hydro_prod,Åre,2018.0,1113261.5,-6.02215171011178,Linear
10471,hydro_prod,Åre,2019.0,1152844.75,-4.3488307736112874,Linear
10472,hydro_prod,Åre,2020.0,1192428.0,-2.7319084110642127,Linear
10473,hydro_prod,Åre,2021.0,1292921.0,3.7175737448544623,Linear
10474,hydro_prod,Åre,2022.0,1393414.0,9.956766548001902,Linear
10475,hydro_prod,Årjäng,2005.0,13409.0,-12.004424073205996,Linear
10476,hydro_prod,Årjäng,2006.0,17046.0,12.368525842207498,Linear
10477,hydro_prod,Årjäng,2007.0,3189.0,-78.8824594948689,Linear
10478,hydro_prod,Årjäng,2008.0,19862.0,32.12571711514058,Linear
10479,hydro_prod,Årjäng,2009.0,17093.0,14.226603553326095,Linear
10480,hydro_prod,Årjäng,2010.0,17418.0,16.934041134242168,Linear
10481,hydro_prod,Årjäng,2011.0,17012.0,14.736326989322778,Linear
10482,hydro_prod,Årjäng,2012.0,19374.0,31.27349269559775,Linear
10483,hydro_prod,Årjäng,2013.0,14811.0,0.8239410317464292,Linear
10484,hydro_prod,Årjäng,2014.0,16977.0,16.11042966666786,Linear
10485,hydro_prod,Årjäng,2015.0,14316.333333333334,-1.6254805004141937,Linear
10486,hydro_prod,Årjäng,2016.0,11655.666666666668,-19.529238169235022,Linear
10487,hydro_prod,Årjäng,2017.0,8995.0,-37.603237357939214,Linear
10488,hydro_prod,Årjäng,2018.0,12813.0,-10.69383736642643,Linear
10489,hydro_prod,Årjäng,2019.0,15736.5,10.209332538937783,Linear
10490,hydro_prod,Årjäng,2020.0,18660.0,31.314140459352824,Linear
10491,hydro_prod,Årjäng,2021.0,16819.0,18.93228398114005,Linear
10492,hydro_prod,Årjäng,2022.0,8616.0,-38.77691456153829,Linear
10493,hydro_prod,Åsele,2005.0,480460.0,13.7854190678623,Linear
10494,hydro_prod,Åsele,2006.0,348959.0,-17.478137102621734,Linear
10495,hydro_prod,Åsele,2007.0,484036.0,14.297953074170938,Linear
10496,hydro_prod,Åsele,2008.0,421733.0,-0.5590033951474099,Linear
10497,hydro_prod,Åsele,2009.0,460657.0,8.460992020877994,Linear
10498,hydro_prod,Åsele,2010.0,470124.0,10.52925755272745,Linear
10499,hydro_prod,Åsele,2011.0,399385.0,-6.238093748499957,Linear
10500,hydro_prod,Åsele,2012.0,395343.2,-7.321346963042346,Linear
10501,hydro_prod,Åsele,2013.0,391301.4,-8.401467987702596,Linear
10502,hydro_prod,Åsele,2014.0,387259.6,-9.478470387799803,Linear
10503,hydro_prod,Åsele,2015.0,383217.8,-10.552367650432025,Linear
10504,hydro_prod,Åsele,2016.0,379176.0,-11.623173185039207,Linear
10505,hydro_prod,Åsele,2017.0,417203.5,-2.8996504005972095,Linear
10506,hydro_prod,Åsele,2018.0,455231.0,5.798829639579004,Linear
10507,hydro_prod,Åsele,2019.0,455231.0,5.647188176532128,Linear
10508,hydro_prod,Åsele,2020.0,455231.0,5.49598078674746,Linear
10509,hydro_prod,Åsele,2021.0,455231.0,5.345205609088734,Linear
10510,hydro_prod,Åsele,2022.0,455231.0,5.194860793043812,Linear
10511,hydro_prod,Åtvidaberg,2005.0,3095.0,-19.143439442180018,Linear
10512,hydro_prod,Åtvidaberg,2006.0,3774.0,2.940040034988512,Linear
10513,hydro_prod,Åtvidaberg,2007.0,3095.0,-11.688950966034788,Linear
10514,hydro_prod,Åtvidaberg,2008.0,2715.0,-18.788037374868942,Linear
10515,hydro_prod,Åtvidaberg,2009.0,2619.0,-17.68161670035057,Linear
10516,hydro_prod,Åtvidaberg,2010.0,4933.0,63.34463134485113,Linear
10517,hydro_prod,Åtvidaberg,2011.0,2929.0,2.468443302405116,Linear
10518,hydro_prod,Åtvidaberg,2012.0,3378.0,25.255534225782107,Linear
10519,hydro_prod,Åtvidaberg,2013.0,2647.0,4.404445896538086,Linear
10520,hydro_prod,Åtvidaberg,2014.0,2591.0,9.150876434339573,Linear
10521,hydro_prod,Åtvidaberg,2015.0,3005.0,35.83613645043229,Linear
10522,hydro_prod,Åtvidaberg,2016.0,1017.0,-50.40645510423949,Linear
10523,hydro_prod,Åtvidaberg,2017.0,1724.0,-8.740380868441711,Linear
10524,hydro_prod,Åtvidaberg,2018.0,2431.0,40.718559177955946,Linear
10525,hydro_prod,Åtvidaberg,2019.0,983.0,-37.228911269348444,Linear
10526,hydro_prod,Åtvidaberg,2020.0,1069.0,-23.88497839444067,Linear
10527,hydro_prod,Åtvidaberg,2021.0,2025.0,62.925520078557206,Linear
10528,hydro_prod,Åtvidaberg,2022.0,152.0,-85.94343193986276,Linear
10529,hydro_prod,Ödeshög,2011.0,324.0,,Linear
10530,hydro_prod,Ödeshög,2012.0,372.0,,Linear
10531,hydro_prod,Ödeshög,2013.0,215.0,,Linear
10532,hydro_prod,Örebro,2007.0,2023.0,-38.02195029645489,Linear
10533,hydro_prod,Örebro,2008.0,2624.333333333333,-24.31647341377092,Linear
10534,hydro_prod,Örebro,2009.0,3225.666666666667,-12.1301556279414,Linear
10535,hydro_prod,Örebro,2010.0,3827.0,-1.223677683015722,Linear
10536,hydro_prod,Örebro,2011.0,3921.0,-3.8466439295120565,Linear
10537,hydro_prod,Örebro,2012.0,6671.0,55.816748007043124,Linear
10538,hydro_prod,Örebro,2013.0,4303.0,-4.052874472314361,Linear
10539,hydro_prod,Örebro,2014.0,5014.0,6.949082664877633,Linear
10540,hydro_prod,Örebro,2015.0,6392.0,30.671314297077863,Linear
10541,hydro_prod,Örebro,2016.0,5343.0,4.865186567174892,Linear
10542,hydro_prod,Örebro,2017.0,6482.0,22.335038999655264,Linear
10543,hydro_prod,Örebro,2018.0,4827.0,-12.26849275964656,Linear
10544,hydro_prod,Örebro,2019.0,5374.0,-5.809600496530364,Linear
10545,hydro_prod,Örebro,2020.0,5410.0,-8.443431315608283,Linear
10546,hydro_prod,Örebro,2021.0,6534.0,6.898054458232281,Linear
10547,hydro_prod,Örebro,2022.0,4668.0,-26.090312485810664,Linear
10548,hydro_prod,Örnsköldsvik,2006.0,465286.0,-7.02249812689941,Linear
10549,hydro_prod,Örnsköldsvik,2007.0,479679.0,-1.7631972010513253,Linear
10550,hydro_prod,Örnsköldsvik,2008.0,445072.0,-6.526618671351793,Linear
10551,hydro_prod,Örnsköldsvik,2009.0,466034.0,0.43656753565758866,Linear
10552,hydro_prod,Örnsköldsvik,2010.0,486483.0,7.660377406386486,Linear
10553,hydro_prod,Örnsköldsvik,2011.0,476204.0,8.295105261448803,Linear
10554,hydro_prod,Örnsköldsvik,2012.0,557547.0,30.393511882409623,Linear
10555,hydro_prod,Örnsköldsvik,2013.0,414382.0,-0.25656487837023384,Linear
10556,hydro_prod,Örnsköldsvik,2014.0,389495.0,-3.4248765630389117,Linear
10557,hydro_prod,Örnsköldsvik,2015.0,364608.0,-6.789848753467702,Linear
10558,hydro_prod,Örnsköldsvik,2016.0,339721.0,-10.370378316974865,Linear
10559,hydro_prod,Örnsköldsvik,2017.0,315063.5,-14.125310031777936,Linear
10560,hydro_prod,Örnsköldsvik,2018.0,290406.0,-18.13724289234363,Linear
10561,hydro_prod,Örnsköldsvik,2019.0,341563.0,-0.30480897541836804,Linear
10562,hydro_prod,Örnsköldsvik,2020.0,341563.0,3.3576105344098868,Linear
10563,hydro_prod,Örnsköldsvik,2021.0,341563.0,7.299378780181885,Linear
10564,hydro_prod,Örnsköldsvik,2022.0,341563.0,11.553723704794782,Linear
10565,hydro_prod,Östersund,2005.0,69592.0,14.102058754127663,Linear
10566,hydro_prod,Östersund,2006.0,56399.0,-8.038901311175211,Linear
10567,hydro_prod,Östersund,2007.0,62923.0,2.03612533187144,Linear
10568,hydro_prod,Östersund,2008.0,54090.0,-12.765882645325686,Linear
10569,hydro_prod,Östersund,2009.0,65575.0,5.182977271272828,Linear
10570,hydro_prod,Östersund,2010.0,55638.0,-11.237562387448081,Linear
10571,hydro_prod,Östersund,2011.0,67291.0,6.7770416431685865,Linear
10572,hydro_prod,Östersund,2012.0,71688.0,13.147005381818827,Linear
10573,hydro_prod,Östersund,2013.0,58832.0,-7.636946194920973,Linear
10574,hydro_prod,Östersund,2014.0,58832.0,-8.124736631947957,Linear
10575,hydro_prod,Östersund,2015.0,76893.0,19.449467092476294,Linear
10576,hydro_prod,Östersund,2016.0,53700.0,-17.015666568260638,Linear
10577,hydro_prod,Östersund,2017.0,69502.0,6.845294539578795,Linear
10578,hydro_prod,Östersund,2018.0,56820.0,-13.102488315342242,Linear
10579,hydro_prod,Östersund,2019.0,63931.0,-2.73037563025877,Linear
10580,hydro_prod,Östersund,2020.0,75134.0,13.729565377184205,Linear
10581,hydro_prod,Östersund,2021.0,66370.0,-0.04806756449611099,Linear
10582,hydro_prod,Östersund,2022.0,66370.0,-0.5545383037298931,Linear
10583,hydro_prod,Östra Göinge,2005.0,58266.0,-10.058836687704925,Linear
10584,hydro_prod,Östra Göinge,2006.0,62259.0,-4.906580983507412,Linear
10585,hydro_prod,Östra Göinge,2007.0,88975.0,34.48363884972399,Linear
10586,hydro_prod,Östra Göinge,2008.0,66598.0,-0.3762497494098139,Linear
10587,hydro_prod,Östra Göinge,2009.0,47855.0,-29.144199541837434,Linear
10588,hydro_prod,Östra Göinge,2010.0,59483.0,-12.816851583067852,Linear
10589,hydro_prod,Östra Göinge,2011.0,74006.0,7.384725615231696,Linear
10590,hydro_prod,Östra Göinge,2012.0,74006.0,6.3216787695760575,Linear
10591,hydro_prod,Östra Göinge,2013.0,74006.0,5.279472713369496,Linear
10592,hydro_prod,Östra Göinge,2014.0,74006.0,4.257500527525511,Linear
10593,hydro_prod,Östra Göinge,2015.0,74006.0,3.255178632412091,Linear
10594,hydro_prod,Östra Göinge,2016.0,74006.0,2.271945676615997,Linear
10595,hydro_prod,Östra Göinge,2017.0,74006.0,1.3072614886039446,Linear
10596,hydro_prod,Östra Göinge,2018.0,74006.0,0.36060608715444264,Linear
10597,hydro_prod,Östra Göinge,2019.0,74006.0,-0.5685212532427012,Linear
10598,hydro_prod,Östra Göinge,2020.0,74006.0,-1.4806028855413753,Linear
10599,hydro_prod,Östra Göinge,2021.0,74006.0,-2.376103625137734,Linear
10600,hydro_prod,Östra Göinge,2022.0,74006.0,-3.255471539737067,Linear
10601,hydro_prod,Övertorneå,2011.0,992.0,-10.564519857598825,Linear
10602,hydro_prod,Övertorneå,2012.0,1351.0,22.197612674771648,Linear
10603,hydro_prod,Övertorneå,2013.0,843.0,-23.502236888028804,Linear
10604,hydro_prod,Övertorneå,2014.0,1015.3333333333334,-7.562495556685126,Linear
10605,hydro_prod,Övertorneå,2015.0,1187.6666666666667,8.481876713961935,Linear
10606,hydro_prod,Övertorneå,2016.0,1360.0,24.631913536930394,Linear
10607,hydro_prod,Övertorneå,2017.0,1054.0,-3.091157314038656,Linear
10608,hydro_prod,Övertorneå,2018.0,1054.0,-2.769932103709831,Linear
10609,hydro_prod,Övertorneå,2019.0,1054.0,-2.446570270934785,Linear
10610,hydro_prod,Övertorneå,2020.0,1054.0,-2.1210504270346253,Linear
10611,hydro_prod,Övertorneå,2021.0,1054.0,-1.7933508968923186,Linear
10612,hydro_prod,Övertorneå,2022.0,1054.0,-1.4634497141415124,Linear
